sentence_id,source_sid,judgement_context,candidate_order,apt_minus_inapt_nats,label_a_minus_b_nats,triple_count
1,a1e-fragment01-1,context,AI,3.7499999720603223,3.7499999720603228,1
1,a1e-fragment01-1,context,IA,3.625000102445483,-3.6250001024454823,1
1,a1e-fragment01-1,word,AI,3.000000014901161,3.000000014901161,1
1,a1e-fragment01-1,word,IA,3.499999921768904,-3.4999999217689037,1
2,a1e-fragment01-1,context,AI,-3.49999993480742,-3.4999999348074198,1
2,a1e-fragment01-1,context,IA,-2.750000074505806,2.750000074505806,1
2,a1e-fragment01-1,word,AI,1.6249999701976776,1.6249999701976776,1
2,a1e-fragment01-1,word,IA,0.375,-0.375,1
15,a1e-fragment01-7,context,AI,-0.875,-0.875,1
15,a1e-fragment01-7,context,IA,-0.7500000298023224,0.7500000298023226,1
15,a1e-fragment01-7,word,AI,-1.1249999701976776,-1.1249999701976776,1
15,a1e-fragment01-7,word,IA,-1.0000000596046448,1.0000000596046448,1
28,a1e-fragment01-15,context,AI,-0.2500000099341075,-0.2500000099341075,3
28,a1e-fragment01-15,context,IA,1.25,-1.25,3
28,a1e-fragment01-15,word,AI,0.5416666766007742,0.5416666766007742,3
28,a1e-fragment01-15,word,IA,2.1666666716337204,-2.1666666716337204,3
33,a1e-fragment01-22,context,AI,-1.1249999701976776,-1.1249999701976776,1
33,a1e-fragment01-22,context,IA,0.0,0.0,1
33,a1e-fragment01-22,word,AI,-1.875000074505806,-1.875000074505806,1
33,a1e-fragment01-22,word,IA,-2.7500000670552254,2.7500000670552254,1
37,a1e-fragment01-23,context,AI,6.125000107102096,6.125000107102096,2
37,a1e-fragment01-23,context,IA,6.06249998731073,-6.06249998731073,2
37,a1e-fragment01-23,word,AI,5.5624999810243025,5.5624999810243025,2
37,a1e-fragment01-23,word,IA,6.000000140280463,-6.000000140280463,2
40,a1e-fragment01-23,context,AI,1.7500000596046448,1.750000059604645,1
40,a1e-fragment01-23,context,IA,0.125,-0.125,1
40,a1e-fragment01-23,word,AI,-5.625000157393515,-5.625000157393515,1
40,a1e-fragment01-23,word,IA,-4.874999920837581,4.874999920837581,1
48,a1e-fragment01-28,context,AI,1.9374999366700647,1.937499936670065,2
48,a1e-fragment01-28,context,IA,2.5000000298023224,-2.5000000298023224,2
48,a1e-fragment01-28,word,AI,-0.125,-0.1250000000000001,2
48,a1e-fragment01-28,word,IA,0.125,-0.125,2
52,a1e-fragment01-29,context,AI,3.62499993480742,3.6249999348074198,1
52,a1e-fragment01-29,context,IA,5.249999912455678,-5.249999912455678,1
52,a1e-fragment01-29,word,AI,-2.6249999403953552,-2.6249999403953552,1
52,a1e-fragment01-29,word,IA,-4.625000125728548,4.625000125728548,1
72,a1f-fragment07-152,context,AI,1.166666716337204,1.166666716337204,3
72,a1f-fragment07-152,context,IA,1.3333333432674408,-1.3333333432674408,3
72,a1f-fragment07-152,word,AI,4.458333235854904,4.458333235854904,3
72,a1f-fragment07-152,word,IA,2.791666711991032,-2.791666711991032,3
117,a1f-fragment09-170,context,AI,0.8124999888241291,0.8124999888241291,2
117,a1f-fragment09-170,context,IA,1.9374999850988388,-1.9374999850988388,2
117,a1f-fragment09-170,word,AI,0.8750000223517418,0.8750000223517418,2
117,a1f-fragment09-170,word,IA,1.1250000521540642,-1.1250000521540642,2
141,a1f-fragment11-186,context,AI,1.6249999850988388,1.624999985098839,1
141,a1f-fragment11-186,context,IA,1.2499999403953552,-1.2499999403953552,1
141,a1f-fragment11-186,word,AI,1.3750000298023224,1.3750000298023224,1
141,a1f-fragment11-186,word,IA,1.1249999701976776,-1.1249999701976776,1
175,a1g-fragment27-410,context,AI,2.625000044703484,2.6250000447034836,1
175,a1g-fragment27-410,context,IA,4.124999921768904,-4.124999921768904,1
175,a1g-fragment27-410,word,AI,-1.1250000596046448,-1.1250000596046448,1
175,a1g-fragment27-410,word,IA,-1.7499999403953552,1.7499999403953552,1
178,a1g-fragment27-412,context,AI,0.6875000149011612,0.6875000149011612,2
178,a1g-fragment27-412,context,IA,1.0624999925494194,-1.0624999925494194,2
178,a1g-fragment27-412,word,AI,-1.0000000447034836,-1.0000000447034836,2
178,a1g-fragment27-412,word,IA,0.25,-0.25,2
197,a1g-fragment27-423,context,AI,4.624999793246388,4.624999793246388,1
197,a1g-fragment27-423,context,IA,7.750000148953404,-7.750000148953404,1
197,a1g-fragment27-423,word,AI,3.3749999403953552,3.3749999403953552,1
197,a1g-fragment27-423,word,IA,2.375000096857548,-2.375000096857548,1
200,a1g-fragment27-426,context,AI,3.937500089406967,3.937500089406967,2
200,a1g-fragment27-426,context,IA,3.312499964609742,-3.312499964609742,2
200,a1g-fragment27-426,word,AI,4.8749999741557986,4.8749999741557986,2
200,a1g-fragment27-426,word,IA,1.312500026077032,-1.3125000260770323,2
202,a1g-fragment27-427,context,AI,2.2499999813735485,2.2499999813735485,2
202,a1g-fragment27-427,context,IA,2.6875000298023224,-2.6875000298023224,2
202,a1g-fragment27-427,word,AI,0.5625000223517418,0.5625000223517418,2
202,a1g-fragment27-427,word,IA,-1.0000000149011612,1.0000000149011612,2
206,a1h-fragment05-71,context,AI,2.3750001043081284,2.3750001043081284,1
206,a1h-fragment05-71,context,IA,3.2500000409781933,-3.2500000409781933,1
206,a1h-fragment05-71,word,AI,0.0,0.0,1
206,a1h-fragment05-71,word,IA,0.8750000596046448,-0.8750000596046448,1
210,a1h-fragment05-73,context,AI,0.125,0.125,1
210,a1h-fragment05-73,context,IA,-0.125,0.125,1
210,a1h-fragment05-73,word,AI,-1.7499999552965164,-1.7499999552965162,1
210,a1h-fragment05-73,word,IA,-1.5000000298023224,1.5000000298023224,1
214,a1h-fragment05-74,context,AI,4.750000205822289,4.750000205822289,1
214,a1h-fragment05-74,context,IA,5.37500003259629,-5.37500003259629,1
214,a1h-fragment05-74,word,AI,2.7500000670552254,2.7500000670552254,1
214,a1h-fragment05-74,word,IA,3.749999897554517,-3.749999897554517,1
223,a1h-fragment05-77,context,AI,3.1249999962747097,3.12499999627471,1
223,a1h-fragment05-77,context,IA,4.125000124797225,-4.125000124797225,1
223,a1h-fragment05-77,word,AI,4.00000018067658,4.0000001806765795,1
223,a1h-fragment05-77,word,IA,4.75000009033829,-4.75000009033829,1
237,a1h-fragment05-80,context,AI,-0.6249999403953552,-0.6249999403953552,1
237,a1h-fragment05-80,context,IA,0.5,-0.5,1
237,a1h-fragment05-80,word,AI,0.8749999701976776,0.8749999701976776,1
237,a1h-fragment05-80,word,IA,0.5,-0.5,1
243,a1h-fragment05-81,context,AI,-0.7499999701976776,-0.7499999701976776,1
243,a1h-fragment05-81,context,IA,1.2499999701976776,-1.2499999701976776,1
243,a1h-fragment05-81,word,AI,-2.999999932944774,-2.9999999329447746,1
243,a1h-fragment05-81,word,IA,-1.8749999105930328,1.8749999105930328,1
256,a1h-fragment05-87,context,AI,-1.1250000298023224,-1.1250000298023224,1
256,a1h-fragment05-87,context,IA,-0.5,0.5000000000000001,1
256,a1h-fragment05-87,word,AI,-4.125000182539225,-4.125000182539225,1
256,a1h-fragment05-87,word,IA,-3.875000022351742,3.875000022351742,1
269,a1h-fragment05-90,context,AI,2.187499914318323,2.187499914318323,2
269,a1h-fragment05-90,context,IA,3.1250000596046448,-3.1250000596046448,2
269,a1h-fragment05-90,word,AI,-1.7499999776482582,-1.7499999776482582,2
269,a1h-fragment05-90,word,IA,-1.937499951571226,1.9374999515712261,2
274,a1h-fragment05-93,context,AI,0.9374999925494194,0.9374999925494193,2
274,a1h-fragment05-93,context,IA,1.000000022351742,-1.0000000223517418,2
274,a1h-fragment05-93,word,AI,-2.000000011175871,-2.000000011175871,2
274,a1h-fragment05-93,word,IA,-3.687500044703484,3.6875000447034836,2
289,a1h-fragment05-99,context,AI,3.3749998845160007,3.3749998845160007,1
289,a1h-fragment05-99,context,IA,3.624999921768904,-3.6249999217689037,1
289,a1h-fragment05-99,word,AI,-0.375,-0.375,1
289,a1h-fragment05-99,word,IA,-0.9999999701976776,0.9999999701976776,1
345,a1h-fragment06-129,context,AI,0.375,0.3750000000000001,1
345,a1h-fragment06-129,context,IA,-0.4999999701976776,0.4999999701976777,1
345,a1h-fragment06-129,word,AI,0.375,0.375,1
345,a1h-fragment06-129,word,IA,-0.375,0.375,1
357,a1h-fragment06-133,context,AI,-1.7500000447034836,-1.7500000447034836,1
357,a1h-fragment06-133,context,IA,-1.7499999701976776,1.7499999701976776,1
357,a1h-fragment06-133,word,AI,-1.25,-1.2500000000000002,1
357,a1h-fragment06-133,word,IA,-1.3749999552965164,1.3749999552965164,1
403,a1j-fragment33-499,context,AI,0.0625,0.0625,2
403,a1j-fragment33-499,context,IA,0.0,0.0,2
403,a1j-fragment33-499,word,AI,-0.6874999701976776,-0.6874999701976776,2
403,a1j-fragment33-499,word,IA,-1.187500026077032,1.187500026077032,2
406,a1j-fragment33-500,context,AI,-0.25,-0.25,1
406,a1j-fragment33-500,context,IA,1.25,-1.25,1
406,a1j-fragment33-500,word,AI,1.8749999850988388,1.8749999850988388,1
406,a1j-fragment33-500,word,IA,1.25,-1.2499999999999998,1
428,a1j-fragment33-507,context,AI,3.4999999068677425,3.4999999068677425,1
428,a1j-fragment33-507,context,IA,5.499999891966581,-5.499999891966581,1
428,a1j-fragment33-507,word,AI,3.8750000689178714,3.8750000689178705,1
428,a1j-fragment33-507,word,IA,2.249999918043613,-2.2499999180436134,1
452,a1j-fragment33-516,context,AI,0.75,0.7499999999999998,1
452,a1j-fragment33-516,context,IA,2.1249999701976776,-2.1249999701976776,1
452,a1j-fragment33-516,word,AI,-4.499999929219484,-4.499999929219484,1
452,a1j-fragment33-516,word,IA,-3.625000085681677,3.625000085681677,1
490,a1j-fragment34-535,context,AI,3.249999899417162,3.249999899417162,1
490,a1j-fragment34-535,context,IA,3.2499999664723878,-3.2499999664723873,1
490,a1j-fragment34-535,word,AI,3.2499998919665813,3.2499998919665813,1
490,a1j-fragment34-535,word,IA,1.6249999850988388,-1.6249999850988388,1
493,a1j-fragment34-536,context,AI,-3.3750001154839997,-3.3750001154839993,1
493,a1j-fragment34-536,context,IA,-2.6250000298023224,2.6250000298023224,1
493,a1j-fragment34-536,word,AI,-0.6250000596046448,-0.6250000596046448,1
493,a1j-fragment34-536,word,IA,-2.3749999552965164,2.3749999552965164,1
496,a1j-fragment34-538,context,AI,3.000000022351742,3.000000022351742,3
496,a1j-fragment34-538,context,IA,3.5833332900268338,-3.5833332900268338,3
496,a1j-fragment34-538,word,AI,3.0833333243305483,3.0833333243305483,3
496,a1j-fragment34-538,word,IA,5.499999971672271,-5.499999971672271,3
505,a1j-fragment34-539,context,AI,2.9999998919665813,2.9999998919665813,1
505,a1j-fragment34-539,context,IA,3.249999951571226,-3.249999951571226,1
505,a1j-fragment34-539,word,AI,3.1250000819563866,3.1250000819563866,1
505,a1j-fragment34-539,word,IA,1.3750000298023224,-1.3750000298023226,1
524,a1j-fragment34-544,context,AI,3.8749999199062586,3.8749999199062586,1
524,a1j-fragment34-544,context,IA,4.874999838881195,-4.874999838881195,1
524,a1j-fragment34-544,word,AI,3.124999977648258,3.124999977648258,1
524,a1j-fragment34-544,word,IA,1.6249999850988388,-1.6249999850988388,1
546,a1j-fragment34-552,context,AI,1.9374999608844519,1.9374999608844519,2
546,a1j-fragment34-552,context,IA,4.750000124797225,-4.750000124797225,2
546,a1j-fragment34-552,word,AI,3.9999999259598558,3.9999999259598553,2
546,a1j-fragment34-552,word,IA,3.749999923747964,-3.749999923747964,2
558,a1j-fragment34-556,context,AI,3.375000100582838,3.375000100582838,1
558,a1j-fragment34-556,context,IA,4.37500009033829,-4.37500009033829,1
558,a1j-fragment34-556,word,AI,0.75,0.7499999999999998,1
558,a1j-fragment34-556,word,IA,1.7499999552965164,-1.7499999552965162,1
562,a1j-fragment34-557,context,AI,3.875000039115548,3.875000039115548,2
562,a1j-fragment34-557,context,IA,4.562500161584467,-4.562500161584467,2
562,a1j-fragment34-557,word,AI,0.7499999552965164,0.7499999552965164,2
562,a1j-fragment34-557,word,IA,0.5000000149011612,-0.5000000149011612,2
570,a1k-fragment02-30,context,AI,3.8750000093132257,3.8750000093132257,1
570,a1k-fragment02-30,context,IA,6.374999906867743,-6.3749999068677425,1
570,a1k-fragment02-30,word,AI,3.749999981373549,3.7499999813735485,1
570,a1k-fragment02-30,word,IA,2.875000111758709,-2.875000111758709,1
593,a1k-fragment02-39,context,AI,2.562500074505806,2.562500074505806,2
593,a1k-fragment02-39,context,IA,4.312499979045242,-4.312499979045242,2
593,a1k-fragment02-39,word,AI,2.4374999962747097,2.4374999962747097,2
593,a1k-fragment02-39,word,IA,-1.1875000074505806,1.1875000074505806,2
657,a1l-fragment01-8,context,AI,0.9375,0.9375000000000001,2
657,a1l-fragment01-8,context,IA,4.000000067520887,-4.000000067520887,2
657,a1l-fragment01-8,word,AI,-4.874999933643267,-4.874999933643267,2
657,a1l-fragment01-8,word,IA,-3.937499890103936,3.937499890103936,2
675,a1l-fragment01-17,context,AI,3.5000000949949026,3.5000000949949026,1
675,a1l-fragment01-17,context,IA,3.1250000782310963,-3.1250000782310963,1
675,a1l-fragment01-17,word,AI,1.3750000149011612,1.3750000149011612,1
675,a1l-fragment01-17,word,IA,-0.375,0.375,1
683,a1l-fragment01-20,context,AI,3.499999949708581,3.499999949708581,2
683,a1l-fragment01-20,context,IA,3.1250000037252903,-3.1250000037252903,2
683,a1l-fragment01-20,word,AI,2.4374998956918716,2.4374998956918716,2
683,a1l-fragment01-20,word,IA,0.2500000111758709,-0.2500000111758709,2
752,a1m-fragment01-12,context,AI,3.3749999602635703,3.3749999602635703,3
752,a1m-fragment01-12,context,IA,1.4999999403953552,-1.4999999403953552,3
752,a1m-fragment01-12,word,AI,-0.2916666666666667,-0.2916666666666667,3
752,a1m-fragment01-12,word,IA,-2.20833337555329,2.20833337555329,3
753,a1m-fragment01-12,context,AI,-0.6249999403953552,-0.6249999403953554,1
753,a1m-fragment01-12,context,IA,0.5,-0.5,1
753,a1m-fragment01-12,word,AI,0.8750000298023224,0.8750000298023224,1
753,a1m-fragment01-12,word,IA,0.7500000298023224,-0.7500000298023224,1
759,a1m-fragment01-17,context,AI,2.999999998603016,2.999999998603016,2
759,a1m-fragment01-17,context,IA,5.750000056286808,-5.750000056286808,2
759,a1m-fragment01-17,word,AI,3.3750000363215804,3.3750000363215804,2
759,a1m-fragment01-17,word,IA,5.062499946972821,-5.062499946972821,2
770,a1m-fragment01-22,context,AI,2.6250001043081284,2.6250001043081284,1
770,a1m-fragment01-22,context,IA,3.2500000074505806,-3.2500000074505806,1
770,a1m-fragment01-22,word,AI,3.1250000037252903,3.1250000037252903,1
770,a1m-fragment01-22,word,IA,3.750000108033418,-3.7500001080334178,1
772,a1m-fragment01-23,context,AI,-0.1874999850988388,-0.18749998509883886,2
772,a1m-fragment01-23,context,IA,0.2499999701976776,-0.2499999701976775,2
772,a1m-fragment01-23,word,AI,-0.8749999850988388,-0.8749999850988388,2
772,a1m-fragment01-23,word,IA,-1.6250000214204192,1.6250000214204192,2
809,a1m-fragment01-47,context,AI,3.5937499923165888,3.5937499923165888,4
809,a1m-fragment01-47,context,IA,3.968750070896931,-3.968750070896931,4
809,a1m-fragment01-47,word,AI,1.5937499869614835,1.593749986961484,4
809,a1m-fragment01-47,word,IA,0.4687500037252903,-0.4687500037252903,4
840,a1n-fragment09-201,context,AI,-2.374999903142452,-2.3749999031424522,1
840,a1n-fragment09-201,context,IA,-2.1250000074505806,2.1250000074505806,1
840,a1n-fragment09-201,word,AI,-2.250000096857548,-2.2500000968575478,1
840,a1n-fragment09-201,word,IA,-2.125000074505806,2.1250000745058055,1
882,a1n-fragment09-213,context,AI,4.124999899417162,4.124999899417162,1
882,a1n-fragment09-213,context,IA,7.124999945983291,-7.124999945983291,1
882,a1n-fragment09-213,word,AI,3.749999927356839,3.7499999273568396,1
882,a1n-fragment09-213,word,IA,2.625000014901161,-2.625000014901161,1
901,a1n-fragment09-221,context,AI,1.6250000447034836,1.6250000447034836,1
901,a1n-fragment09-221,context,IA,1.25,-1.25,1
901,a1n-fragment09-221,word,AI,0.4999999701976776,0.4999999701976775,1
901,a1n-fragment09-221,word,IA,2.124999895691872,-2.124999895691872,1
929,a1n-fragment09-228,context,AI,1.3750000149011612,1.3750000149011612,1
929,a1n-fragment09-228,context,IA,2.499999903142452,-2.4999999031424527,1
929,a1n-fragment09-228,word,AI,3.750000108033418,3.7500001080334187,1
929,a1n-fragment09-228,word,IA,3.374999973922968,-3.374999973922968,1
996,a1n-fragment18-355,context,AI,4.124999908730388,4.124999908730388,1
996,a1n-fragment18-355,context,IA,2.249999903142452,-2.2499999031424522,1
996,a1n-fragment18-355,word,AI,3.875000031664968,3.8750000316649675,1
996,a1n-fragment18-355,word,IA,0.625,-0.625,1
999,a1n-fragment18-355,context,AI,-1.2499999701976776,-1.2499999701976776,1
999,a1n-fragment18-355,context,IA,-0.625,0.625,1
999,a1n-fragment18-355,word,AI,-6.49999986239709,-6.49999986239709,1
999,a1n-fragment18-355,word,IA,-5.625000091269612,5.625000091269612,1
1039,a1n-fragment18-370,context,AI,-0.25,-0.25,1
1039,a1n-fragment18-370,context,IA,3.125,-3.125,1
1039,a1n-fragment18-370,word,AI,-0.375,-0.375,1
1039,a1n-fragment18-370,word,IA,3.125000037252903,-3.125000037252903,1
1049,a1n-fragment18-373,context,AI,5.000000194180757,5.000000194180757,2
1049,a1n-fragment18-373,context,IA,4.375000085681677,-4.375000085681677,2
1049,a1n-fragment18-373,word,AI,2.6249999701976776,2.6249999701976776,2
1049,a1n-fragment18-373,word,IA,2.437500035390258,-2.437500035390258,2
1051,a1n-fragment18-374,context,AI,3.75000006519258,3.7500000651925802,1
1051,a1n-fragment18-374,context,IA,4.874999851919711,-4.874999851919711,1
1051,a1n-fragment18-374,word,AI,1.5000000447034836,1.5000000447034836,1
1051,a1n-fragment18-374,word,IA,0.125,-0.125,1
1060,a1p-fragment01-4,context,AI,3.7499999701976776,3.7499999701976776,1
1060,a1p-fragment01-4,context,IA,1.2500000596046448,-1.2500000596046448,1
1060,a1p-fragment01-4,word,AI,-0.375,-0.375,1
1060,a1p-fragment01-4,word,IA,-2.624999962747097,2.624999962747097,1
1062,a1p-fragment01-5,context,AI,1.083333318432172,1.083333318432172,3
1062,a1p-fragment01-5,context,IA,1.958333360652129,-1.958333360652129,3
1062,a1p-fragment01-5,word,AI,-1.4166666691501935,-1.4166666691501935,3
1062,a1p-fragment01-5,word,IA,-2.5416665840893984,2.5416665840893984,3
1081,a1p-fragment01-13,context,AI,-0.4375000223517418,-0.43750002235174174,2
1081,a1p-fragment01-13,context,IA,0.2499999850988388,-0.2499999850988388,2
1081,a1p-fragment01-13,word,AI,-0.5,-0.4999999999999999,2
1081,a1p-fragment01-13,word,IA,-0.1249999850988388,0.1249999850988388,2
1091,a1p-fragment01-15,context,AI,2.6874999972060323,2.6874999972060323,2
1091,a1p-fragment01-15,context,IA,0.5625000223517418,-0.5625000223517418,2
1091,a1p-fragment01-15,word,AI,0.1874999850988388,0.1874999850988388,2
1091,a1p-fragment01-15,word,IA,0.0625,-0.06250000000000011,2
1132,a1p-fragment03-68,context,AI,0.5625000074505806,0.5625000074505806,2
1132,a1p-fragment03-68,context,IA,2.9999999403953552,-2.9999999403953552,2
1132,a1p-fragment03-68,word,AI,-1.2500000596046448,-1.2500000596046448,2
1132,a1p-fragment03-68,word,IA,-0.5,0.5,2
1196,a1u-fragment04-61,context,AI,-2.124999985098839,-2.1249999850988393,1
1196,a1u-fragment04-61,context,IA,-1.6249999552965164,1.6249999552965164,1
1196,a1u-fragment04-61,word,AI,-3.250000044703484,-3.2500000447034836,1
1196,a1u-fragment04-61,word,IA,-3.1250000596046448,3.1250000596046448,1
1321,a1u-fragment04-128,context,AI,4.749999766238034,4.749999766238034,1
1321,a1u-fragment04-128,context,IA,4.87500018812716,-4.87500018812716,1
1321,a1u-fragment04-128,word,AI,4.875000035390258,4.875000035390258,1
1321,a1u-fragment04-128,word,IA,3.2499998919665813,-3.2499998919665813,1
1328,a1u-fragment04-134,context,AI,4.500000022351742,4.500000022351742,1
1328,a1u-fragment04-134,context,IA,3.624999998137355,-3.6249999981373553,1
1328,a1u-fragment04-134,word,AI,4.249999885447323,4.249999885447323,1
1328,a1u-fragment04-134,word,IA,4.749999988824129,-4.749999988824129,1
1333,a1u-fragment04-140,context,AI,0.8749999403953552,0.8749999403953552,1
1333,a1u-fragment04-140,context,IA,1.8749999552965164,-1.8749999552965164,1
1333,a1u-fragment04-140,word,AI,-3.250000044703484,-3.2500000447034836,1
1333,a1u-fragment04-140,word,IA,-3.1250000596046448,3.1250000596046448,1
1343,a1u-fragment04-148,context,AI,2.9999999068677425,2.9999999068677425,1
1343,a1u-fragment04-148,context,IA,2.375000096857548,-2.375000096857548,1
1343,a1u-fragment04-148,word,AI,1.1249999701976776,1.1249999701976776,1
1343,a1u-fragment04-148,word,IA,0.0,0.0,1
1347,a1u-fragment04-151,context,AI,1.3749999403953552,1.3749999403953552,1
1347,a1u-fragment04-151,context,IA,0.6249999403953552,-0.6249999403953552,1
1347,a1u-fragment04-151,word,AI,-0.125,-0.125,1
1347,a1u-fragment04-151,word,IA,0.375,-0.375,1
1379,a1x-fragment04-165,context,AI,3.1874999534338713,3.1874999534338717,2
1379,a1x-fragment04-165,context,IA,5.062500005355105,-5.062500005355105,2
1379,a1x-fragment04-165,word,AI,2.8125000330619514,2.8125000330619514,2
1379,a1x-fragment04-165,word,IA,4.125000110594556,-4.125000110594556,2
1381,a1x-fragment04-166,context,AI,3.0000000651925802,3.0000000651925802,2
1381,a1x-fragment04-166,context,IA,4.187499939464033,-4.187499939464033,2
1381,a1x-fragment04-166,word,AI,1.937499988824129,1.937499988824129,2
1381,a1x-fragment04-166,word,IA,0.6875000298023224,-0.6875000298023225,2
1390,a1x-fragment04-170,context,AI,3.875000011175871,3.875000011175871,1
1390,a1x-fragment04-170,context,IA,5.7500000786967576,-5.7500000786967576,1
1390,a1x-fragment04-170,word,AI,5.0000001061707735,5.0000001061707735,1
1390,a1x-fragment04-170,word,IA,4.375000011175871,-4.375000011175871,1
1393,a1x-fragment04-172,context,AI,1.499999945051968,1.4999999450519685,2
1393,a1x-fragment04-172,context,IA,2.437500063329935,-2.437500063329935,2
1393,a1x-fragment04-172,word,AI,-0.9375,-0.9375,2
1393,a1x-fragment04-172,word,IA,-0.4375,0.4375,2
1438,a2d-fragment05-35,context,AI,-1.7499999701976776,-1.7499999701976774,1
1438,a2d-fragment05-35,context,IA,-0.5,0.5,1
1438,a2d-fragment05-35,word,AI,-4.249999854713678,-4.249999854713678,1
1438,a2d-fragment05-35,word,IA,-4.000000089406967,4.000000089406967,1
1443,a2d-fragment05-38,context,AI,2.3125000074505806,2.3125000074505806,2
1443,a2d-fragment05-38,context,IA,2.0625000558793545,-2.0625000558793545,2
1443,a2d-fragment05-38,word,AI,1.9375,1.9375,2
1443,a2d-fragment05-38,word,IA,-1.9374999962747097,1.9374999962747097,2
1458,a2d-fragment05-46,context,AI,-0.8749999403953552,-0.8749999403953552,1
1458,a2d-fragment05-46,context,IA,0.25,-0.25,1
1458,a2d-fragment05-46,word,AI,-1.0000000596046448,-1.0000000596046448,1
1458,a2d-fragment05-46,word,IA,-0.6249999701976776,0.6249999701976778,1
1536,a31-fragment03-119,context,AI,4.583333246875554,4.583333246875554,3
1536,a31-fragment03-119,context,IA,4.8749998814115925,-4.8749998814115925,3
1536,a31-fragment03-119,word,AI,3.7500000412886343,3.7500000412886343,3
1536,a31-fragment03-119,word,IA,1.1249999503294628,-1.1249999503294628,3
1545,a31-fragment03-124,context,AI,0.0,0.0,1
1545,a31-fragment03-124,context,IA,0.8750000298023224,-0.8750000298023224,1
1545,a31-fragment03-124,word,AI,0.8750000298023224,0.8750000298023224,1
1545,a31-fragment03-124,word,IA,0.5,-0.4999999999999999,1
1568,a31-fragment03-139,context,AI,2.2916666070620217,2.2916666070620217,3
1568,a31-fragment03-139,context,IA,2.8750000254561505,-2.8750000254561505,3
1568,a31-fragment03-139,word,AI,3.5416665636003017,3.5416665636003017,3
1568,a31-fragment03-139,word,IA,3.458333366938556,-3.458333366938556,3
1577,a31-fragment03-146,context,AI,3.687499993480742,3.687499993480742,2
1577,a31-fragment03-146,context,IA,4.499999883584678,-4.499999883584678,2
1577,a31-fragment03-146,word,AI,-0.1874999701976776,-0.1874999701976775,2
1577,a31-fragment03-146,word,IA,0.5625,-0.5625,2
1595,a36-fragment07-183,context,AI,4.875000009778887,4.875000009778887,2
1595,a36-fragment07-183,context,IA,4.999999895924702,-4.999999895924702,2
1595,a36-fragment07-183,word,AI,5.437500211875886,5.437500211875886,2
1595,a36-fragment07-183,word,IA,2.437500011175871,-2.4375000111758713,2
1605,a36-fragment07-186,context,AI,-0.6250000149011612,-0.6250000149011612,2
1605,a36-fragment07-186,context,IA,-3.6874999944120646,3.6874999944120646,2
1605,a36-fragment07-186,word,AI,-2.4375,-2.4375,2
1605,a36-fragment07-186,word,IA,-2.8749999785795803,2.874999978579581,2
1618,a36-fragment07-192,context,AI,2.124999895691872,2.1249998956918716,1
1618,a36-fragment07-192,context,IA,1.3749999701976776,-1.3749999701976776,1
1618,a36-fragment07-192,word,AI,3.749999979510904,3.7499999795109034,1
1618,a36-fragment07-192,word,IA,3.7500000465661287,-3.7500000465661287,1
1625,a36-fragment07-193,context,AI,1.9687499608844519,1.9687499608844519,4
1625,a36-fragment07-193,context,IA,2.593750017695129,-2.593750017695129,4
1625,a36-fragment07-193,word,AI,-0.8124999832361935,-0.8124999832361937,4
1625,a36-fragment07-193,word,IA,-3.624999944353476,3.624999944353476,4
1627,a36-fragment07-194,context,AI,1.25,1.25,1
1627,a36-fragment07-194,context,IA,3.5000000335276127,-3.5000000335276122,1
1627,a36-fragment07-194,word,AI,-0.375,-0.375,1
1627,a36-fragment07-194,word,IA,0.0,0.0,1
1639,a36-fragment07-196,context,AI,3.624999998137355,3.624999998137355,1
1639,a36-fragment07-196,context,IA,5.625000114087015,-5.625000114087015,1
1639,a36-fragment07-196,word,AI,1.0,1.0,1
1639,a36-fragment07-196,word,IA,-1.4999999403953552,1.4999999403953552,1
1644,a36-fragment07-199,context,AI,3.499999988824129,3.499999988824129,1
1644,a36-fragment07-199,context,IA,4.875000081025064,-4.875000081025064,1
1644,a36-fragment07-199,word,AI,-0.5,-0.5,1
1644,a36-fragment07-199,word,IA,1.1249999701976776,-1.1249999701976778,1
1670,a38-fragment01-8,context,AI,4.500000038184226,4.500000038184226,1
1670,a38-fragment01-8,context,IA,3.6249999962747097,-3.62499999627471,1
1670,a38-fragment01-8,word,AI,2.0000000596046448,2.0000000596046448,1
1670,a38-fragment01-8,word,IA,2.2499999403953552,-2.2499999403953552,1
1672,a38-fragment01-9,context,AI,0.187500011175871,0.18750001117587095,4
1672,a38-fragment01-9,context,IA,2.343749950872734,-2.343749950872734,4
1672,a38-fragment01-9,word,AI,0.0625000074505806,0.06250000745058054,4
1672,a38-fragment01-9,word,IA,-0.3437500223517418,0.3437500223517418,4
1674,a38-fragment01-9,context,AI,-0.375,-0.375,1
1674,a38-fragment01-9,context,IA,-1.6250000447034836,1.6250000447034834,1
1674,a38-fragment01-9,word,AI,-3.7500000596046448,-3.750000059604645,1
1674,a38-fragment01-9,word,IA,-4.7499999003484845,4.7499999003484845,1
1689,a38-fragment01-17,context,AI,3.937500062864274,3.937500062864274,2
1689,a38-fragment01-17,context,IA,3.624999988824129,-3.624999988824129,2
1689,a38-fragment01-17,word,AI,0.0,0.0,2
1689,a38-fragment01-17,word,IA,-1.5624999701976776,1.5624999701976776,2
1693,a38-fragment01-18,context,AI,0.5000000298023224,0.5000000298023224,1
1693,a38-fragment01-18,context,IA,0.8749999403953552,-0.8749999403953552,1
1693,a38-fragment01-18,word,AI,-0.25,-0.25,1
1693,a38-fragment01-18,word,IA,-1.3750000596046448,1.3750000596046448,1
1721,a38-fragment01-33,context,AI,0.6875,0.6875,2
1721,a38-fragment01-33,context,IA,3.062500018626451,-3.062500018626452,2
1721,a38-fragment01-33,word,AI,-0.9374999850988388,-0.9374999850988387,2
1721,a38-fragment01-33,word,IA,1.3124999776482582,-1.3124999776482582,2
1730,a39-fragment01-5,context,AI,-1.5,-1.5,1
1730,a39-fragment01-5,context,IA,-1.3749999552965164,1.3749999552965164,1
1730,a39-fragment01-5,word,AI,-4.250000127591193,-4.250000127591194,1
1730,a39-fragment01-5,word,IA,-2.874999914318323,2.874999914318323,1
1735,a39-fragment01-6,context,AI,2.687500070780516,2.6875000707805157,2
1735,a39-fragment01-6,context,IA,3.1875000689178705,-3.1875000689178705,2
1735,a39-fragment01-6,word,AI,1.9375000223517418,1.9375000223517418,2
1735,a39-fragment01-6,word,IA,0.6874999701976776,-0.6874999701976776,2
1803,a3c-fragment05-222,context,AI,3.624999903142452,3.6249999031424522,1
1803,a3c-fragment05-222,context,IA,4.624999932944775,-4.624999932944775,1
1803,a3c-fragment05-222,word,AI,-4.625000100582838,-4.625000100582838,1
1803,a3c-fragment05-222,word,IA,-3.1249999701976776,3.1249999701976776,1
1823,a3c-fragment05-246,context,AI,-0.75,-0.75,1
1823,a3c-fragment05-246,context,IA,-1.1250000596046448,1.1250000596046448,1
1823,a3c-fragment05-246,word,AI,-1.875000074505806,-1.875000074505806,1
1823,a3c-fragment05-246,word,IA,-3.375000022351742,3.375000022351742,1
1832,a3e-fragment02-10,context,AI,3.625000040978193,3.6250000409781933,1
1832,a3e-fragment02-10,context,IA,5.0000001839362085,-5.0000001839362085,1
1832,a3e-fragment02-10,word,AI,-1.875000074505806,-1.875000074505806,1
1832,a3e-fragment02-10,word,IA,-3.125000111758709,3.125000111758709,1
1834,a3e-fragment02-10,context,AI,1.4999999403953552,1.4999999403953552,1
1834,a3e-fragment02-10,context,IA,0.25,-0.25,1
1834,a3e-fragment02-10,word,AI,-1.8749999850988388,-1.8749999850988388,1
1834,a3e-fragment02-10,word,IA,-5.250000011641532,5.250000011641532,1
1847,a3e-fragment02-22,context,AI,-5.875000152504072,-5.875000152504072,1
1847,a3e-fragment02-22,context,IA,-4.374999952502549,4.374999952502549,1
1847,a3e-fragment02-22,word,AI,-7.125000206753612,-7.125000206753612,1
1847,a3e-fragment02-22,word,IA,-6.500000162515789,6.500000162515789,1
1853,a3e-fragment03-23,context,AI,4.4999999683350325,4.4999999683350325,1
1853,a3e-fragment03-23,context,IA,5.124999814201146,-5.124999814201146,1
1853,a3e-fragment03-23,word,AI,3.7499999534338713,3.7499999534338713,1
1853,a3e-fragment03-23,word,IA,3.374999947845936,-3.3749999478459354,1
1861,a3e-fragment03-26,context,AI,3.125000074505806,3.125000074505806,1
1861,a3e-fragment03-26,context,IA,2.499999903142452,-2.4999999031424522,1
1861,a3e-fragment03-26,word,AI,-0.25,-0.25,1
1861,a3e-fragment03-26,word,IA,-2.125000089406967,2.125000089406967,1
1871,a3e-fragment03-31,context,AI,3.499999925494194,3.4999999254941945,1
1871,a3e-fragment03-31,context,IA,4.62499987706542,-4.62499987706542,1
1871,a3e-fragment03-31,word,AI,3.7499999534338713,3.7499999534338713,1
1871,a3e-fragment03-31,word,IA,3.374999947845936,-3.3749999478459354,1
1891,a3e-fragment03-47,context,AI,1.9375000670552256,1.9375000670552254,2
1891,a3e-fragment03-47,context,IA,2.2499999813735485,-2.2499999813735485,2
1891,a3e-fragment03-47,word,AI,-2.312499949708581,-2.312499949708581,2
1891,a3e-fragment03-47,word,IA,-1.0625,1.0625,2
1911,a3e-fragment03-55,context,AI,4.124999906867743,4.1249999068677425,1
1911,a3e-fragment03-55,context,IA,2.750000044703484,-2.7500000447034836,1
1911,a3e-fragment03-55,word,AI,3.8750000093132257,3.8750000093132257,1
1911,a3e-fragment03-55,word,IA,3.4999999534338717,-3.4999999534338713,1
1922,a3k-fragment11-115,context,AI,0.875,0.875,1
1922,a3k-fragment11-115,context,IA,1.1250000298023224,-1.1250000298023226,1
1922,a3k-fragment11-115,word,AI,2.624999910593033,2.624999910593033,1
1922,a3k-fragment11-115,word,IA,1.3749999850988388,-1.3749999850988388,1
1938,a3k-fragment11-121,context,AI,1.1249999701976776,1.1249999701976776,1
1938,a3k-fragment11-121,context,IA,1.8749999552965164,-1.8749999552965164,1
1938,a3k-fragment11-121,word,AI,-1.1250000298023224,-1.1250000298023224,1
1938,a3k-fragment11-121,word,IA,-2.625000089406967,2.625000089406967,1
1948,a3k-fragment11-127,context,AI,2.6250000819563866,2.6250000819563866,1
1948,a3k-fragment11-127,context,IA,1.8749999552965164,-1.8749999552965164,1
1948,a3k-fragment11-127,word,AI,-2.125000044703484,-2.1250000447034836,1
1948,a3k-fragment11-127,word,IA,0.25,-0.25,1
1975,a3k-fragment11-136,context,AI,1.25,1.25,1
1975,a3k-fragment11-136,context,IA,2.249999947845936,-2.249999947845936,1
1975,a3k-fragment11-136,word,AI,-2.625000074505806,-2.625000074505806,1
1975,a3k-fragment11-136,word,IA,-1.4999999403953552,1.4999999403953552,1
2001,a3k-fragment11-149,context,AI,4.374999973922968,4.374999973922968,1
2001,a3k-fragment11-149,context,IA,5.1249998062849045,-5.124999806284905,1
2001,a3k-fragment11-149,word,AI,4.749999810941517,4.749999810941517,1
2001,a3k-fragment11-149,word,IA,3.5000000428408384,-3.5000000428408384,1
2020,a3k-fragment11-158,context,AI,1.9999999776482582,1.9999999776482582,3
2020,a3k-fragment11-158,context,IA,2.5000001030663648,-2.5000001030663648,3
2020,a3k-fragment11-158,word,AI,-1.416666716337204,-1.416666716337204,3
2020,a3k-fragment11-158,word,IA,1.0833332662781079,-1.0833332662781079,3
2038,a3m-fragment02-48,context,AI,0.6875000149011612,0.6875000149011611,2
2038,a3m-fragment02-48,context,IA,1.5624999850988388,-1.5624999850988388,2
2038,a3m-fragment02-48,word,AI,0.5624999850988388,0.5624999850988388,2
2038,a3m-fragment02-48,word,IA,1.9375000409781933,-1.9375000409781933,2
2044,a3m-fragment02-50,context,AI,4.375000176019967,4.375000176019967,1
2044,a3m-fragment02-50,context,IA,3.2500001192092896,-3.2500001192092896,1
2044,a3m-fragment02-50,word,AI,2.999999951571226,2.999999951571226,1
2044,a3m-fragment02-50,word,IA,0.8749999701976776,-0.8749999701976776,1
2055,a3m-fragment02-55,context,AI,4.124999882653356,4.124999882653356,1
2055,a3m-fragment02-55,context,IA,7.250000150874257,-7.250000150874257,1
2055,a3m-fragment02-55,word,AI,4.125000035390258,4.125000035390258,1
2055,a3m-fragment02-55,word,IA,3.250000037252903,-3.250000037252903,1
2101,a3m-fragment02-77,context,AI,-1.3750000596046448,-1.3750000596046448,1
2101,a3m-fragment02-77,context,IA,-0.8749999701976776,0.8749999701976776,1
2101,a3m-fragment02-77,word,AI,-1.6250000447034836,-1.6250000447034836,1
2101,a3m-fragment02-77,word,IA,-3.6250001154839993,3.6250001154839993,1
2132,a3p-fragment09-159,context,AI,3.2499999348074198,3.2499999348074198,2
2132,a3p-fragment09-159,context,IA,5.500000016065314,-5.500000016065314,2
2132,a3p-fragment09-159,word,AI,-1.3124999552965164,-1.3124999552965164,2
2132,a3p-fragment09-159,word,IA,1.9375000894069672,-1.9375000894069674,2
2143,a3p-fragment09-172,context,AI,3.281250022817403,3.281250022817403,4
2143,a3p-fragment09-172,context,IA,4.562500051222742,-4.562500051222742,4
2143,a3p-fragment09-172,word,AI,3.8750000867294148,3.8750000867294148,4
2143,a3p-fragment09-172,word,IA,2.00000001816079,-2.00000001816079,4
2172,a3p-fragment09-188,context,AI,2.68750006146729,2.68750006146729,2
2172,a3p-fragment09-188,context,IA,3.1249999832361937,-3.1249999832361937,2
2172,a3p-fragment09-188,word,AI,0.4375000298023224,0.4375000298023224,2
2172,a3p-fragment09-188,word,IA,0.8125000149011612,-0.8125000149011612,2
2173,a3p-fragment09-188,context,AI,3.75000006146729,3.75000006146729,2
2173,a3p-fragment09-188,context,IA,5.875000056345016,-5.875000056345016,2
2173,a3p-fragment09-188,word,AI,2.5624999469146132,2.5624999469146132,2
2173,a3p-fragment09-188,word,IA,0.5624999701976776,-0.5624999701976776,2
2181,a3p-fragment09-193,context,AI,1.1249999701976776,1.1249999701976776,1
2181,a3p-fragment09-193,context,IA,-0.375,0.3749999999999999,1
2181,a3p-fragment09-193,word,AI,-1.8750001192092896,-1.8750001192092896,1
2181,a3p-fragment09-193,word,IA,-3.5,3.4999999999999996,1
2206,a4d-fragment02-80,context,AI,1.5625000521540642,1.5625000521540642,2
2206,a4d-fragment02-80,context,IA,2.624999973922968,-2.624999973922968,2
2206,a4d-fragment02-80,word,AI,2.7500000074505806,2.7500000074505806,2
2206,a4d-fragment02-80,word,IA,1.0624999925494194,-1.0624999925494194,2
2216,a4d-fragment02-90,context,AI,3.8750000642612576,3.8750000642612576,2
2216,a4d-fragment02-90,context,IA,3.312500028871,-3.312500028871,2
2216,a4d-fragment02-90,word,AI,0.7499999552965164,0.7499999552965164,2
2216,a4d-fragment02-90,word,IA,1.125,-1.125,2
2242,a4d-fragment02-107,context,AI,2.4999999925494194,2.4999999925494194,2
2242,a4d-fragment02-107,context,IA,2.1250000074505806,-2.1250000074505806,2
2242,a4d-fragment02-107,word,AI,2.312499960884452,2.312499960884452,2
2242,a4d-fragment02-107,word,IA,4.43749996938277,-4.43749996938277,2
2256,a4d-fragment02-114,context,AI,5.7500001564621925,5.7500001564621925,1
2256,a4d-fragment02-114,context,IA,4.499999820254743,-4.499999820254743,1
2256,a4d-fragment02-114,word,AI,-0.375,-0.375,1
2256,a4d-fragment02-114,word,IA,-1.125,1.125,1
2258,a4d-fragment02-116,context,AI,3.3125000474974513,3.3125000474974513,4
2258,a4d-fragment02-116,context,IA,2.6562500121071935,-2.6562500121071935,4
2258,a4d-fragment02-116,word,AI,-1.9375000833533704,-1.9375000833533704,4
2258,a4d-fragment02-116,word,IA,-1.0312499850988388,1.0312499850988388,4
2271,a4d-fragment02-124,context,AI,1.8750000596046448,1.8750000596046448,2
2271,a4d-fragment02-124,context,IA,3.4375000093132257,-3.4375000093132257,2
2271,a4d-fragment02-124,word,AI,2.1250000782310963,2.1250000782310963,2
2271,a4d-fragment02-124,word,IA,2.6875000302679837,-2.6875000302679837,2
2274,a5e-fragment06-147,context,AI,0.9374999850988388,0.9374999850988388,2
2274,a5e-fragment06-147,context,IA,2.437499985098839,-2.437499985098839,2
2274,a5e-fragment06-147,word,AI,-1.1874999701976776,-1.1874999701976776,2
2274,a5e-fragment06-147,word,IA,0.5624999850988388,-0.5624999850988388,2
2329,a5e-fragment06-179,context,AI,0.25,0.25,1
2329,a5e-fragment06-179,context,IA,2.1249999701976776,-2.1249999701976776,1
2329,a5e-fragment06-179,word,AI,4.499999768100679,4.499999768100679,1
2329,a5e-fragment06-179,word,IA,4.249999903142452,-4.249999903142452,1
2338,a5e-fragment06-184,context,AI,2.375000037252903,2.375000037252903,1
2338,a5e-fragment06-184,context,IA,1.0,-1.0,1
2338,a5e-fragment06-184,word,AI,0.25,0.25,1
2338,a5e-fragment06-184,word,IA,-2.125,2.125,1
2379,a5e-fragment06-198,context,AI,5.499999769497663,5.499999769497663,1
2379,a5e-fragment06-198,context,IA,5.374999778345227,-5.374999778345227,1
2379,a5e-fragment06-198,word,AI,-4.624999767169356,-4.624999767169356,1
2379,a5e-fragment06-198,word,IA,-5.624999803025276,5.6249998030252755,1
2385,a5e-fragment06-201,context,AI,3.62499993480742,3.62499993480742,1
2385,a5e-fragment06-201,context,IA,2.1249999403953552,-2.1249999403953552,1
2385,a5e-fragment06-201,word,AI,2.6250000596046448,2.6250000596046448,1
2385,a5e-fragment06-201,word,IA,0.125,-0.125,1
2392,a6u-fragment02-167,context,AI,1.2500000298023224,1.2500000298023224,1
2392,a6u-fragment02-167,context,IA,1.7500000447034836,-1.7500000447034836,1
2392,a6u-fragment02-167,word,AI,2.250000014901161,2.250000014901161,1
2392,a6u-fragment02-167,word,IA,1.8750001043081284,-1.8750001043081284,1
2395,a6u-fragment02-168,context,AI,3.374999973922968,3.374999973922968,1
2395,a6u-fragment02-168,context,IA,3.250000111758709,-3.250000111758709,1
2395,a6u-fragment02-168,word,AI,-0.8750000596046448,-0.8750000596046448,1
2395,a6u-fragment02-168,word,IA,-0.25,0.25,1
2399,a6u-fragment02-169,context,AI,1.2187500149011612,1.2187500149011612,4
2399,a6u-fragment02-169,context,IA,1.4062499925494194,-1.4062499925494194,4
2399,a6u-fragment02-169,word,AI,0.5312500149011612,0.5312500149011612,4
2399,a6u-fragment02-169,word,IA,0.2187500074505806,-0.2187500074505806,4
2406,a6u-fragment02-171,context,AI,3.1249998919665813,3.124999891966582,1
2406,a6u-fragment02-171,context,IA,4.50000021699816,-4.50000021699816,1
2406,a6u-fragment02-171,word,AI,0.625,0.6249999999999998,1
2406,a6u-fragment02-171,word,IA,0.6249999701976776,-0.6249999701976774,1
2418,a6u-fragment02-175,context,AI,4.791666699728618,4.791666699728618,3
2418,a6u-fragment02-175,context,IA,6.2916666878542555,-6.2916666878542555,3
2418,a6u-fragment02-175,word,AI,-0.6666666467984518,-0.6666666467984518,3
2418,a6u-fragment02-175,word,IA,-0.7499999701976776,0.7499999701976777,3
2432,a6u-fragment02-181,context,AI,3.500000100582838,3.500000100582838,1
2432,a6u-fragment02-181,context,IA,4.50000021699816,-4.50000021699816,1
2432,a6u-fragment02-181,word,AI,4.750000192783773,4.750000192783773,1
2432,a6u-fragment02-181,word,IA,1.625,-1.6250000000000002,1
2435,a6u-fragment02-182,context,AI,0.5000000298023224,0.5000000298023225,1
2435,a6u-fragment02-182,context,IA,-0.625,0.625,1
2435,a6u-fragment02-182,word,AI,-1.8749999403953552,-1.8749999403953552,1
2435,a6u-fragment02-182,word,IA,-0.375,0.375,1
2452,a6u-fragment02-187,context,AI,-0.8749999701976776,-0.8749999701976776,1
2452,a6u-fragment02-187,context,IA,0.25,-0.25,1
2452,a6u-fragment02-187,word,AI,-0.6249999403953552,-0.6249999403953552,1
2452,a6u-fragment02-187,word,IA,-0.25,0.25,1
2456,a6u-fragment02-189,context,AI,3.750000067055226,3.750000067055226,1
2456,a6u-fragment02-189,context,IA,3.1250001154839997,-3.1250001154839993,1
2456,a6u-fragment02-189,word,AI,1.3750000149011612,1.3750000149011612,1
2456,a6u-fragment02-189,word,IA,-0.375,0.375,1
2493,a6u-fragment02-206,context,AI,2.749999910593033,2.749999910593033,1
2493,a6u-fragment02-206,context,IA,1.7500000447034836,-1.7500000447034836,1
2493,a6u-fragment02-206,word,AI,2.874999888241291,2.874999888241291,1
2493,a6u-fragment02-206,word,IA,2.0000000596046448,-2.0000000596046448,1
2504,a6u-fragment02-212,context,AI,-1.1874999580904841,-1.1874999580904841,2
2504,a6u-fragment02-212,context,IA,0.7499999701976776,-0.7499999701976776,2
2504,a6u-fragment02-212,word,AI,-0.3125000074505806,-0.3125000074505807,2
2504,a6u-fragment02-212,word,IA,-0.3749999925494194,0.3749999925494193,2
2508,a6u-fragment02-213,context,AI,1.4999999850988388,1.4999999850988388,1
2508,a6u-fragment02-213,context,IA,2.000000014901161,-2.000000014901161,1
2508,a6u-fragment02-213,word,AI,0.375,0.375,1
2508,a6u-fragment02-213,word,IA,1.8749999105930328,-1.8749999105930328,1
2512,a6u-fragment02-214,context,AI,3.250000089406967,3.2500000894069676,1
2512,a6u-fragment02-214,context,IA,2.8749999925494194,-2.87499999254942,1
2512,a6u-fragment02-214,word,AI,-0.125,-0.125,1
2512,a6u-fragment02-214,word,IA,-0.7499999403953552,0.7499999403953552,1
2527,a6u-fragment02-222,context,AI,0.0,0.0,1
2527,a6u-fragment02-222,context,IA,1.2499999701976776,-1.2499999701976778,1
2527,a6u-fragment02-222,word,AI,-0.375,-0.375,1
2527,a6u-fragment02-222,word,IA,-0.8749999403953552,0.8749999403953552,1
2536,a6u-fragment02-234,context,AI,-0.25,-0.25,1
2536,a6u-fragment02-234,context,IA,-0.25,0.25,1
2536,a6u-fragment02-234,word,AI,0.0,0.0,1
2536,a6u-fragment02-234,word,IA,2.749999932944774,-2.7499999329447746,1
2544,a6u-fragment02-237,context,AI,4.749999842606485,4.749999842606485,1
2544,a6u-fragment02-237,context,IA,4.125000216066837,-4.125000216066838,1
2544,a6u-fragment02-237,word,AI,1.3750000149011612,1.3750000149011612,1
2544,a6u-fragment02-237,word,IA,-0.375,0.375,1
2561,a6u-fragment02-243,context,AI,3.2500000474974513,3.2500000474974513,2
2561,a6u-fragment02-243,context,IA,4.624999841907993,-4.624999841907993,2
2561,a6u-fragment02-243,word,AI,-0.0625,-0.0625,2
2561,a6u-fragment02-243,word,IA,-0.8124999701976776,0.8124999701976776,2
2568,a6u-fragment02-244,context,AI,3.124999910593033,3.124999910593033,1
2568,a6u-fragment02-244,context,IA,4.874999787658453,-4.874999787658453,1
2568,a6u-fragment02-244,word,AI,5.250000122003257,5.250000122003258,1
2568,a6u-fragment02-244,word,IA,6.749999960418791,-6.749999960418791,1
2580,a6u-fragment02-253,context,AI,-1.3750000149011612,-1.3750000149011612,2
2580,a6u-fragment02-253,context,IA,-1.8125000000000002,1.8125,2
2580,a6u-fragment02-253,word,AI,-4.812500041909516,-4.812500041909516,2
2580,a6u-fragment02-253,word,IA,-4.000000098720193,4.000000098720193,2
2588,a6u-fragment02-256,context,AI,2.249999932944774,2.2499999329447746,1
2588,a6u-fragment02-256,context,IA,1.125,-1.125,1
2588,a6u-fragment02-256,word,AI,-0.125,-0.125,1
2588,a6u-fragment02-256,word,IA,-1.4999999403953552,1.4999999403953552,1
2601,a6u-fragment02-259,context,AI,-0.375,-0.3749999999999999,1
2601,a6u-fragment02-259,context,IA,-2.124999888241291,2.124999888241291,1
2601,a6u-fragment02-259,word,AI,2.8750000596046448,2.8750000596046448,1
2601,a6u-fragment02-259,word,IA,-2.624999903142452,2.6249999031424522,1
2603,a6u-fragment02-259,context,AI,1.1249999701976776,1.1249999701976776,1
2603,a6u-fragment02-259,context,IA,1.4999999701976776,-1.4999999701976776,1
2603,a6u-fragment02-259,word,AI,0.25,0.25,1
2603,a6u-fragment02-259,word,IA,0.0,0.0,1
2604,a6u-fragment02-259,context,AI,0.7499999701976776,0.7499999701976776,1
2604,a6u-fragment02-259,context,IA,1.0000000298023224,-1.0000000298023224,1
2604,a6u-fragment02-259,word,AI,1.1249999403953552,1.1249999403953552,1
2604,a6u-fragment02-259,word,IA,0.375,-0.375,1
2609,a6u-fragment02-261,context,AI,-0.5,-0.4999999999999999,1
2609,a6u-fragment02-261,context,IA,-1.8750000298023224,1.8750000298023224,1
2609,a6u-fragment02-261,word,AI,0.25,0.25,1
2609,a6u-fragment02-261,word,IA,-0.8749999403953552,0.874999940395355,1
2672,a6u-fragment02-289,context,AI,0.4999999701976776,0.4999999701976776,1
2672,a6u-fragment02-289,context,IA,-0.25,0.25,1
2672,a6u-fragment02-289,word,AI,-0.125,-0.125,1
2672,a6u-fragment02-289,word,IA,-0.25,0.25,1
2745,a7s-fragment03-62,context,AI,3.000000096857548,3.0000000968575478,1
2745,a7s-fragment03-62,context,IA,2.4999999701976776,-2.4999999701976776,1
2745,a7s-fragment03-62,word,AI,1.7499999552965164,1.7499999552965169,1
2745,a7s-fragment03-62,word,IA,-1.0000000596046448,1.0000000596046448,1
2768,a7s-fragment03-78,context,AI,0.625,0.625,2
2768,a7s-fragment03-78,context,IA,2.062500014901161,-2.062500014901161,2
2768,a7s-fragment03-78,word,AI,0.8124999850988388,0.8124999850988388,2
2768,a7s-fragment03-78,word,IA,0.8750000447034836,-0.8750000447034837,2
2856,a7t-fragment01-22,context,AI,3.7500000093132257,3.750000009313226,1
2856,a7t-fragment01-22,context,IA,2.874999947845936,-2.874999947845936,1
2856,a7t-fragment01-22,word,AI,3.375000011175871,3.3750000111758713,1
2856,a7t-fragment01-22,word,IA,1.2499999701976776,-1.2499999701976776,1
2859,a7t-fragment01-23,context,AI,0.1562500260770321,0.1562500260770321,4
2859,a7t-fragment01-23,context,IA,2.687500022351742,-2.687500022351742,4
2859,a7t-fragment01-23,word,AI,0.09375,0.09375,4
2859,a7t-fragment01-23,word,IA,1.1562499813735485,-1.1562499813735485,4
2878,a7t-fragment01-28,context,AI,3.1249999552965164,3.1249999552965164,1
2878,a7t-fragment01-28,context,IA,4.749999945051968,-4.749999945051968,1
2878,a7t-fragment01-28,word,AI,-1.1250000298023224,-1.1250000298023224,1
2878,a7t-fragment01-28,word,IA,-0.5,0.5,1
2895,a7t-fragment01-33,context,AI,4.249999772757292,4.249999772757292,1
2895,a7t-fragment01-33,context,IA,5.249999766703695,-5.249999766703695,1
2895,a7t-fragment01-33,word,AI,-3.250000044703484,-3.2500000447034836,1
2895,a7t-fragment01-33,word,IA,-3.1250000596046448,3.1250000596046448,1
2903,a7t-fragment01-34,context,AI,3.6250000465661287,3.625000046566129,1
2903,a7t-fragment01-34,context,IA,2.9999999403953552,-2.9999999403953552,1
2903,a7t-fragment01-34,word,AI,-3.750000011175871,-3.7500000111758713,1
2903,a7t-fragment01-34,word,IA,-4.125000040978193,4.125000040978194,1
2937,a7w-fragment01-2,context,AI,4.000000076368451,4.000000076368451,1
2937,a7w-fragment01-2,context,IA,4.125000189989805,-4.125000189989805,1
2937,a7w-fragment01-2,word,AI,1.3750000149011612,1.3750000149011612,1
2937,a7w-fragment01-2,word,IA,-0.375,0.375,1
2961,a7w-fragment01-8,context,AI,-2.624999962747097,-2.6249999627470975,1
2961,a7w-fragment01-8,context,IA,-0.6250000596046448,0.625000059604645,1
2961,a7w-fragment01-8,word,AI,0.375,0.375,1
2961,a7w-fragment01-8,word,IA,0.125,-0.125,1
2968,a7w-fragment01-10,context,AI,3.8750000093132257,3.8750000093132257,1
2968,a7w-fragment01-10,context,IA,3.875000014901161,-3.875000014901161,1
2968,a7w-fragment01-10,word,AI,-0.75,-0.75,1
2968,a7w-fragment01-10,word,IA,-1.125,1.125,1
3005,a7w-fragment01-16,context,AI,0.8750000298023224,0.8750000298023222,1
3005,a7w-fragment01-16,context,IA,1.2500000298023224,-1.2500000298023224,1
3005,a7w-fragment01-16,word,AI,-2.250000074505806,-2.250000074505806,1
3005,a7w-fragment01-16,word,IA,-4.624999905005097,4.624999905005097,1
3016,a7w-fragment01-17,context,AI,-0.7500000298023224,-0.7500000298023224,1
3016,a7w-fragment01-17,context,IA,-2.749999888241291,2.749999888241291,1
3016,a7w-fragment01-17,word,AI,0.0,0.0,1
3016,a7w-fragment01-17,word,IA,-1.874999925494194,1.874999925494194,1
3021,a7w-fragment01-17,context,AI,2.8750000558793545,2.8750000558793545,1
3021,a7w-fragment01-17,context,IA,3.249999973922968,-3.249999973922968,1
3021,a7w-fragment01-17,word,AI,0.5,0.4999999999999999,1
3021,a7w-fragment01-17,word,IA,0.5,-0.5,1
3022,a7w-fragment01-17,context,AI,2.374999977648258,2.374999977648258,1
3022,a7w-fragment01-17,context,IA,2.875000044703484,-2.8750000447034836,1
3022,a7w-fragment01-17,word,AI,1.7500000298023224,1.7500000298023226,1
3022,a7w-fragment01-17,word,IA,1.3749999701976776,-1.3749999701976776,1
3026,a7w-fragment01-18,context,AI,2.875000085681677,2.875000085681677,1
3026,a7w-fragment01-18,context,IA,4.499999795109034,-4.499999795109034,1
3026,a7w-fragment01-18,word,AI,-0.125,-0.125,1
3026,a7w-fragment01-18,word,IA,0.7500000298023224,-0.7500000298023224,1
3052,a7w-fragment01-32,context,AI,1.2500000596046448,1.2500000596046448,1
3052,a7w-fragment01-32,context,IA,1.3750000149011612,-1.3750000149011612,1
3052,a7w-fragment01-32,word,AI,0.875,0.875,1
3052,a7w-fragment01-32,word,IA,-0.25,0.25,1
3053,a7w-fragment01-33,context,AI,2.624999993480742,2.624999993480742,2
3053,a7w-fragment01-33,context,IA,2.3750000093132257,-2.3750000093132257,2
3053,a7w-fragment01-33,word,AI,1.8124999981373549,1.8124999981373549,2
3053,a7w-fragment01-33,word,IA,1.437500048428774,-1.4375000484287737,2
3081,a7w-fragment01-46,context,AI,-0.125,-0.125,1
3081,a7w-fragment01-46,context,IA,1.8750000894069672,-1.8750000894069676,1
3081,a7w-fragment01-46,word,AI,-3.249999921768904,-3.2499999217689037,1
3081,a7w-fragment01-46,word,IA,-4.375000176951289,4.37500017695129,1
3121,a7w-fragment01-62,context,AI,1.2500000298023224,1.2500000298023224,1
3121,a7w-fragment01-62,context,IA,3.750000022351742,-3.750000022351742,1
3121,a7w-fragment01-62,word,AI,1.2499999403953552,1.2499999403953552,1
3121,a7w-fragment01-62,word,IA,3.125000011175871,-3.125000011175871,1
3127,a7w-fragment01-64,context,AI,3.6875000651925802,3.6875000651925802,2
3127,a7w-fragment01-64,context,IA,5.624999925959855,-5.624999925959855,2
3127,a7w-fragment01-64,word,AI,-0.6249999850988388,-0.6249999850988388,2
3127,a7w-fragment01-64,word,IA,-0.3749999850988388,0.3749999850988388,2
3156,a7w-fragment01-74,context,AI,0.75,0.75,1
3156,a7w-fragment01-74,context,IA,1.8749999105930328,-1.8749999105930324,1
3156,a7w-fragment01-74,word,AI,2.999999903142452,2.9999999031424522,1
3156,a7w-fragment01-74,word,IA,4.749999965541065,-4.749999965541065,1
3157,a7w-fragment01-76,context,AI,4.125000102445483,4.125000102445483,1
3157,a7w-fragment01-76,context,IA,3.1250000819563866,-3.1250000819563866,1
3157,a7w-fragment01-76,word,AI,2.0,2.0,1
3157,a7w-fragment01-76,word,IA,0.125,-0.125,1
3178,a7y-fragment03-183,context,AI,2.75,2.75,1
3178,a7y-fragment03-183,context,IA,1.3750000149011612,-1.3750000149011612,1
3178,a7y-fragment03-183,word,AI,-1.1250000596046448,-1.1250000596046448,1
3178,a7y-fragment03-183,word,IA,-1.8749999403953552,1.8749999403953552,1
3179,a7y-fragment03-183,context,AI,0.5,0.5000000000000001,1
3179,a7y-fragment03-183,context,IA,-0.875,0.8749999999999998,1
3179,a7y-fragment03-183,word,AI,-1.3750000149011612,-1.3750000149011612,1
3179,a7y-fragment03-183,word,IA,-1.7499999850988388,1.7499999850988388,1
3184,a7y-fragment03-185,context,AI,4.187499912455678,4.187499912455678,2
3184,a7y-fragment03-185,context,IA,5.187499844701961,-5.187499844701961,2
3184,a7y-fragment03-185,word,AI,3.1249999003484845,3.1249999003484845,2
3184,a7y-fragment03-185,word,IA,2.999999949708581,-2.999999949708581,2
3196,a7y-fragment03-191,context,AI,2.750000089406967,2.750000089406967,1
3196,a7y-fragment03-191,context,IA,0.125,-0.125,1
3196,a7y-fragment03-191,word,AI,-1.25,-1.25,1
3196,a7y-fragment03-191,word,IA,-2.6249999403953552,2.6249999403953552,1
3238,a7y-fragment03-208,context,AI,1.3749999403953552,1.374999940395355,1
3238,a7y-fragment03-208,context,IA,1.125,-1.1249999999999998,1
3238,a7y-fragment03-208,word,AI,1.1249999403953552,1.1249999403953552,1
3238,a7y-fragment03-208,word,IA,0.0,0.0,1
3272,a80-fragment15-283,context,AI,1.1249999701976776,1.1249999701976776,1
3272,a80-fragment15-283,context,IA,0.6250000298023224,-0.6250000298023224,1
3272,a80-fragment15-283,word,AI,0.0,0.0,1
3272,a80-fragment15-283,word,IA,-0.5,0.5,1
3289,a80-fragment15-295,context,AI,-2.3749999701976776,-2.3749999701976776,1
3289,a80-fragment15-295,context,IA,-1.125,1.125,1
3289,a80-fragment15-295,word,AI,0.25,0.25,1
3289,a80-fragment15-295,word,IA,-1.7500000596046448,1.7500000596046446,1
3294,a80-fragment15-297,context,AI,2.749999947845936,2.749999947845936,1
3294,a80-fragment15-297,context,IA,3.3749998807907104,-3.3749998807907104,1
3294,a80-fragment15-297,word,AI,-5.249999885912985,-5.249999885912985,1
3294,a80-fragment15-297,word,IA,-4.5000001061707735,4.5000001061707735,1
3311,a8m-fragment02-64,context,AI,4.062500091269612,4.062500091269612,2
3311,a8m-fragment02-64,context,IA,3.6250000530853868,-3.6250000530853868,2
3311,a8m-fragment02-64,word,AI,3.062500105239451,3.062500105239451,2
3311,a8m-fragment02-64,word,IA,0.2500000149011612,-0.2500000149011613,2
3347,a8n-fragment19-315,context,AI,2.9999999701976776,2.9999999701976776,2
3347,a8n-fragment19-315,context,IA,2.687499936670065,-2.687499936670065,2
3347,a8n-fragment19-315,word,AI,-2.125000014901161,-2.125000014901161,2
3347,a8n-fragment19-315,word,IA,-4.437500066589564,4.437500066589564,2
3374,a8n-fragment19-325,context,AI,3.124999951571226,3.124999951571226,1
3374,a8n-fragment19-325,context,IA,2.6250001192092896,-2.6250001192092896,1
3374,a8n-fragment19-325,word,AI,-1.7500000447034836,-1.7500000447034836,1
3374,a8n-fragment19-325,word,IA,-3.7499999925494194,3.749999992549419,1
3379,a8n-fragment19-328,context,AI,0.25,0.25,2
3379,a8n-fragment19-328,context,IA,0.6875000149011612,-0.6875000149011612,2
3379,a8n-fragment19-328,word,AI,3.312500066123903,3.312500066123903,2
3379,a8n-fragment19-328,word,IA,2.1874999552965164,-2.1874999552965164,2
3386,a8n-fragment19-330,context,AI,-0.6250000298023224,-0.6250000298023222,1
3386,a8n-fragment19-330,context,IA,0.5,-0.5,1
3386,a8n-fragment19-330,word,AI,-3.1250000298023224,-3.1250000298023224,1
3386,a8n-fragment19-330,word,IA,-4.249999940395355,4.249999940395355,1
3388,a8n-fragment19-333,context,AI,0.8750000298023224,0.8750000298023224,1
3388,a8n-fragment19-333,context,IA,1.75,-1.75,1
3388,a8n-fragment19-333,word,AI,-5.625000077299774,-5.625000077299774,1
3388,a8n-fragment19-333,word,IA,-4.749999816529453,4.749999816529453,1
3465,a8r-fragment02-55,context,AI,1.4374999552965164,1.4374999552965164,2
3465,a8r-fragment02-55,context,IA,1.9999999813735485,-1.9999999813735487,2
3465,a8r-fragment02-55,word,AI,2.250000048428774,2.250000048428774,2
3465,a8r-fragment02-55,word,IA,1.8749999776482582,-1.8749999776482582,2
3475,a8r-fragment02-59,context,AI,-1.5000000149011612,-1.5000000149011612,1
3475,a8r-fragment02-59,context,IA,-2.125,2.125,1
3475,a8r-fragment02-59,word,AI,-2.0,-2.0,1
3475,a8r-fragment02-59,word,IA,-4.125000173225999,4.125000173225999,1
3498,a8r-fragment02-68,context,AI,3.000000063329935,3.0000000633299346,1
3498,a8r-fragment02-68,context,IA,3.749999890103936,-3.7499998901039358,1
3498,a8r-fragment02-68,word,AI,-0.375,-0.375,1
3498,a8r-fragment02-68,word,IA,-1.8749999552965164,1.8749999552965164,1
3504,a8u-fragment14-317,context,AI,-0.25,-0.25,1
3504,a8u-fragment14-317,context,IA,-0.6250000298023224,0.6250000298023226,1
3504,a8u-fragment14-317,word,AI,-0.5,-0.5,1
3504,a8u-fragment14-317,word,IA,-1.2500000298023224,1.2500000298023224,1
3521,a8u-fragment14-319,context,AI,2.750000054948032,2.750000054948032,2
3521,a8u-fragment14-319,context,IA,3.1875000689178705,-3.1875000689178705,2
3521,a8u-fragment14-319,word,AI,1.0624999850988388,1.0624999850988388,2
3521,a8u-fragment14-319,word,IA,2.874999960884452,-2.874999960884452,2
3542,a8u-fragment14-327,context,AI,3.4999999664723878,3.4999999664723878,1
3542,a8u-fragment14-327,context,IA,3.2499999664723878,-3.2499999664723873,1
3542,a8u-fragment14-327,word,AI,1.6250000596046448,1.625000059604645,1
3542,a8u-fragment14-327,word,IA,4.375000060535967,-4.375000060535967,1
3555,a8u-fragment14-331,context,AI,2.124999962747097,2.124999962747097,1
3555,a8u-fragment14-331,context,IA,2.4999999701976776,-2.4999999701976776,1
3555,a8u-fragment14-331,word,AI,-0.7500000596046448,-0.7500000596046448,1
3555,a8u-fragment14-331,word,IA,0.125,-0.125,1
3572,a8u-fragment14-336,context,AI,5.000000057043508,5.000000057043508,2
3572,a8u-fragment14-336,context,IA,5.437499987776391,-5.437499987776391,2
3572,a8u-fragment14-336,word,AI,2.374999985098839,2.374999985098839,2
3572,a8u-fragment14-336,word,IA,0.5000000149011612,-0.5000000149011612,2
3581,a8u-fragment14-342,context,AI,-0.8749999441206455,-0.8749999441206455,2
3581,a8u-fragment14-342,context,IA,-0.8750000186264515,0.8750000186264515,2
3581,a8u-fragment14-342,word,AI,-1.3750000223517418,-1.3750000223517418,2
3581,a8u-fragment14-342,word,IA,-1.1249999925494194,1.1249999925494196,2
3592,a8u-fragment14-349,context,AI,4.124999843537808,4.1249998435378075,1
3592,a8u-fragment14-349,context,IA,3.3749999813735485,-3.3749999813735485,1
3592,a8u-fragment14-349,word,AI,-0.6250000298023224,-0.6250000298023224,1
3592,a8u-fragment14-349,word,IA,-2.124999932944774,2.1249999329447746,1
3593,a8u-fragment14-351,context,AI,3.000000044703484,3.000000044703483,1
3593,a8u-fragment14-351,context,IA,3.500000074505806,-3.500000074505806,1
3593,a8u-fragment14-351,word,AI,-1.874999895691872,-1.8749998956918716,1
3593,a8u-fragment14-351,word,IA,-2.624999977648258,2.624999977648258,1
3607,a8u-fragment14-357,context,AI,3.3749999664723878,3.3749999664723873,1
3607,a8u-fragment14-357,context,IA,1.7499999701976776,-1.7499999701976776,1
3607,a8u-fragment14-357,word,AI,1.0000000298023224,1.0000000298023224,1
3607,a8u-fragment14-357,word,IA,1.1249999701976776,-1.1249999701976776,1
3625,a98-fragment03-60,context,AI,-0.125,-0.125,1
3625,a98-fragment03-60,context,IA,-0.375,0.3750000000000001,1
3625,a98-fragment03-60,word,AI,-2.0,-2.0,1
3625,a98-fragment03-60,word,IA,-1.7499999850988388,1.7499999850988388,1
3640,a98-fragment03-66,context,AI,1.625,1.6249999999999998,1
3640,a98-fragment03-66,context,IA,1.5000000149011612,-1.5000000149011612,1
3640,a98-fragment03-66,word,AI,0.5000000298023224,0.5000000298023224,1
3640,a98-fragment03-66,word,IA,-1.25,1.25,1
3641,a98-fragment03-66,context,AI,2.124999888241291,2.124999888241291,1
3641,a98-fragment03-66,context,IA,1.3749999403953552,-1.3749999403953552,1
3641,a98-fragment03-66,word,AI,1.7500000298023224,1.7500000298023222,1
3641,a98-fragment03-66,word,IA,0.875,-0.875,1
3656,a98-fragment03-79,context,AI,1.5625000223517418,1.5625000223517418,2
3656,a98-fragment03-79,context,IA,1.0,-1.0,2
3656,a98-fragment03-79,word,AI,-1.6249999925494194,-1.6249999925494192,2
3656,a98-fragment03-79,word,IA,-4.125000021420419,4.125000021420419,2
3702,a9j-fragment01-15,context,AI,1.3749999552965164,1.3749999552965164,1
3702,a9j-fragment01-15,context,IA,1.625,-1.6249999999999998,1
3702,a9j-fragment01-15,word,AI,0.5,0.49999999999999994,1
3702,a9j-fragment01-15,word,IA,1.0,-1.0,1
3723,a9j-fragment01-17,context,AI,-1.1249999403953552,-1.1249999403953552,1
3723,a9j-fragment01-17,context,IA,0.8749999403953552,-0.8749999403953552,1
3723,a9j-fragment01-17,word,AI,-3.0000000819563866,-3.0000000819563866,1
3723,a9j-fragment01-17,word,IA,-3.62499993480742,3.6249999348074193,1
3751,a9j-fragment01-25,context,AI,3.125000096857548,3.1250000968575478,1
3751,a9j-fragment01-25,context,IA,3.624999977648258,-3.624999977648258,1
3751,a9j-fragment01-25,word,AI,-3.5000000670552254,-3.5000000670552254,1
3751,a9j-fragment01-25,word,IA,-3.8749998845160007,3.8749998845160007,1
3771,a9j-fragment01-32,context,AI,2.124999910593033,2.124999910593033,1
3771,a9j-fragment01-32,context,IA,1.5,-1.4999999999999998,1
3771,a9j-fragment01-32,word,AI,-4.6249997820705175,-4.6249997820705175,1
3771,a9j-fragment01-32,word,IA,-4.124999804422259,4.124999804422259,1
3809,a9j-fragment01-47,context,AI,4.374999904539436,4.374999904539436,2
3809,a9j-fragment01-47,context,IA,6.124999892315827,-6.124999892315827,2
3809,a9j-fragment01-47,word,AI,4.470348358154297e-08,4.470348358154297e-08,2
3809,a9j-fragment01-47,word,IA,0.25,-0.2500000000000001,2
3817,a9j-fragment01-48,context,AI,2.4999999552965164,2.499999955296517,1
3817,a9j-fragment01-48,context,IA,2.125000074505806,-2.125000074505806,1
3817,a9j-fragment01-48,word,AI,0.625,0.6250000000000002,1
3817,a9j-fragment01-48,word,IA,1.7499999403953552,-1.7499999403953552,1
3824,a9j-fragment01-50,context,AI,0.125,0.125,1
3824,a9j-fragment01-50,context,IA,1.7500000149011612,-1.7500000149011612,1
3824,a9j-fragment01-50,word,AI,-0.5,-0.5,1
3824,a9j-fragment01-50,word,IA,-0.25,0.25,1
3847,a9j-fragment01-57,context,AI,3.99999981559813,3.9999998155981302,1
3847,a9j-fragment01-57,context,IA,2.999999932944774,-2.999999932944775,1
3847,a9j-fragment01-57,word,AI,0.125,0.125,1
3847,a9j-fragment01-57,word,IA,2.000000089406967,-2.000000089406967,1
3878,a9j-fragment01-67,context,AI,3.2500001154839997,3.2500001154839993,1
3878,a9j-fragment01-67,context,IA,3.499999901279807,-3.499999901279807,1
3878,a9j-fragment01-67,word,AI,3.2499999813735485,3.2499999813735485,1
3878,a9j-fragment01-67,word,IA,4.749999810010195,-4.749999810010195,1
3919,aa3-fragment08-220,context,AI,-1.874999895691872,-1.8749998956918716,1
3919,aa3-fragment08-220,context,IA,0.8749999403953552,-0.8749999403953552,1
3919,aa3-fragment08-220,word,AI,-4.749999772757292,-4.749999772757292,1
3919,aa3-fragment08-220,word,IA,-4.249999867752194,4.249999867752194,1
3932,aa3-fragment08-227,context,AI,-0.125,-0.125,2
3932,aa3-fragment08-227,context,IA,-0.5000000149011612,0.5000000149011612,2
3932,aa3-fragment08-227,word,AI,2.7500000316649675,2.7500000316649675,2
3932,aa3-fragment08-227,word,IA,-1.1874999850988388,1.1874999850988388,2
3937,aa3-fragment08-229,context,AI,3.0000000409781933,3.0000000409781933,1
3937,aa3-fragment08-229,context,IA,3.000000074505806,-3.000000074505806,1
3937,aa3-fragment08-229,word,AI,0.7499999403953552,0.7499999403953552,1
3937,aa3-fragment08-229,word,IA,2.5000000298023224,-2.5000000298023224,1
3941,aa3-fragment08-229,context,AI,2.9375000093132257,2.9375000093132257,2
3941,aa3-fragment08-229,context,IA,1.6874999701976776,-1.6874999701976776,2
3941,aa3-fragment08-229,word,AI,1.5000000074505806,1.5000000074505806,2
3941,aa3-fragment08-229,word,IA,1.2500000149011612,-1.2500000149011612,2
3945,aa3-fragment08-231,context,AI,2.250000037252903,2.250000037252903,1
3945,aa3-fragment08-231,context,IA,0.25,-0.25,1
3945,aa3-fragment08-231,word,AI,-2.375000014901161,-2.375000014901161,1
3945,aa3-fragment08-231,word,IA,-4.624999818392098,4.624999818392098,1
3961,aa3-fragment08-237,context,AI,1.8124999962747097,1.8124999962747097,2
3961,aa3-fragment08-237,context,IA,4.250000031548552,-4.250000031548552,2
3961,aa3-fragment08-237,word,AI,2.312499960884452,2.312499960884452,2
3961,aa3-fragment08-237,word,IA,4.43749996938277,-4.43749996938277,2
3963,aa3-fragment08-238,context,AI,3.374999918043613,3.3749999180436134,1
3963,aa3-fragment08-238,context,IA,3.624999981373549,-3.6249999813735485,1
3963,aa3-fragment08-238,word,AI,2.000000074505806,2.000000074505806,1
3963,aa3-fragment08-238,word,IA,2.250000014901161,-2.250000014901161,1
3968,aa3-fragment08-241,context,AI,-0.375,-0.375,1
3968,aa3-fragment08-241,context,IA,1.3749999552965164,-1.3749999552965164,1
3968,aa3-fragment08-241,word,AI,2.249999910593033,2.249999910593033,1
3968,aa3-fragment08-241,word,IA,2.7500001043081284,-2.7500001043081284,1
3980,aa3-fragment08-246,context,AI,1.1875000149011612,1.1875000149011612,2
3980,aa3-fragment08-246,context,IA,1.937500074505806,-1.937500074505806,2
3980,aa3-fragment08-246,word,AI,-0.5,-0.5000000000000001,2
3980,aa3-fragment08-246,word,IA,-1.5625000521540642,1.5625000521540642,2
3998,ab9-fragment03-796,context,AI,3.500000085681677,3.5000000856816773,1
3998,ab9-fragment03-796,context,IA,5.125000068452209,-5.125000068452209,1
3998,ab9-fragment03-796,word,AI,2.124999888241291,2.124999888241291,1
3998,ab9-fragment03-796,word,IA,2.375000037252903,-2.375000037252903,1
3999,ab9-fragment03-796,context,AI,1.7499999552965164,1.7499999552965162,1
3999,ab9-fragment03-796,context,IA,1.5000000298023224,-1.5000000298023224,1
3999,ab9-fragment03-796,word,AI,3.625000013038516,3.6250000130385165,1
3999,ab9-fragment03-796,word,IA,3.249999947845936,-3.249999947845936,1
4020,ab9-fragment03-809,context,AI,0.7083333084980646,0.7083333084980646,3
4020,ab9-fragment03-809,context,IA,1.0833333643774192,-1.0833333643774192,3
4020,ab9-fragment03-809,word,AI,3.04166666790843,3.04166666790843,3
4020,ab9-fragment03-809,word,IA,2.1249999664723873,-2.1249999664723873,3
4025,ab9-fragment03-812,context,AI,3.749999985098839,3.749999985098839,1
4025,ab9-fragment03-812,context,IA,2.749999925494194,-2.749999925494194,1
4025,ab9-fragment03-812,word,AI,3.500000027939677,3.5000000279396777,1
4025,ab9-fragment03-812,word,IA,3.25,-3.25,1
4039,ab9-fragment03-836,context,AI,0.2500000074505806,0.2500000074505807,2
4039,ab9-fragment03-836,context,IA,-1.250000024214387,1.250000024214387,2
4039,ab9-fragment03-836,word,AI,0.5000000074505806,0.5000000074505805,2
4039,ab9-fragment03-836,word,IA,-1.9374999403953552,1.9374999403953552,2
4049,ab9-fragment03-847,context,AI,1.8750000596046448,1.8750000596046448,1
4049,ab9-fragment03-847,context,IA,0.7500000596046448,-0.7500000596046448,1
4049,ab9-fragment03-847,word,AI,-1.0,-1.0,1
4049,ab9-fragment03-847,word,IA,-0.125,0.125,1
4071,ab9-fragment03-877,context,AI,1.1249999701976776,1.1249999701976776,1
4071,ab9-fragment03-877,context,IA,1.125,-1.1249999999999998,1
4071,ab9-fragment03-877,word,AI,-4.374999985098839,-4.374999985098839,1
4071,ab9-fragment03-877,word,IA,-4.250000004656613,4.250000004656613,1
4074,ab9-fragment03-883,context,AI,2.375000014901161,2.375000014901161,1
4074,ab9-fragment03-883,context,IA,1.7499999701976776,-1.7499999701976778,1
4074,ab9-fragment03-883,word,AI,-3.875000005587936,-3.8750000055879354,1
4074,ab9-fragment03-883,word,IA,-4.749999764375389,4.749999764375389,1
4101,ab9-fragment03-904,context,AI,2.125000044703484,2.1250000447034836,1
4101,ab9-fragment03-904,context,IA,0.875,-0.875,1
4101,ab9-fragment03-904,word,AI,-2.000000044703484,-2.000000044703484,1
4101,ab9-fragment03-904,word,IA,-1.4999999701976776,1.4999999701976776,1
4125,ab9-fragment03-916,context,AI,2.0000000298023224,2.0000000298023224,1
4125,ab9-fragment03-916,context,IA,2.624999932944774,-2.6249999329447746,1
4125,ab9-fragment03-916,word,AI,-2.7500000298023224,-2.7500000298023224,1
4125,ab9-fragment03-916,word,IA,-0.7499999701976776,0.7499999701976776,1
4135,ab9-fragment03-933,context,AI,0.0,0.0,1
4135,ab9-fragment03-933,context,IA,1.0,-1.0,1
4135,ab9-fragment03-933,word,AI,-2.125000111758709,-2.125000111758709,1
4135,ab9-fragment03-933,word,IA,-2.6250000670552254,2.6250000670552254,1
4146,ab9-fragment03-937,context,AI,4.124999927356839,4.124999927356839,1
4146,ab9-fragment03-937,context,IA,6.00000021699816,-6.00000021699816,1
4146,ab9-fragment03-937,word,AI,3.000000011175871,3.000000011175871,1
4146,ab9-fragment03-937,word,IA,3.499999903142452,-3.4999999031424522,1
4148,ab9-fragment03-937,context,AI,2.374999903142452,2.3749999031424522,1
4148,ab9-fragment03-937,context,IA,4.749999976716936,-4.749999976716936,1
4148,ab9-fragment03-937,word,AI,-6.499999953666702,-6.499999953666702,1
4148,ab9-fragment03-937,word,IA,-4.749999796040356,4.749999796040356,1
4154,ab9-fragment03-940,context,AI,2.624999962747097,2.624999962747097,1
4154,ab9-fragment03-940,context,IA,3.750000005587936,-3.7500000055879354,1
4154,ab9-fragment03-940,word,AI,-1.6250000596046448,-1.6250000596046448,1
4154,ab9-fragment03-940,word,IA,-3.249999947845936,3.2499999478459363,1
4194,ab9-fragment03-956,context,AI,-1.3750000298023224,-1.3750000298023224,1
4194,ab9-fragment03-956,context,IA,2.999999925494194,-2.999999925494194,1
4194,ab9-fragment03-956,word,AI,-3.749999925494194,-3.7499999254941945,1
4194,ab9-fragment03-956,word,IA,-2.624999903142452,2.6249999031424522,1
4198,ab9-fragment03-958,context,AI,-0.5000000298023224,-0.5000000298023224,1
4198,ab9-fragment03-958,context,IA,0.375,-0.3750000000000001,1
4198,ab9-fragment03-958,word,AI,1.2499999701976776,1.2499999701976776,1
4198,ab9-fragment03-958,word,IA,-1.125,1.125,1
4210,ab9-fragment03-965,context,AI,3.937499993480742,3.937499993480742,2
4210,ab9-fragment03-965,context,IA,5.812499966123141,-5.812499966123141,2
4210,ab9-fragment03-965,word,AI,1.8124999953433871,1.8124999953433871,2
4210,ab9-fragment03-965,word,IA,1.624999988824129,-1.624999988824129,2
4211,ab9-fragment03-965,context,AI,4.7500000558793545,4.7500000558793545,1
4211,ab9-fragment03-965,context,IA,7.249999774270691,-7.249999774270691,1
4211,ab9-fragment03-965,word,AI,-6.374999953201041,-6.374999953201041,1
4211,ab9-fragment03-965,word,IA,-5.374999810941517,5.374999810941517,1
4217,ab9-fragment03-966,context,AI,0.5,0.5000000000000002,1
4217,ab9-fragment03-966,context,IA,2.8750001154839997,-2.8750001154839993,1
4217,ab9-fragment03-966,word,AI,1.25,1.25,1
4217,ab9-fragment03-966,word,IA,2.000000074505806,-2.000000074505806,1
4229,ab9-fragment03-967,context,AI,4.000000091269612,4.000000091269612,1
4229,ab9-fragment03-967,context,IA,5.87500013387762,-5.87500013387762,1
4229,ab9-fragment03-967,word,AI,4.000000108033419,4.000000108033419,1
4229,ab9-fragment03-967,word,IA,5.500000127591193,-5.500000127591194,1
4251,ab9-fragment03-974,context,AI,3.031249993480742,3.031249993480742,4
4251,ab9-fragment03-974,context,IA,4.81250000174623,-4.81250000174623,4
4251,ab9-fragment03-974,word,AI,2.4062499972060323,2.4062499972060323,4
4251,ab9-fragment03-974,word,IA,2.125000033993274,-2.125000033993274,4
4288,ab9-fragment03-990,context,AI,1.0000000298023224,1.0000000298023224,1
4288,ab9-fragment03-990,context,IA,1.999999925494194,-1.999999925494194,1
4288,ab9-fragment03-990,word,AI,-1.375,-1.375,1
4288,ab9-fragment03-990,word,IA,-2.0000001043081284,2.0000001043081284,1
4320,ab9-fragment03-1012,context,AI,0.25,0.25,1
4320,ab9-fragment03-1012,context,IA,0.5,-0.5,1
4320,ab9-fragment03-1012,word,AI,1.3750000149011612,1.3750000149011612,1
4320,ab9-fragment03-1012,word,IA,-0.375,0.375,1
4321,ab9-fragment03-1013,context,AI,3.7499999701976776,3.749999970197677,1
4321,ab9-fragment03-1013,context,IA,7.624999894876964,-7.624999894876964,1
4321,ab9-fragment03-1013,word,AI,2.625000111758709,2.625000111758709,1
4321,ab9-fragment03-1013,word,IA,0.25,-0.25,1
4336,ac2-fragment06-1270,context,AI,3.749999921768904,3.7499999217689037,1
4336,ac2-fragment06-1270,context,IA,4.999999816529453,-4.999999816529453,1
4336,ac2-fragment06-1270,word,AI,-2.124999895691872,-2.1249998956918716,1
4336,ac2-fragment06-1270,word,IA,-2.249999918043613,2.2499999180436134,1
4350,ac2-fragment06-1283,context,AI,2.1250000074505806,2.1250000074505806,2
4350,ac2-fragment06-1283,context,IA,1.812499966472387,-1.8124999664723873,2
4350,ac2-fragment06-1283,word,AI,-0.9375000149011612,-0.9375000149011612,2
4350,ac2-fragment06-1283,word,IA,-0.9375000149011612,0.9375000149011612,2
4356,ac2-fragment06-1294,context,AI,1.9375000409781935,1.9375000409781933,2
4356,ac2-fragment06-1294,context,IA,1.5624999590218065,-1.5624999590218067,2
4356,ac2-fragment06-1294,word,AI,0.6249999925494194,0.6249999925494194,2
4356,ac2-fragment06-1294,word,IA,1.8124999962747097,-1.8124999962747097,2
4390,ac2-fragment06-1361,context,AI,-0.8750000298023224,-0.8750000298023224,1
4390,ac2-fragment06-1361,context,IA,0.7499999701976776,-0.7499999701976776,1
4390,ac2-fragment06-1361,word,AI,-4.749999790452421,-4.749999790452421,1
4390,ac2-fragment06-1361,word,IA,-4.999999775085598,4.999999775085598,1
4403,ac2-fragment06-1385,context,AI,-2.750000044703484,-2.750000044703483,1
4403,ac2-fragment06-1385,context,IA,-2.125000044703484,2.1250000447034836,1
4403,ac2-fragment06-1385,word,AI,-4.875000040978193,-4.875000040978193,1
4403,ac2-fragment06-1385,word,IA,-3.249999932944774,3.2499999329447746,1
4407,ac2-fragment06-1389,context,AI,1.0000000298023224,1.0000000298023222,1
4407,ac2-fragment06-1389,context,IA,1.7499999403953552,-1.7499999403953552,1
4407,ac2-fragment06-1389,word,AI,-2.124999977648258,-2.124999977648258,1
4407,ac2-fragment06-1389,word,IA,0.125,-0.125,1
4446,ac2-fragment06-1434,context,AI,0.25,0.25,1
4446,ac2-fragment06-1434,context,IA,0.875,-0.875,1
4446,ac2-fragment06-1434,word,AI,1.9999999850988388,1.9999999850988393,1
4446,ac2-fragment06-1434,word,IA,1.4999999701976776,-1.4999999701976776,1
4492,ac2-fragment06-1474,context,AI,0.7500000298023224,0.7500000298023224,1
4492,ac2-fragment06-1474,context,IA,4.749999942258,-4.749999942258,1
4492,ac2-fragment06-1474,word,AI,0.375,0.375,1
4492,ac2-fragment06-1474,word,IA,2.874999921768904,-2.8749999217689037,1
4517,ac2-fragment06-1495,context,AI,3.749999985098839,3.749999985098839,1
4517,ac2-fragment06-1495,context,IA,4.999999908264726,-4.999999908264726,1
4517,ac2-fragment06-1495,word,AI,-6.500000078580342,-6.500000078580342,1
4517,ac2-fragment06-1495,word,IA,-5.500000128988177,5.500000128988177,1
4551,ac2-fragment06-1530,context,AI,0.9999999701976776,0.9999999701976776,1
4551,ac2-fragment06-1530,context,IA,0.7500000298023224,-0.7500000298023224,1
4551,ac2-fragment06-1530,word,AI,0.375,0.375,1
4551,ac2-fragment06-1530,word,IA,1.2500000596046448,-1.2500000596046448,1
4567,ac2-fragment06-1562,context,AI,2.250000063329935,2.250000063329935,2
4567,ac2-fragment06-1562,context,IA,3.5625000779982656,-3.5625000779982656,2
4567,ac2-fragment06-1562,word,AI,-3.9999999469146132,-3.9999999469146132,2
4567,ac2-fragment06-1562,word,IA,-3.75,3.75,2
4573,ac2-fragment06-1578,context,AI,4.124999970197678,4.124999970197678,1
4573,ac2-fragment06-1578,context,IA,3.1249999403953552,-3.1249999403953552,1
4573,ac2-fragment06-1578,word,AI,2.374999962747097,2.3749999627470975,1
4573,ac2-fragment06-1578,word,IA,-1.375,1.375,1
4587,acj-fragment01-3,context,AI,3.500000074505806,3.500000074505806,1
4587,acj-fragment01-3,context,IA,3.874999994412065,-3.8749999944120646,1
4587,acj-fragment01-3,word,AI,-0.125,-0.125,1
4587,acj-fragment01-3,word,IA,0.125,-0.125,1
4601,acj-fragment01-8,context,AI,0.9583333457509676,0.9583333457509676,3
4601,acj-fragment01-8,context,IA,1.0416666418313982,-1.041666641831398,3
4601,acj-fragment01-8,word,AI,5.041666843773176,5.041666843773176,3
4601,acj-fragment01-8,word,IA,2.624999973922968,-2.624999973922968,3
4617,acj-fragment01-16,context,AI,4.687500001862645,4.687500001862645,2
4617,acj-fragment01-16,context,IA,3.5000000204890966,-3.5000000204890966,2
4617,acj-fragment01-16,word,AI,1.9374999590218067,1.9374999590218067,2
4617,acj-fragment01-16,word,IA,0.5000000298023224,-0.5000000298023224,2
4622,acj-fragment01-17,context,AI,4.062500100582838,4.062500100582838,2
4622,acj-fragment01-17,context,IA,4.187499975319952,-4.187499975319952,2
4622,acj-fragment01-17,word,AI,-1.0000000447034836,-1.0000000447034838,2
4622,acj-fragment01-17,word,IA,-0.6875000074505806,0.6875000074505806,2
4691,acj-fragment01-45,context,AI,3.875000098720193,3.875000098720193,1
4691,acj-fragment01-45,context,IA,3.500000014901161,-3.500000014901161,1
4691,acj-fragment01-45,word,AI,-1.6250000596046448,-1.6250000596046446,1
4691,acj-fragment01-45,word,IA,-2.8750000186264515,2.8750000186264515,1
4706,acj-fragment01-50,context,AI,3.3749998789280653,3.3749998789280653,2
4706,acj-fragment01-50,context,IA,2.2500000186264515,-2.2500000186264515,2
4706,acj-fragment01-50,word,AI,1.4999999925494194,1.4999999925494194,2
4706,acj-fragment01-50,word,IA,-0.3749999850988388,0.3749999850988388,2
4710,acj-fragment01-51,context,AI,3.8749999441206455,3.8749999441206455,1
4710,acj-fragment01-51,context,IA,3.8750000167638063,-3.875000016763807,1
4710,acj-fragment01-51,word,AI,1.25,1.25,1
4710,acj-fragment01-51,word,IA,0.9999999403953552,-0.999999940395355,1
4713,acj-fragment01-52,context,AI,3.6249999050050974,3.624999905005098,1
4713,acj-fragment01-52,context,IA,2.125000022351742,-2.125000022351742,1
4713,acj-fragment01-52,word,AI,-1.3749999552965164,-1.3749999552965164,1
4713,acj-fragment01-52,word,IA,-3.499999964609742,3.499999964609742,1
4743,acj-fragment01-64,context,AI,3.999999899417162,3.999999899417162,1
4743,acj-fragment01-64,context,IA,5.375000145286322,-5.375000145286322,1
4743,acj-fragment01-64,word,AI,-0.125,-0.125,1
4743,acj-fragment01-64,word,IA,0.125,-0.125,1
4751,acj-fragment01-67,context,AI,3.875000098720193,3.875000098720193,1
4751,acj-fragment01-67,context,IA,4.374999949708581,-4.374999949708581,1
4751,acj-fragment01-67,word,AI,3.5000000335276127,3.5000000335276127,1
4751,acj-fragment01-67,word,IA,2.499999985098839,-2.499999985098839,1
4759,acj-fragment01-69,context,AI,3.3125000721774995,3.3125000721774995,2
4759,acj-fragment01-69,context,IA,4.187499886844307,-4.187499886844307,2
4759,acj-fragment01-69,word,AI,3.6875000088475645,3.6875000088475645,2
4759,acj-fragment01-69,word,IA,3.1875000577419996,-3.1875000577419996,2
4766,acj-fragment01-70,context,AI,2.8124999906867743,2.8124999906867743,2
4766,acj-fragment01-70,context,IA,2.375,-2.375,2
4766,acj-fragment01-70,word,AI,-3.81250006146729,-3.81250006146729,2
4766,acj-fragment01-70,word,IA,-4.874999995576218,4.874999995576218,2
4775,acj-fragment01-73,context,AI,4.624999924562872,4.6249999245628715,1
4775,acj-fragment01-73,context,IA,5.250000130850822,-5.250000130850822,1
4775,acj-fragment01-73,word,AI,-0.125,-0.125,1
4775,acj-fragment01-73,word,IA,0.125,-0.125,1
4812,acj-fragment01-95,context,AI,3.4375000279396772,3.4375000279396772,2
4812,acj-fragment01-95,context,IA,1.999999936670065,-1.999999936670065,2
4812,acj-fragment01-95,word,AI,0.2500000149011612,0.25000001490116125,2
4812,acj-fragment01-95,word,IA,0.3124999701976776,-0.3124999701976776,2
4815,acj-fragment01-98,context,AI,5.374999823514372,5.374999823514372,1
4815,acj-fragment01-98,context,IA,4.374999766238034,-4.374999766238034,1
4815,acj-fragment01-98,word,AI,4.4999997690320015,4.4999997690320015,1
4815,acj-fragment01-98,word,IA,2.625000022351742,-2.625000022351742,1
4823,acj-fragment01-101,context,AI,2.874999914318323,2.874999914318323,1
4823,acj-fragment01-101,context,IA,1.5,-1.5,1
4823,acj-fragment01-101,word,AI,4.374999833293259,4.374999833293259,1
4823,acj-fragment01-101,word,IA,4.499999976716936,-4.499999976716936,1
4842,acj-fragment01-107,context,AI,3.249999925494194,3.249999925494194,1
4842,acj-fragment01-107,context,IA,4.125000204890966,-4.125000204890966,1
4842,acj-fragment01-107,word,AI,-0.25,-0.25,1
4842,acj-fragment01-107,word,IA,-1.875000074505806,1.875000074505806,1
4868,acj-fragment01-115,context,AI,4.124999791383743,4.124999791383743,1
4868,acj-fragment01-115,context,IA,4.125000029802322,-4.125000029802322,1
4868,acj-fragment01-115,word,AI,1.5000000447034836,1.5000000447034836,1
4868,acj-fragment01-115,word,IA,3.625000011175871,-3.625000011175871,1
4876,acj-fragment01-118,context,AI,1.1250000298023224,1.1250000298023224,1
4876,acj-fragment01-118,context,IA,0.8749999701976776,-0.8749999701976776,1
4876,acj-fragment01-118,word,AI,2.249999910593033,2.249999910593033,1
4876,acj-fragment01-118,word,IA,0.25,-0.25,1
4888,acj-fragment01-124,context,AI,1.9999998877756298,1.9999998877756298,2
4888,acj-fragment01-124,context,IA,1.8125000149011607,-1.8125000149011616,2
4888,acj-fragment01-124,word,AI,0.1875,0.1875,2
4888,acj-fragment01-124,word,IA,-1.75,1.75,2
4890,acj-fragment01-124,context,AI,4.250000235624611,4.250000235624611,1
4890,acj-fragment01-124,context,IA,3.2500000819563866,-3.250000081956386,1
4890,acj-fragment01-124,word,AI,1.3750000149011612,1.3750000149011612,1
4890,acj-fragment01-124,word,IA,-0.375,0.375,1
4891,acj-fragment01-126,context,AI,0.4999999701976776,0.4999999701976776,2
4891,acj-fragment01-126,context,IA,2.875000001862645,-2.875000001862645,2
4891,acj-fragment01-126,word,AI,-0.8749999552965164,-0.8749999552965162,2
4891,acj-fragment01-126,word,IA,0.5625,-0.5625,2
4914,acj-fragment01-134,context,AI,3.3749998919665813,3.3749998919665813,1
4914,acj-fragment01-134,context,IA,2.999999918043613,-2.9999999180436134,1
4914,acj-fragment01-134,word,AI,2.125000044703484,2.1250000447034836,1
4914,acj-fragment01-134,word,IA,0.25,-0.25,1
4919,acj-fragment01-135,context,AI,1.0000000298023224,1.0000000298023224,1
4919,acj-fragment01-135,context,IA,0.8749999403953552,-0.8749999403953552,1
4919,acj-fragment01-135,word,AI,-1.25,-1.25,1
4919,acj-fragment01-135,word,IA,-2.7500000596046448,2.7500000596046448,1
4939,acj-fragment01-138,context,AI,0.0,0.0,1
4939,acj-fragment01-138,context,IA,1.125,-1.125,1
4939,acj-fragment01-138,word,AI,1.3750000149011612,1.3750000149011612,1
4939,acj-fragment01-138,word,IA,-0.375,0.375,1
4941,acj-fragment01-138,context,AI,4.000000139698386,4.000000139698386,1
4941,acj-fragment01-138,context,IA,2.499999932944774,-2.4999999329447746,1
4941,acj-fragment01-138,word,AI,3.124999903142452,3.1249999031424522,1
4941,acj-fragment01-138,word,IA,2.6250000074505806,-2.6250000074505806,1
4948,acj-fragment01-139,context,AI,-0.6875000149011612,-0.6875000149011612,2
4948,acj-fragment01-139,context,IA,0.3125,-0.3125,2
4948,acj-fragment01-139,word,AI,-2.500000021420419,-2.500000021420419,2
4948,acj-fragment01-139,word,IA,-2.187499969266355,2.187499969266355,2
4958,acj-fragment01-142,context,AI,1.7500000149011612,1.7500000149011612,1
4958,acj-fragment01-142,context,IA,2.625000096857548,-2.6250000968575478,1
4958,acj-fragment01-142,word,AI,0.25,0.25,1
4958,acj-fragment01-142,word,IA,-1.1250000596046448,1.1250000596046448,1
4962,acj-fragment01-142,context,AI,1.8750000149011607,1.8750000149011612,1
4962,acj-fragment01-142,context,IA,2.124999925494194,-2.124999925494194,1
4962,acj-fragment01-142,word,AI,-2.9999999552965164,-2.9999999552965164,1
4962,acj-fragment01-142,word,IA,-2.6249999403953552,2.6249999403953552,1
4972,acj-fragment01-145,context,AI,3.5624998984858394,3.5624998984858394,2
4972,acj-fragment01-145,context,IA,3.1250000298023224,-3.1250000298023224,2
4972,acj-fragment01-145,word,AI,0.6249999701976776,0.6249999701976776,2
4972,acj-fragment01-145,word,IA,1.8125000074505806,-1.8125000074505806,2
4982,acj-fragment01-149,context,AI,-0.7499999403953552,-0.7499999403953552,1
4982,acj-fragment01-149,context,IA,1.7500000596046448,-1.750000059604645,1
4982,acj-fragment01-149,word,AI,0.125,0.125,1
4982,acj-fragment01-149,word,IA,0.5,-0.5000000000000001,1
5015,ahb-fragment51-719,context,AI,-0.7499999403953552,-0.7499999403953552,1
5015,ahb-fragment51-719,context,IA,0.25,-0.25,1
5015,ahb-fragment51-719,word,AI,3.125000014901161,3.125000014901161,1
5015,ahb-fragment51-719,word,IA,2.6249999701976776,-2.6249999701976776,1
5046,ahb-fragment51-738,context,AI,3.874999891966581,3.8749998919665813,1
5046,ahb-fragment51-738,context,IA,5.874999818392098,-5.874999818392098,1
5046,ahb-fragment51-738,word,AI,3.625000037252903,3.6250000372529034,1
5046,ahb-fragment51-738,word,IA,2.875000037252903,-2.875000037252903,1
5099,ahc-fragment60-1218,context,AI,-1.1250000596046448,-1.1250000596046448,1
5099,ahc-fragment60-1218,context,IA,-1.3749999850988388,1.3749999850988388,1
5099,ahc-fragment60-1218,word,AI,-3.6249999199062586,-3.6249999199062586,1
5099,ahc-fragment60-1218,word,IA,-3.624999921768904,3.6249999217689033,1
5158,ahc-fragment60-1243,context,AI,-2.4374999701976776,-2.4374999701976776,2
5158,ahc-fragment60-1243,context,IA,-2.5000000186264515,2.5000000186264515,2
5158,ahc-fragment60-1243,word,AI,-7.5625000131549305,-7.562500013154931,2
5158,ahc-fragment60-1243,word,IA,-6.062500042258762,6.062500042258762,2
5198,ahc-fragment61-1264,context,AI,3.3750000782310963,3.3750000782310963,1
5198,ahc-fragment61-1264,context,IA,4.5000002179294825,-4.5000002179294825,1
5198,ahc-fragment61-1264,word,AI,2.625000014901161,2.625000014901161,1
5198,ahc-fragment61-1264,word,IA,3.1249999664723878,-3.1249999664723873,1
5203,ahc-fragment61-1265,context,AI,1.5625000149011612,1.5625000149011612,2
5203,ahc-fragment61-1265,context,IA,3.3750000651925802,-3.3750000651925802,2
5203,ahc-fragment61-1265,word,AI,-0.9374999925494194,-0.9374999925494195,2
5203,ahc-fragment61-1265,word,IA,-0.5000000149011612,0.5000000149011612,2
5253,ahc-fragment61-1293,context,AI,2.562500014901161,2.562500014901161,2
5253,ahc-fragment61-1293,context,IA,3.3749999618157744,-3.3749999618157744,2
5253,ahc-fragment61-1293,word,AI,0.4374999813735485,0.4374999813735485,2
5253,ahc-fragment61-1293,word,IA,1.3125000093132257,-1.3125000093132257,2
5272,ahd-fragment06-53,context,AI,4.624999800696969,4.624999800696969,1
5272,ahd-fragment06-53,context,IA,3.62500006519258,-3.62500006519258,1
5272,ahd-fragment06-53,word,AI,5.499999819789082,5.499999819789082,1
5272,ahd-fragment06-53,word,IA,4.500000045634806,-4.500000045634806,1
5305,ahe-fragment03-43,context,AI,4.124999798834324,4.124999798834324,1
5305,ahe-fragment03-43,context,IA,5.124999992083758,-5.124999992083758,1
5305,ahe-fragment03-43,word,AI,3.8750000428408384,3.8750000428408384,1
5305,ahe-fragment03-43,word,IA,3.500000011175871,-3.5000000111758705,1
5308,ahe-fragment03-44,context,AI,4.374999959021807,4.374999959021807,2
5308,ahe-fragment03-44,context,IA,6.437500103958882,-6.437500103958882,2
5308,ahe-fragment03-44,word,AI,-1.0000000558793545,-1.0000000558793545,2
5308,ahe-fragment03-44,word,IA,-0.7499999552965164,0.7499999552965164,2
5329,ahf-fragment24-552,context,AI,3.499999910593033,3.499999910593033,1
5329,ahf-fragment24-552,context,IA,3.249999962747097,-3.249999962747097,1
5329,ahf-fragment24-552,word,AI,4.124999798834324,4.124999798834324,1
5329,ahf-fragment24-552,word,IA,3.125000111758709,-3.125000111758709,1
5398,ahf-fragment24-597,context,AI,0.8750000521540642,0.8750000521540642,2
5398,ahf-fragment24-597,context,IA,2.0000000335276127,-2.0000000335276127,2
5398,ahf-fragment24-597,word,AI,-0.8125000149011612,-0.8125000149011612,2
5398,ahf-fragment24-597,word,IA,0.0625,-0.0625,2
5399,ahf-fragment24-597,context,AI,-2.6875000782310963,-2.6875000782310963,2
5399,ahf-fragment24-597,context,IA,-1.937500063329935,1.937500063329935,2
5399,ahf-fragment24-597,word,AI,-8.624999846884748,-8.624999846884748,2
5399,ahf-fragment24-597,word,IA,-6.437500063679181,6.437500063679181,2
5408,ahf-fragment63-1160,context,AI,2.624999962747097,2.624999962747097,1
5408,ahf-fragment63-1160,context,IA,2.874999936670065,-2.874999936670065,1
5408,ahf-fragment63-1160,word,AI,4.125000212341547,4.125000212341547,1
5408,ahf-fragment63-1160,word,IA,0.9999999701976776,-0.9999999701976776,1
5423,ahf-fragment63-1173,context,AI,2.5000000139698386,2.5000000139698386,2
5423,ahf-fragment63-1173,context,IA,2.687499956227839,-2.687499956227839,2
5423,ahf-fragment63-1173,word,AI,0.8750000298023224,0.8750000298023224,2
5423,ahf-fragment63-1173,word,IA,0.125,-0.125,2
5460,ahf-fragment63-1189,context,AI,1.2499999850988388,1.2499999850988388,2
5460,ahf-fragment63-1189,context,IA,-0.6250000298023224,0.6250000298023224,2
5460,ahf-fragment63-1189,word,AI,-1.5625000298023224,-1.5625000298023224,2
5460,ahf-fragment63-1189,word,IA,-1.687500011175871,1.687500011175871,2
5485,ahf-fragment63-1202,context,AI,1.6249999701976776,1.6249999701976776,1
5485,ahf-fragment63-1202,context,IA,2.250000052154064,-2.250000052154064,1
5485,ahf-fragment63-1202,word,AI,-1.6249999701976776,-1.6249999701976776,1
5485,ahf-fragment63-1202,word,IA,-1.4999999701976776,1.4999999701976776,1
5487,ahf-fragment63-1203,context,AI,4.374999977182597,4.374999977182597,2
5487,ahf-fragment63-1203,context,IA,4.499999999068677,-4.499999999068677,2
5487,ahf-fragment63-1203,word,AI,3.187500081025064,3.187500081025064,2
5487,ahf-fragment63-1203,word,IA,2.499999962747097,-2.499999962747097,2
5523,ahf-fragment63-1217,context,AI,4.124999785795808,4.124999785795808,1
5523,ahf-fragment63-1217,context,IA,3.000000037252903,-3.000000037252903,1
5523,ahf-fragment63-1217,word,AI,3.5000001154839997,3.5000001154839993,1
5523,ahf-fragment63-1217,word,IA,2.499999947845936,-2.499999947845936,1
5532,ahf-fragment63-1225,context,AI,1.125000011175871,1.125000011175871,2
5532,ahf-fragment63-1225,context,IA,1.6250000447034836,-1.6250000447034836,2
5532,ahf-fragment63-1225,word,AI,-0.5625,-0.5625,2
5532,ahf-fragment63-1225,word,IA,-0.7499999701976776,0.7499999701976776,2
5580,ahl-fragment02-27,context,AI,2.2499999217689037,2.2499999217689037,2
5580,ahl-fragment02-27,context,IA,-0.1875,0.1875,2
5580,ahl-fragment02-27,word,AI,-2.4374999180436134,-2.437499918043613,2
5580,ahl-fragment02-27,word,IA,-4.124999928753823,4.124999928753823,2
5653,al0-fragment06-182,context,AI,-0.375,-0.3750000000000001,1
5653,al0-fragment06-182,context,IA,0.7499999701976776,-0.7499999701976776,1
5653,al0-fragment06-182,word,AI,0.375,0.375,1
5653,al0-fragment06-182,word,IA,1.3749999552965164,-1.3749999552965164,1
5666,al0-fragment06-187,context,AI,2.250000044703484,2.2500000447034836,1
5666,al0-fragment06-187,context,IA,3.874999986961484,-3.874999986961484,1
5666,al0-fragment06-187,word,AI,-1.3749999850988388,-1.3749999850988388,1
5666,al0-fragment06-187,word,IA,-0.25,0.25,1
5674,al0-fragment06-194,context,AI,0.5,0.5,1
5674,al0-fragment06-194,context,IA,-0.9999999701976776,0.9999999701976776,1
5674,al0-fragment06-194,word,AI,3.2500000819563866,3.2500000819563866,1
5674,al0-fragment06-194,word,IA,1.4999999850988388,-1.4999999850988388,1
5677,al0-fragment06-198,context,AI,2.3749999552965164,2.3749999552965164,1
5677,al0-fragment06-198,context,IA,3.125000100582838,-3.125000100582838,1
5677,al0-fragment06-198,word,AI,-1.5,-1.5,1
5677,al0-fragment06-198,word,IA,-0.625,0.6250000000000002,1
5683,al0-fragment06-200,context,AI,1.2500000298023224,1.2500000298023222,1
5683,al0-fragment06-200,context,IA,0.8749999701976776,-0.8749999701976776,1
5683,al0-fragment06-200,word,AI,0.375,0.375,1
5683,al0-fragment06-200,word,IA,-0.75,0.75,1
5687,al2-fragment16-174,context,AI,0.1562499850988388,0.15624998509883875,4
5687,al2-fragment16-174,context,IA,0.5625,-0.5625,4
5687,al2-fragment16-174,word,AI,-0.3749999925494193,-0.3749999925494193,4
5687,al2-fragment16-174,word,IA,-2.656249989522621,2.656249989522621,4
5697,al2-fragment16-178,context,AI,2.525000012293458,2.525000012293458,5
5697,al2-fragment16-178,context,IA,3.1000000204890967,-3.1000000204890967,5
5697,al2-fragment16-178,word,AI,4.074999945051968,4.074999945051968,5
5697,al2-fragment16-178,word,IA,1.824999951571226,-1.824999951571226,5
5701,al2-fragment16-178,context,AI,0.1875000298023224,0.1875000298023224,2
5701,al2-fragment16-178,context,IA,0.1875,-0.1875,2
5701,al2-fragment16-178,word,AI,-0.5625000223517418,-0.5625000223517418,2
5701,al2-fragment16-178,word,IA,-0.3749999366700649,0.3749999366700649,2
5706,al2-fragment16-179,context,AI,2.624999895691872,2.6249998956918716,1
5706,al2-fragment16-179,context,IA,1.8750000149011607,-1.8750000149011607,1
5706,al2-fragment16-179,word,AI,2.1250000298023224,2.1250000298023224,1
5706,al2-fragment16-179,word,IA,1.2499999701976776,-1.2499999701976776,1
5729,al2-fragment16-183,context,AI,4.124999966472387,4.124999966472387,2
5729,al2-fragment16-183,context,IA,2.500000014901161,-2.500000014901161,2
5729,al2-fragment16-183,word,AI,3.125000008381903,3.125000008381903,2
5729,al2-fragment16-183,word,IA,1.187500037252903,-1.187500037252903,2
5747,al2-fragment16-185,context,AI,1.7916666641831398,1.7916666641831398,3
5747,al2-fragment16-185,context,IA,2.624999993791183,-2.624999993791183,3
5747,al2-fragment16-185,word,AI,1.8750000596046448,1.8750000596046448,3
5747,al2-fragment16-185,word,IA,0.16666667660077414,-0.16666667660077414,3
5761,al2-fragment23-254,context,AI,-0.6249999701976776,-0.6249999701976776,2
5761,al2-fragment23-254,context,IA,0.1875,-0.1875,2
5761,al2-fragment23-254,word,AI,-1.7500000298023224,-1.7500000298023224,2
5761,al2-fragment23-254,word,IA,-0.7500000223517418,0.7500000223517418,2
5775,al2-fragment23-257,context,AI,2.5000000447034836,2.5000000447034836,2
5775,al2-fragment23-257,context,IA,3.3749999990686774,-3.3749999990686774,2
5775,al2-fragment23-257,word,AI,1.6875,1.6875,2
5775,al2-fragment23-257,word,IA,-2.1875000409781933,2.1875000409781933,2
5780,al2-fragment23-257,context,AI,2.624999903142452,2.6249999031424522,1
5780,al2-fragment23-257,context,IA,2.2499999403953552,-2.2499999403953552,1
5780,al2-fragment23-257,word,AI,0.9999999403953552,0.9999999403953552,1
5780,al2-fragment23-257,word,IA,2.1249999552965164,-2.124999955296517,1
5813,al2-fragment23-266,context,AI,1.3750000298023224,1.3750000298023226,1
5813,al2-fragment23-266,context,IA,1.8750001043081284,-1.8750001043081284,1
5813,al2-fragment23-266,word,AI,0.25,0.25,1
5813,al2-fragment23-266,word,IA,-0.75,0.75,1
5842,al5-fragment03-21,context,AI,2.874999888241291,2.874999888241291,1
5842,al5-fragment03-21,context,IA,6.125000114552677,-6.125000114552677,1
5842,al5-fragment03-21,word,AI,-4.624999783933163,-4.624999783933163,1
5842,al5-fragment03-21,word,IA,-4.124999942258,4.124999942258,1
5846,al5-fragment03-24,context,AI,0.125,0.125,1
5846,al5-fragment03-24,context,IA,-0.125,0.125,1
5846,al5-fragment03-24,word,AI,-4.000000121071935,-4.000000121071935,1
5846,al5-fragment03-24,word,IA,-1.2499999701976776,1.2499999701976776,1
5881,al5-fragment03-39,context,AI,1.3750000149011612,1.375000014901161,1
5881,al5-fragment03-39,context,IA,5.250000116880983,-5.250000116880983,1
5881,al5-fragment03-39,word,AI,2.0000000298023224,2.0000000298023224,1
5881,al5-fragment03-39,word,IA,2.375000074505806,-2.375000074505806,1
5898,al5-fragment03-43,context,AI,-3.500000072643161,-3.500000072643161,2
5898,al5-fragment03-43,context,IA,-1.4375000074505808,1.4375000074505806,2
5898,al5-fragment03-43,word,AI,-5.749999941443093,-5.749999941443093,2
5898,al5-fragment03-43,word,IA,-4.437500016298145,4.437500016298145,2
5908,al5-fragment03-46,context,AI,3.625000050291419,3.625000050291419,1
5908,al5-fragment03-46,context,IA,4.500000089406967,-4.500000089406967,1
5908,al5-fragment03-46,word,AI,4.875000019557774,4.875000019557774,1
5908,al5-fragment03-46,word,IA,4.875000054948032,-4.875000054948032,1
5924,alp-fragment01-6,context,AI,1.8750001192092896,1.8750001192092896,1
5924,alp-fragment01-6,context,IA,1.2499999701976776,-1.2499999701976778,1
5924,alp-fragment01-6,word,AI,3.124999925494194,3.124999925494194,1
5924,alp-fragment01-6,word,IA,1.7500000447034836,-1.7500000447034836,1
5947,alp-fragment01-15,context,AI,5.625000028871,5.625000028871,1
5947,alp-fragment01-15,context,IA,4.500000123865902,-4.500000123865902,1
5947,alp-fragment01-15,word,AI,0.125,0.125,1
5947,alp-fragment01-15,word,IA,2.000000089406967,-2.000000089406967,1
5954,alp-fragment01-17,context,AI,2.249999932944774,2.2499999329447746,1
5954,alp-fragment01-17,context,IA,2.500000022351742,-2.500000022351742,1
5954,alp-fragment01-17,word,AI,0.125,0.125,1
5954,alp-fragment01-17,word,IA,-0.375,0.375,1
5957,alp-fragment01-18,context,AI,0.6249999701976776,0.6249999701976776,1
5957,alp-fragment01-18,context,IA,-0.25,0.25,1
5957,alp-fragment01-18,word,AI,1.9999999105930328,1.9999999105930328,1
5957,alp-fragment01-18,word,IA,-0.8749999403953552,0.8749999403953552,1
5977,alp-fragment01-22,context,AI,4.125000033527613,4.125000033527613,1
5977,alp-fragment01-22,context,IA,4.875000190921128,-4.875000190921128,1
5977,alp-fragment01-22,word,AI,1.6249999701976776,1.6249999701976776,1
5977,alp-fragment01-22,word,IA,2.500000037252903,-2.500000037252903,1
5980,alp-fragment01-25,context,AI,0.4999999701976776,0.4999999701976775,1
5980,alp-fragment01-25,context,IA,0.6250000298023224,-0.6250000298023224,1
5980,alp-fragment01-25,word,AI,-0.25,-0.25,1
5980,alp-fragment01-25,word,IA,0.25,-0.25,1
6003,alp-fragment01-32,context,AI,1.5624999590218065,1.5624999590218067,2
6003,alp-fragment01-32,context,IA,-0.3749999850988388,0.3749999850988388,2
6003,alp-fragment01-32,word,AI,-1.4375000298023224,-1.4375000298023224,2
6003,alp-fragment01-32,word,IA,-2.6875000409781933,2.6875000409781933,2
6013,alp-fragment01-36,context,AI,1.1250000298023224,1.1250000298023224,1
6013,alp-fragment01-36,context,IA,0.5,-0.4999999999999999,1
6013,alp-fragment01-36,word,AI,-1.9999999701976776,-1.9999999701976776,1
6013,alp-fragment01-36,word,IA,-3.750000078231096,3.7500000782310963,1
6023,alp-fragment01-40,context,AI,2.812500001862645,2.812500001862645,2
6023,alp-fragment01-40,context,IA,4.749999945517629,-4.749999945517629,2
6023,alp-fragment01-40,word,AI,0.2499999850988388,0.2499999850988388,2
6023,alp-fragment01-40,word,IA,0.5,-0.5,2
6032,alp-fragment01-45,context,AI,2.1249999813735485,2.1249999813735485,2
6032,alp-fragment01-45,context,IA,0.6875000149011612,-0.6875000149011612,2
6032,alp-fragment01-45,word,AI,1.812500035390258,1.8125000353902578,2
6032,alp-fragment01-45,word,IA,1.4999999925494194,-1.4999999925494194,2
6037,alp-fragment01-47,context,AI,2.500000026077032,2.500000026077032,2
6037,alp-fragment01-47,context,IA,2.812499964609742,-2.812499964609742,2
6037,alp-fragment01-47,word,AI,-2.312499985098839,-2.312499985098839,2
6037,alp-fragment01-47,word,IA,-3.7500000949949026,3.7500000949949026,2
6050,alp-fragment01-56,context,AI,-1.3750000391155481,-1.3750000391155481,2
6050,alp-fragment01-56,context,IA,0.12499997764825821,-0.1249999776482581,2
6050,alp-fragment01-56,word,AI,-4.49999993504025,-4.49999993504025,2
6050,alp-fragment01-56,word,IA,-3.31250007590279,3.31250007590279,2
6052,alp-fragment01-57,context,AI,2.25,2.25,1
6052,alp-fragment01-57,context,IA,3.375000052154064,-3.375000052154064,1
6052,alp-fragment01-57,word,AI,3.4999999962747097,3.4999999962747097,1
6052,alp-fragment01-57,word,IA,3.3749999813735485,-3.3749999813735485,1
6059,alp-fragment01-58,context,AI,2.0625,2.0625,2
6059,alp-fragment01-58,context,IA,2.437499914318323,-2.437499914318323,2
6059,alp-fragment01-58,word,AI,1.062499947845936,1.0624999478459358,2
6059,alp-fragment01-58,word,IA,1.8749999664723873,-1.8749999664723873,2
6063,alp-fragment01-60,context,AI,-0.5,-0.5,1
6063,alp-fragment01-60,context,IA,2.375,-2.375,1
6063,alp-fragment01-60,word,AI,-0.25,-0.25,1
6063,alp-fragment01-60,word,IA,1.2500000596046448,-1.2500000596046448,1
6089,alp-fragment01-67,context,AI,-1.2500000298023224,-1.2500000298023224,1
6089,alp-fragment01-67,context,IA,-1.2499999403953552,1.2499999403953554,1
6089,alp-fragment01-67,word,AI,-0.7499999701976776,-0.7499999701976776,1
6089,alp-fragment01-67,word,IA,0.8749999701976776,-0.8749999701976776,1
6114,alp-fragment01-83,context,AI,3.562500107102096,3.562500107102096,2
6114,alp-fragment01-83,context,IA,2.875000048428774,-2.875000048428774,2
6114,alp-fragment01-83,word,AI,0.6249999925494194,0.6249999925494194,2
6114,alp-fragment01-83,word,IA,1.3125000223517418,-1.3125000223517418,2
6142,alp-fragment01-93,context,AI,3.874999890103936,3.874999890103936,1
6142,alp-fragment01-93,context,IA,4.749999986030161,-4.749999986030161,1
6142,alp-fragment01-93,word,AI,4.875000194646418,4.875000194646418,1
6142,alp-fragment01-93,word,IA,2.374999910593033,-2.374999910593033,1
6159,alp-fragment01-100,context,AI,2.500000048428774,2.500000048428774,2
6159,alp-fragment01-100,context,IA,2.624999923631549,-2.624999923631549,2
6159,alp-fragment01-100,word,AI,1.4374999627470972,1.437499962747097,2
6159,alp-fragment01-100,word,IA,1.812499975785613,-1.8124999757856128,2
6163,amm-fragment02-1594,context,AI,4.374999773688614,4.374999773688614,1
6163,amm-fragment02-1594,context,IA,2.3750000074505806,-2.3750000074505806,1
6163,amm-fragment02-1594,word,AI,4.8750001564621925,4.8750001564621925,1
6163,amm-fragment02-1594,word,IA,2.6249998807907104,-2.6249998807907104,1
6180,amm-fragment02-1598,context,AI,3.250000014901161,3.250000014901161,2
6180,amm-fragment02-1598,context,IA,1.4375000074505806,-1.4375000074505808,2
6180,amm-fragment02-1598,word,AI,0.6249999850988388,0.6249999850988388,2
6180,amm-fragment02-1598,word,IA,-1.1874999850988388,1.1874999850988388,2
6195,amm-fragment02-1606,context,AI,4.000000050291419,4.000000050291419,1
6195,amm-fragment02-1606,context,IA,2.8750000409781933,-2.8750000409781933,1
6195,amm-fragment02-1606,word,AI,3.250000111758709,3.250000111758709,1
6195,amm-fragment02-1606,word,IA,3.0000000558793545,-3.0000000558793545,1
6210,amm-fragment02-1615,context,AI,3.1250000558793545,3.125000055879355,1
6210,amm-fragment02-1615,context,IA,2.499999918043613,-2.4999999180436134,1
6210,amm-fragment02-1615,word,AI,0.5,0.49999999999999994,1
6210,amm-fragment02-1615,word,IA,-0.7500000298023224,0.7500000298023224,1
6214,amm-fragment02-1616,context,AI,2.7500000279396772,2.7500000279396772,2
6214,amm-fragment02-1616,context,IA,2.249999973922968,-2.249999973922968,2
6214,amm-fragment02-1616,word,AI,3.3749999436549842,3.3749999436549842,2
6214,amm-fragment02-1616,word,IA,3.0000000349245965,-3.0000000349245965,2
6293,amm-fragment02-1669,context,AI,-5.062499957624823,-5.062499957624823,2
6293,amm-fragment02-1669,context,IA,-3.9374998714774847,3.9374998714774847,2
6293,amm-fragment02-1669,word,AI,-6.000000124797225,-6.000000124797225,2
6293,amm-fragment02-1669,word,IA,-5.249999966705218,5.249999966705218,2
6332,amm-fragment02-1741,context,AI,-1.1874999552965164,-1.1874999552965164,2
6332,amm-fragment02-1741,context,IA,-0.9999999850988388,0.9999999850988388,2
6332,amm-fragment02-1741,word,AI,0.1250000149011612,0.1250000149011612,2
6332,amm-fragment02-1741,word,IA,0.5625000149011612,-0.5625000149011611,2
6337,amm-fragment02-1743,context,AI,-0.125,-0.125,1
6337,amm-fragment02-1743,context,IA,-1.8750000149011607,1.8750000149011612,1
6337,amm-fragment02-1743,word,AI,-3.875000026077032,-3.875000026077032,1
6337,amm-fragment02-1743,word,IA,-4.500000172294676,4.500000172294676,1
6351,amm-fragment02-1753,context,AI,4.124999765306711,4.124999765306711,1
6351,amm-fragment02-1753,context,IA,3.8749998938292265,-3.8749998938292265,1
6351,amm-fragment02-1753,word,AI,2.8749999701976776,2.8749999701976776,1
6351,amm-fragment02-1753,word,IA,1.5000000298023224,-1.5000000298023224,1
6357,amm-fragment02-1758,context,AI,4.6666665924713016,4.6666665924713016,3
6357,amm-fragment02-1758,context,IA,6.083333415677771,-6.083333415677771,3
6357,amm-fragment02-1758,word,AI,5.874999984245126,5.874999984245126,3
6357,amm-fragment02-1758,word,IA,5.250000027396406,-5.250000027396406,3
6373,amm-fragment02-1769,context,AI,3.624999899417162,3.624999899417162,1
6373,amm-fragment02-1769,context,IA,2.8750000298023224,-2.8750000298023224,1
6373,amm-fragment02-1769,word,AI,3.000000111758709,3.000000111758709,1
6373,amm-fragment02-1769,word,IA,1.3750000149011612,-1.3750000149011612,1
6392,amm-fragment02-1779,context,AI,3.124999988824129,3.1249999888241295,1
6392,amm-fragment02-1779,context,IA,3.874999916180968,-3.8749999161809683,1
6392,amm-fragment02-1779,word,AI,1.2500000596046448,1.2500000596046448,1
6392,amm-fragment02-1779,word,IA,1.7500000447034836,-1.7500000447034834,1
6396,amm-fragment02-1781,context,AI,-1.4999999701976776,-1.4999999701976776,1
6396,amm-fragment02-1781,context,IA,-0.5,0.5000000000000001,1
6396,amm-fragment02-1781,word,AI,-1.6249999850988388,-1.624999985098839,1
6396,amm-fragment02-1781,word,IA,-1.0000000298023224,1.0000000298023224,1
6405,amm-fragment02-1786,context,AI,-0.1875000149011612,-0.1875000149011612,2
6405,amm-fragment02-1786,context,IA,3.2499999329447746,-3.2499999329447746,2
6405,amm-fragment02-1786,word,AI,-2.3750000409781933,-2.3750000409781933,2
6405,amm-fragment02-1786,word,IA,-1.9375000335276127,1.9375000335276127,2
6420,amm-fragment02-1789,context,AI,0.7499999403953552,0.7499999403953552,1
6420,amm-fragment02-1789,context,IA,-0.25,0.25,1
6420,amm-fragment02-1789,word,AI,-1.25,-1.25,1
6420,amm-fragment02-1789,word,IA,-1.5000000447034836,1.5000000447034836,1
6424,as6-fragment01-4,context,AI,3.6249999050050974,3.6249999050050974,1
6424,as6-fragment01-4,context,IA,2.749999895691872,-2.7499998956918716,1
6424,as6-fragment01-4,word,AI,2.4999999925494194,2.4999999925494194,1
6424,as6-fragment01-4,word,IA,0.75,-0.75,1
6430,as6-fragment01-5,context,AI,1.1249999403953552,1.1249999403953552,1
6430,as6-fragment01-5,context,IA,0.8749999701976776,-0.8749999701976774,1
6430,as6-fragment01-5,word,AI,1.2500000596046448,1.2500000596046448,1
6430,as6-fragment01-5,word,IA,0.5,-0.5,1
6449,as6-fragment01-11,context,AI,4.999999866820872,4.999999866820872,1
6449,as6-fragment01-11,context,IA,6.875000145053491,-6.875000145053491,1
6449,as6-fragment01-11,word,AI,5.0000001061707735,5.0000001061707735,1
6449,as6-fragment01-11,word,IA,4.375000011175871,-4.375000011175871,1
6459,as6-fragment01-14,context,AI,4.374999970197678,4.374999970197678,1
6459,as6-fragment01-14,context,IA,4.7499998630955815,-4.7499998630955815,1
6459,as6-fragment01-14,word,AI,4.249999885447323,4.249999885447323,1
6459,as6-fragment01-14,word,IA,4.749999988824129,-4.749999988824129,1
6461,as6-fragment01-14,context,AI,5.083333326658855,5.083333326658855,3
6461,as6-fragment01-14,context,IA,6.125000139698386,-6.125000139698386,3
6461,as6-fragment01-14,word,AI,4.91666669305414,4.91666669305414,3
6461,as6-fragment01-14,word,IA,3.7916666632518172,-3.7916666632518172,3
6473,as6-fragment01-17,context,AI,1.7500000558793545,1.7500000558793545,2
6473,as6-fragment01-17,context,IA,-0.25,0.25,2
6473,as6-fragment01-17,word,AI,3.124999875202775,3.124999875202775,2
6473,as6-fragment01-17,word,IA,2.6250000428408384,-2.6250000428408384,2
6481,as6-fragment01-19,context,AI,4.874999990686774,4.874999990686774,1
6481,as6-fragment01-19,context,IA,4.625000060535967,-4.625000060535967,1
6481,as6-fragment01-19,word,AI,3.3749998807907104,3.3749998807907104,1
6481,as6-fragment01-19,word,IA,2.6249999701976776,-2.6249999701976776,1
6489,as6-fragment01-21,context,AI,4.3750000558793545,4.3750000558793545,1
6489,as6-fragment01-21,context,IA,6.250000086612999,-6.250000086612999,1
6489,as6-fragment01-21,word,AI,1.5000000298023224,1.5000000298023224,1
6489,as6-fragment01-21,word,IA,3.7500001192092896,-3.7500001192092896,1
6491,as6-fragment01-21,context,AI,4.49999984819442,4.49999984819442,2
6491,as6-fragment01-21,context,IA,5.1250000728759915,-5.1250000728759915,2
6491,as6-fragment01-21,word,AI,4.812500064028427,4.812500064028427,2
6491,as6-fragment01-21,word,IA,5.312499943189323,-5.312499943189323,2
6520,as6-fragment01-29,context,AI,1.7499999403953552,1.7499999403953554,1
6520,as6-fragment01-29,context,IA,1.3749999552965164,-1.3749999552965164,1
6520,as6-fragment01-29,word,AI,0.375,0.375,1
6520,as6-fragment01-29,word,IA,-1.4999999403953552,1.4999999403953552,1
6551,as6-fragment01-38,context,AI,-0.8125,-0.8125,2
6551,as6-fragment01-38,context,IA,-0.5624999925494194,0.5624999925494194,2
6551,as6-fragment01-38,word,AI,-0.25,-0.25,2
6551,as6-fragment01-38,word,IA,-0.4999999850988388,0.4999999850988387,2
6559,as6-fragment01-40,context,AI,5.624999807681888,5.624999807681888,1
6559,as6-fragment01-40,context,IA,5.874999778112397,-5.874999778112397,1
6559,as6-fragment01-40,word,AI,-0.375,-0.375,1
6559,as6-fragment01-40,word,IA,-4.875000014901161,4.875000014901161,1
6561,as6-fragment01-40,context,AI,4.499999886378646,4.499999886378646,1
6561,as6-fragment01-40,context,IA,6.499999829335138,-6.499999829335138,1
6561,as6-fragment01-40,word,AI,-5.87500008335337,-5.87500008335337,1
6561,as6-fragment01-40,word,IA,-4.2500000931322575,4.2500000931322575,1
6576,as6-fragment01-47,context,AI,4.874999935273081,4.874999935273081,4
6576,as6-fragment01-47,context,IA,4.343750006519258,-4.343750006519258,4
6576,as6-fragment01-47,word,AI,-2.2812500721774995,-2.2812500721774995,4
6576,as6-fragment01-47,word,IA,-0.1874999925494194,0.18749999254941946,4
6590,as6-fragment01-51,context,AI,1.9999999441206453,1.9999999441206455,2
6590,as6-fragment01-51,context,IA,3.8125000335276127,-3.8125000335276127,2
6590,as6-fragment01-51,word,AI,3.6874999969732016,3.6874999969732016,2
6590,as6-fragment01-51,word,IA,5.249999936757376,-5.249999936757376,2
6594,as6-fragment01-53,context,AI,4.624999907799065,4.624999907799065,1
6594,as6-fragment01-53,context,IA,5.7500000898726285,-5.7500000898726285,1
6594,as6-fragment01-53,word,AI,5.250000197440386,5.250000197440386,1
6594,as6-fragment01-53,word,IA,5.12499990221113,-5.12499990221113,1
6602,as6-fragment01-62,context,AI,-0.03125,-0.031250000000000056,4
6602,as6-fragment01-62,context,IA,-0.9374999888241291,0.9374999888241292,4
6602,as6-fragment01-62,word,AI,-0.9062500232830643,-0.9062500232830644,4
6602,as6-fragment01-62,word,IA,-0.8125000223517419,0.8125000223517419,4
6603,as6-fragment01-62,context,AI,2.5000000409781933,2.5000000409781933,2
6603,as6-fragment01-62,context,IA,4.250000085448846,-4.250000085448846,2
6603,as6-fragment01-62,word,AI,-1.3124999832361939,-1.3124999832361937,2
6603,as6-fragment01-62,word,IA,-2.8124999655410647,2.8124999655410647,2
6607,as6-fragment01-63,context,AI,0.1874999664723873,0.1874999664723873,2
6607,as6-fragment01-63,context,IA,1.437499951571226,-1.4374999515712261,2
6607,as6-fragment01-63,word,AI,3.312499935273081,3.312499935273081,2
6607,as6-fragment01-63,word,IA,2.8124999459832907,-2.8124999459832907,2
6611,as6-fragment01-68,context,AI,3.750000011175871,3.750000011175871,2
6611,as6-fragment01-68,context,IA,4.937499844585545,-4.937499844585545,2
6611,as6-fragment01-68,word,AI,0.3750000074505806,0.3750000074505806,2
6611,as6-fragment01-68,word,IA,0.125,-0.125,2
6633,as6-fragment01-71,context,AI,1.75,1.75,1
6633,as6-fragment01-71,context,IA,0.375,-0.375,1
6633,as6-fragment01-71,word,AI,2.1250000596046448,2.1250000596046448,1
6633,as6-fragment01-71,word,IA,2.875000096857548,-2.8750000968575478,1
6653,as6-fragment01-76,context,AI,1.2812500465661287,1.2812500465661287,4
6653,as6-fragment01-76,context,IA,1.7812500223517418,-1.7812500223517418,4
6653,as6-fragment01-76,word,AI,-0.1250000223517418,-0.1250000223517418,4
6653,as6-fragment01-76,word,IA,-2.687499977182597,2.687499977182597,4
6663,as6-fragment01-77,context,AI,4.375000056810677,4.375000056810677,2
6663,as6-fragment01-77,context,IA,2.8749999590218067,-2.8749999590218067,2
6663,as6-fragment01-77,word,AI,2.0625000074505806,2.0625000074505806,2
6663,as6-fragment01-77,word,IA,0.7499999701976776,-0.7499999701976776,2
6665,as6-fragment01-78,context,AI,2.375,2.375,1
6665,as6-fragment01-78,context,IA,2.249999925494194,-2.249999925494194,1
6665,as6-fragment01-78,word,AI,1.1249999403953552,1.1249999403953552,1
6665,as6-fragment01-78,word,IA,1.4999999701976776,-1.4999999701976776,1
6667,as6-fragment01-79,context,AI,2.249999932944774,2.2499999329447746,1
6667,as6-fragment01-79,context,IA,1.3749999552965164,-1.3749999552965164,1
6667,as6-fragment01-79,word,AI,2.625000044703484,2.6250000447034836,1
6667,as6-fragment01-79,word,IA,-0.25,0.25,1
6675,as6-fragment01-81,context,AI,1.3749999701976776,1.3749999701976776,1
6675,as6-fragment01-81,context,IA,0.8750000298023224,-0.8750000298023224,1
6675,as6-fragment01-81,word,AI,-1.2499999701976776,-1.2499999701976776,1
6675,as6-fragment01-81,word,IA,0.8750000298023224,-0.8750000298023222,1
6689,as6-fragment01-84,context,AI,3.3749999362044036,3.3749999362044036,2
6689,as6-fragment01-84,context,IA,3.312500050291419,-3.312500050291419,2
6689,as6-fragment01-84,word,AI,-0.8749999701976776,-0.8749999701976776,2
6689,as6-fragment01-84,word,IA,0.5624999850988388,-0.5624999850988389,2
6700,as6-fragment01-85,context,AI,3.000000048894435,3.000000048894435,2
6700,as6-fragment01-85,context,IA,3.8750000981381163,-3.8750000981381163,2
6700,as6-fragment01-85,word,AI,1.2500000344589353,1.250000034458935,2
6700,as6-fragment01-85,word,IA,0.9375000270083547,-0.9375000270083547,2
6745,as6-fragment01-98,context,AI,0.12499994039535522,0.12499994039535522,2
6745,as6-fragment01-98,context,IA,0.5000000074505806,-0.5000000074505806,2
6745,as6-fragment01-98,word,AI,4.062500058673322,4.062500058673322,2
6745,as6-fragment01-98,word,IA,2.37499993853271,-2.37499993853271,2
6760,as6-fragment01-103,context,AI,4.124999945983291,4.124999945983291,1
6760,as6-fragment01-103,context,IA,4.625000165775418,-4.625000165775418,1
6760,as6-fragment01-103,word,AI,4.87500021699816,4.87500021699816,1
6760,as6-fragment01-103,word,IA,4.2500002244487405,-4.2500002244487405,1
6770,as6-fragment01-104,context,AI,0.8749999515712259,0.8749999515712261,2
6770,as6-fragment01-104,context,IA,5.960464477539063e-08,-5.960464488641293e-08,2
6770,as6-fragment01-104,word,AI,-0.125,-0.125,2
6770,as6-fragment01-104,word,IA,0.3125,-0.31250000000000006,2
6797,as6-fragment01-110,context,AI,0.875,0.875,1
6797,as6-fragment01-110,context,IA,1.7499999552965164,-1.7499999552965166,1
6797,as6-fragment01-110,word,AI,0.125,0.125,1
6797,as6-fragment01-110,word,IA,-0.125,0.125,1
6829,as6-fragment01-116,context,AI,2.6875000838190317,2.6875000838190317,2
6829,as6-fragment01-116,context,IA,2.5624999925494194,-2.5624999925494194,2
6829,as6-fragment01-116,word,AI,2.687499975785613,2.687499975785613,2
6829,as6-fragment01-116,word,IA,2.124999971129,-2.124999971129,2
6871,as6-fragment02-356,context,AI,2.687500017695129,2.687500017695129,2
6871,as6-fragment02-356,context,IA,4.874999930034392,-4.874999930034392,2
6871,as6-fragment02-356,word,AI,3.3750000363215804,3.3750000363215804,2
6871,as6-fragment02-356,word,IA,5.062499946972821,-5.062499946972821,2
6879,as6-fragment02-358,context,AI,-1.5,-1.5,1
6879,as6-fragment02-358,context,IA,-0.625,0.625,1
6879,as6-fragment02-358,word,AI,-2.1250000819563866,-2.1250000819563866,1
6879,as6-fragment02-358,word,IA,0.6249999701976776,-0.6249999701976776,1
6880,as6-fragment02-358,context,AI,-0.5,-0.5,1
6880,as6-fragment02-358,context,IA,-0.375,0.375,1
6880,as6-fragment02-358,word,AI,0.125,0.125,1
6880,as6-fragment02-358,word,IA,-2.1250000298023224,2.1250000298023224,1
6883,as6-fragment02-359,context,AI,1.75,1.75,1
6883,as6-fragment02-359,context,IA,3.749999927356839,-3.7499999273568396,1
6883,as6-fragment02-359,word,AI,1.1249999701976776,1.1249999701976776,1
6883,as6-fragment02-359,word,IA,3.625000027939677,-3.6250000279396777,1
6908,as6-fragment02-364,context,AI,3.5,3.5,1
6908,as6-fragment02-364,context,IA,4.625000048428774,-4.625000048428774,1
6908,as6-fragment02-364,word,AI,0.6249999701976776,0.6249999701976776,1
6908,as6-fragment02-364,word,IA,-1.2499999701976776,1.2499999701976776,1
6922,as6-fragment02-368,context,AI,2.2500001043081284,2.2500001043081284,1
6922,as6-fragment02-368,context,IA,2.3750000670552254,-2.3750000670552254,1
6922,as6-fragment02-368,word,AI,-3.375000096857548,-3.3750000968575478,1
6922,as6-fragment02-368,word,IA,-3.749999985098839,3.749999985098839,1
6947,as6-fragment02-378,context,AI,5.437500010011718,5.437500010011718,2
6947,as6-fragment02-378,context,IA,4.750000008381903,-4.750000008381903,2
6947,as6-fragment02-378,word,AI,-1.625000037252903,-1.625000037252903,2
6947,as6-fragment02-378,word,IA,-2.4375000596046448,2.4375000596046448,2
6979,as6-fragment02-386,context,AI,2.249999903142452,2.2499999031424522,1
6979,as6-fragment02-386,context,IA,4.999999847263098,-4.999999847263098,1
6979,as6-fragment02-386,word,AI,-2.374999962747097,-2.374999962747097,1
6979,as6-fragment02-386,word,IA,-1.874999895691872,1.8749998956918716,1
6980,as6-fragment02-386,context,AI,3.2499999925494194,3.2499999925494194,2
6980,as6-fragment02-386,context,IA,3.500000017695129,-3.500000017695129,2
6980,as6-fragment02-386,word,AI,0.9999999776482582,0.9999999776482582,2
6980,as6-fragment02-386,word,IA,-0.9375,0.9375000000000001,2
6991,as6-fragment02-388,context,AI,2.7916667188207307,2.7916667188207307,3
6991,as6-fragment02-388,context,IA,1.9166667386889458,-1.9166667386889458,3
6991,as6-fragment02-388,word,AI,-0.5833333196739359,-0.5833333196739355,3
6991,as6-fragment02-388,word,IA,-1.7916667175789673,1.7916667175789673,3
7028,as6-fragment02-400,context,AI,4.375000214204192,4.375000214204192,1
7028,as6-fragment02-400,context,IA,5.2500000433065,-5.2500000433065,1
7028,as6-fragment02-400,word,AI,-5.0000001466833055,-5.0000001466833055,1
7028,as6-fragment02-400,word,IA,-4.000000100582838,4.000000100582838,1
7032,as6-fragment02-401,context,AI,3.625000102445483,3.625000102445483,1
7032,as6-fragment02-401,context,IA,1.0000000298023224,-1.0000000298023222,1
7032,as6-fragment02-401,word,AI,0.0,0.0,1
7032,as6-fragment02-401,word,IA,-0.8749999403953552,0.8749999403953552,1
7043,as6-fragment02-404,context,AI,-0.125,-0.125,2
7043,as6-fragment02-404,context,IA,-0.2500000149011612,0.2500000149011612,2
7043,as6-fragment02-404,word,AI,0.5000000298023224,0.5000000298023224,2
7043,as6-fragment02-404,word,IA,0.24999998137354829,-0.24999998137354806,2
7047,as6-fragment02-405,context,AI,1.7500000447034836,1.7500000447034836,2
7047,as6-fragment02-405,context,IA,2.3749999944120646,-2.3749999944120646,2
7047,as6-fragment02-405,word,AI,-0.1874999701976776,-0.1874999701976775,2
7047,as6-fragment02-405,word,IA,0.1875,-0.1875,2
7049,as6-fragment02-406,context,AI,5.125000138767064,5.125000138767064,1
7049,as6-fragment02-406,context,IA,7.499999797903001,-7.499999797903,1
7049,as6-fragment02-406,word,AI,4.749999804422259,4.749999804422259,1
7049,as6-fragment02-406,word,IA,4.500000048428774,-4.500000048428774,1
7055,as6-fragment02-408,context,AI,0.18749996274709702,0.18749996274709702,2
7055,as6-fragment02-408,context,IA,1.562499951571226,-1.5624999515712261,2
7055,as6-fragment02-408,word,AI,1.1250000558793545,1.1250000558793545,2
7055,as6-fragment02-408,word,IA,-1.7499999925494194,1.7499999925494194,2
7065,as6-fragment02-411,context,AI,4.906249923515134,4.906249923515134,4
7065,as6-fragment02-411,context,IA,4.28125005250331,-4.28125005250331,4
7065,as6-fragment02-411,word,AI,2.2812500041909516,2.2812500041909516,4
7065,as6-fragment02-411,word,IA,-0.9062499981373549,0.9062499981373549,4
7069,as6-fragment02-414,context,AI,1.75,1.7499999999999998,1
7069,as6-fragment02-414,context,IA,2.374999895691872,-2.3749998956918716,1
7069,as6-fragment02-414,word,AI,-1.5,-1.4999999999999998,1
7069,as6-fragment02-414,word,IA,1.5000000596046448,-1.5000000596046448,1
7079,as6-fragment02-418,context,AI,4.124999891966581,4.124999891966581,1
7079,as6-fragment02-418,context,IA,4.500000112690032,-4.5000001126900315,1
7079,as6-fragment02-418,word,AI,1.2499999701976776,1.2499999701976776,1
7079,as6-fragment02-418,word,IA,-0.125,0.125,1
7080,as6-fragment02-418,context,AI,3.499999936670065,3.499999936670065,1
7080,as6-fragment02-418,context,IA,3.750000083819032,-3.750000083819032,1
7080,as6-fragment02-418,word,AI,-0.7499999701976776,-0.7499999701976774,1
7080,as6-fragment02-418,word,IA,-1.1250000298023224,1.1250000298023224,1
7102,as6-fragment02-422,context,AI,2.875000001862645,2.875000001862645,2
7102,as6-fragment02-422,context,IA,4.500000038417056,-4.500000038417056,2
7102,as6-fragment02-422,word,AI,-0.3749999850988388,-0.3749999850988388,2
7102,as6-fragment02-422,word,IA,-1.5625,1.5625,2
7131,as6-fragment02-426,context,AI,-0.25,-0.25,1
7131,as6-fragment02-426,context,IA,1.5000000298023224,-1.5000000298023224,1
7131,as6-fragment02-426,word,AI,-7.000000107800588,-7.000000107800588,1
7131,as6-fragment02-426,word,IA,-5.250000212807208,5.250000212807209,1
7139,as6-fragment02-427,context,AI,1.6250000149011612,1.625000014901161,1
7139,as6-fragment02-427,context,IA,1.2499999403953552,-1.2499999403953552,1
7139,as6-fragment02-427,word,AI,-0.375,-0.375,1
7139,as6-fragment02-427,word,IA,0.375,-0.375,1
7147,as6-fragment02-429,context,AI,4.125000225380063,4.125000225380063,1
7147,as6-fragment02-429,context,IA,3.8750000819563866,-3.8750000819563866,1
7147,as6-fragment02-429,word,AI,0.125,0.125,1
7147,as6-fragment02-429,word,IA,2.000000089406967,-2.000000089406967,1
7165,as6-fragment02-435,context,AI,4.875000196509063,4.875000196509063,1
7165,as6-fragment02-435,context,IA,1.1249999701976776,-1.1249999701976776,1
7165,as6-fragment02-435,word,AI,0.0,0.0,1
7165,as6-fragment02-435,word,IA,1.125,-1.125,1
7174,as6-fragment02-438,context,AI,3.3750001043081284,3.3750001043081284,1
7174,as6-fragment02-438,context,IA,6.375000051455572,-6.375000051455572,1
7174,as6-fragment02-438,word,AI,2.625000022351742,2.625000022351742,1
7174,as6-fragment02-438,word,IA,4.374999868683517,-4.374999868683517,1
7178,as6-fragment02-438,context,AI,3.374999973922968,3.374999973922968,1
7178,as6-fragment02-438,context,IA,2.749999977648258,-2.749999977648258,1
7178,as6-fragment02-438,word,AI,4.375000112690032,4.3750001126900315,1
7178,as6-fragment02-438,word,IA,3.249999925494194,-3.249999925494194,1
7193,as6-fragment02-441,context,AI,-2.124999962747097,-2.124999962747097,1
7193,as6-fragment02-441,context,IA,-1.5000000447034836,1.5000000447034836,1
7193,as6-fragment02-441,word,AI,-0.375,-0.375,1
7193,as6-fragment02-441,word,IA,-3.500000026077032,3.500000026077032,1
7196,as6-fragment02-441,context,AI,3.750000022351742,3.750000022351741,1
7196,as6-fragment02-441,context,IA,5.250000193715096,-5.2500001937150955,1
7196,as6-fragment02-441,word,AI,3.2499999068677425,3.2499999068677425,1
7196,as6-fragment02-441,word,IA,2.124999947845936,-2.124999947845936,1
7201,b17-fragment02-175,context,AI,3.750000076368451,3.750000076368451,2
7201,b17-fragment02-175,context,IA,3.687499917112291,-3.687499917112291,2
7201,b17-fragment02-175,word,AI,1.937499988824129,1.937499988824129,2
7201,b17-fragment02-175,word,IA,0.6875000298023224,-0.6875000298023225,2
7243,b17-fragment02-201,context,AI,5.374999779742211,5.374999779742211,1
7243,b17-fragment02-201,context,IA,5.999999985331669,-5.9999999853316694,1
7243,b17-fragment02-201,word,AI,5.00000011222437,5.00000011222437,1
7243,b17-fragment02-201,word,IA,2.874999895691872,-2.8749998956918716,1
7247,b17-fragment02-202,context,AI,4.624999990686774,4.624999990686774,1
7247,b17-fragment02-202,context,IA,4.000000216066837,-4.000000216066837,1
7247,b17-fragment02-202,word,AI,0.125,0.125,1
7247,b17-fragment02-202,word,IA,2.000000089406967,-2.000000089406967,1
7255,b17-fragment02-205,context,AI,4.750000044237822,4.750000044237822,2
7255,b17-fragment02-205,context,IA,5.187500044878107,-5.187500044878107,2
7255,b17-fragment02-205,word,AI,4.062499976251274,4.062499976251274,2
7255,b17-fragment02-205,word,IA,3.3125000775326043,-3.3125000775326043,2
7259,b17-fragment02-205,context,AI,-0.6249999403953552,-0.624999940395355,1
7259,b17-fragment02-205,context,IA,-0.125,0.125,1
7259,b17-fragment02-205,word,AI,-4.1249999683350325,-4.1249999683350325,1
7259,b17-fragment02-205,word,IA,-3.250000085681677,3.250000085681677,1
7274,b17-fragment02-210,context,AI,3.374999914318323,3.374999914318323,2
7274,b17-fragment02-210,context,IA,4.999999973690137,-4.999999973690137,2
7274,b17-fragment02-210,word,AI,3.562500107102096,3.562500107102096,2
7274,b17-fragment02-210,word,IA,3.8125000898726285,-3.8125000898726285,2
7280,b17-fragment02-212,context,AI,2.250000111758709,2.250000111758709,1
7280,b17-fragment02-212,context,IA,2.875000063329935,-2.875000063329935,1
7280,b17-fragment02-212,word,AI,0.0,0.0,1
7280,b17-fragment02-212,word,IA,0.5,-0.5,1
7282,b17-fragment02-213,context,AI,2.8749999590218067,2.8749999590218067,1
7282,b17-fragment02-213,context,IA,3.0000001154839997,-3.0000001154839993,1
7282,b17-fragment02-213,word,AI,5.250000230967999,5.250000230967999,1
7282,b17-fragment02-213,word,IA,4.624999802559614,-4.624999802559614,1
7301,b17-fragment02-223,context,AI,2.1250000074505806,2.1250000074505806,1
7301,b17-fragment02-223,context,IA,0.8749999403953552,-0.8749999403953552,1
7301,b17-fragment02-223,word,AI,-0.75,-0.75,1
7301,b17-fragment02-223,word,IA,0.375,-0.375,1
7325,b17-fragment02-231,context,AI,3.8750000465661287,3.8750000465661287,3
7325,b17-fragment02-231,context,IA,4.333333372681712,-4.333333372681712,3
7325,b17-fragment02-231,word,AI,2.8749999658515057,2.8749999658515057,3
7325,b17-fragment02-231,word,IA,2.4583333196739354,-2.4583333196739354,3
7333,b17-fragment02-235,context,AI,4.374999824911356,4.374999824911356,1
7333,b17-fragment02-235,context,IA,3.999999921768904,-3.9999999217689037,1
7333,b17-fragment02-235,word,AI,4.000000154599547,4.000000154599547,1
7333,b17-fragment02-235,word,IA,4.124999841675162,-4.124999841675162,1
7350,b17-fragment02-246,context,AI,-1.875,-1.875,1
7350,b17-fragment02-246,context,IA,0.125,-0.125,1
7350,b17-fragment02-246,word,AI,-0.25,-0.25,1
7350,b17-fragment02-246,word,IA,0.125,-0.125,1
7361,b1g-fragment02-742,context,AI,3.937500026077032,3.937500026077032,2
7361,b1g-fragment02-742,context,IA,1.6250000298023224,-1.6250000298023222,2
7361,b1g-fragment02-742,word,AI,2.0625000074505806,2.0625000074505806,2
7361,b1g-fragment02-742,word,IA,0.7499999701976776,-0.7499999701976776,2
7364,b1g-fragment02-742,context,AI,2.7500000596046448,2.7500000596046448,1
7364,b1g-fragment02-742,context,IA,2.750000074505806,-2.7500000745058064,1
7364,b1g-fragment02-742,word,AI,-1.4999999701976776,-1.4999999701976776,1
7364,b1g-fragment02-742,word,IA,-0.375,0.375,1
7389,b1g-fragment02-748,context,AI,3.2499999403953552,3.2499999403953552,1
7389,b1g-fragment02-748,context,IA,2.5000000298023224,-2.5000000298023224,1
7389,b1g-fragment02-748,word,AI,1.3750000149011612,1.3750000149011612,1
7389,b1g-fragment02-748,word,IA,-0.375,0.375,1
7436,b1g-fragment02-757,context,AI,2.6874999795109034,2.6874999795109034,2
7436,b1g-fragment02-757,context,IA,1.9999999701976776,-1.9999999701976776,2
7436,b1g-fragment02-757,word,AI,1.937499988824129,1.937499988824129,2
7436,b1g-fragment02-757,word,IA,0.6875000298023224,-0.6875000298023225,2
7465,b1g-fragment02-763,context,AI,3.124999910593033,3.1249999105930324,1
7465,b1g-fragment02-763,context,IA,1.4999999403953552,-1.4999999403953552,1
7465,b1g-fragment02-763,word,AI,4.499999766238034,4.499999766238034,1
7465,b1g-fragment02-763,word,IA,4.625000118277967,-4.625000118277967,1
7476,b1g-fragment02-1485,context,AI,2.2499998807907104,2.24999988079071,1
7476,b1g-fragment02-1485,context,IA,1.3749999850988388,-1.3749999850988386,1
7476,b1g-fragment02-1485,word,AI,0.125,0.125,1
7476,b1g-fragment02-1485,word,IA,-1.6249999701976776,1.6249999701976774,1
7491,b1g-fragment02-1493,context,AI,2.9999998919665813,2.9999998919665813,1
7491,b1g-fragment02-1493,context,IA,2.6249998807907104,-2.6249998807907104,1
7491,b1g-fragment02-1493,word,AI,3.374999947845936,3.374999947845936,1
7491,b1g-fragment02-1493,word,IA,2.2499999552965164,-2.2499999552965164,1
7506,b1g-fragment02-1498,context,AI,-0.5,-0.5,1
7506,b1g-fragment02-1498,context,IA,-3.000000074505806,3.000000074505806,1
7506,b1g-fragment02-1498,word,AI,-3.624999947845936,-3.624999947845936,1
7506,b1g-fragment02-1498,word,IA,-5.125000187661499,5.125000187661499,1
7508,b1g-fragment02-1498,context,AI,2.999999977648258,2.999999977648258,1
7508,b1g-fragment02-1498,context,IA,2.3749999552965164,-2.374999955296516,1
7508,b1g-fragment02-1498,word,AI,3.4999998845160007,3.4999998845160007,1
7508,b1g-fragment02-1498,word,IA,1.7500000447034836,-1.7500000447034836,1
7536,b1g-fragment02-1508,context,AI,3.500000063329935,3.500000063329935,1
7536,b1g-fragment02-1508,context,IA,3.6249999534338713,-3.6249999534338713,1
7536,b1g-fragment02-1508,word,AI,0.4999999701976776,0.49999997019767767,1
7536,b1g-fragment02-1508,word,IA,-1.5000000447034836,1.5000000447034836,1
7550,b1g-fragment02-1511,context,AI,3.0,3.0,1
7550,b1g-fragment02-1511,context,IA,3.500000096857548,-3.5000000968575478,1
7550,b1g-fragment02-1511,word,AI,1.874999925494194,1.874999925494194,1
7550,b1g-fragment02-1511,word,IA,0.125,-0.125,1
7554,b1g-fragment02-1512,context,AI,1.8749999552965164,1.874999955296516,1
7554,b1g-fragment02-1512,context,IA,1.5000000447034836,-1.5000000447034834,1
7554,b1g-fragment02-1512,word,AI,3.750000022351742,3.750000022351742,1
7554,b1g-fragment02-1512,word,IA,3.6249999832361937,-3.6249999832361937,1
7558,b1g-fragment02-1513,context,AI,-0.25,-0.25,1
7558,b1g-fragment02-1513,context,IA,-1.1250000596046448,1.1250000596046446,1
7558,b1g-fragment02-1513,word,AI,-3.3749998807907104,-3.3749998807907104,1
7558,b1g-fragment02-1513,word,IA,-5.2499997788108885,5.2499997788108885,1
7567,b1g-fragment02-1517,context,AI,1.5000000596046448,1.5000000596046446,1
7567,b1g-fragment02-1517,context,IA,3.2499999925494194,-3.2499999925494194,1
7567,b1g-fragment02-1517,word,AI,-1.6249999701976776,-1.6249999701976776,1
7567,b1g-fragment02-1517,word,IA,0.25,-0.25,1
7572,b1g-fragment02-1521,context,AI,1.6250000298023224,1.6250000298023224,1
7572,b1g-fragment02-1521,context,IA,-1.125,1.125,1
7572,b1g-fragment02-1521,word,AI,-0.375,-0.375,1
7572,b1g-fragment02-1521,word,IA,0.6249999403953552,-0.6249999403953552,1
7600,b1g-fragment02-1535,context,AI,5.0000001871958375,5.0000001871958375,1
7600,b1g-fragment02-1535,context,IA,2.625000089406967,-2.625000089406967,1
7600,b1g-fragment02-1535,word,AI,0.7500000596046448,0.750000059604645,1
7600,b1g-fragment02-1535,word,IA,1.3750000447034836,-1.3750000447034834,1
7608,b1g-fragment02-1537,context,AI,1.3749999552965164,1.3749999552965164,1
7608,b1g-fragment02-1537,context,IA,0.8749999403953552,-0.8749999403953552,1
7608,b1g-fragment02-1537,word,AI,0.0,0.0,1
7608,b1g-fragment02-1537,word,IA,-0.25,0.25,1
7631,b1g-fragment02-1548,context,AI,-1.0937500055879354,-1.0937500055879354,4
7631,b1g-fragment02-1548,context,IA,-0.8750000037252903,0.8750000037252903,4
7631,b1g-fragment02-1548,word,AI,-0.9062500232830643,-0.9062500232830644,4
7631,b1g-fragment02-1548,word,IA,-0.8125000223517419,0.8125000223517419,4
7682,b1g-fragment02-1569,context,AI,1.874999895691872,1.8749998956918716,1
7682,b1g-fragment02-1569,context,IA,0.8750000298023224,-0.8750000298023224,1
7682,b1g-fragment02-1569,word,AI,2.875000093132257,2.8750000931322575,1
7682,b1g-fragment02-1569,word,IA,-0.25,0.25,1
7689,b1g-fragment02-1570,context,AI,0.9999999701976776,0.9999999701976776,1
7689,b1g-fragment02-1570,context,IA,1.3749999701976776,-1.3749999701976776,1
7689,b1g-fragment02-1570,word,AI,2.124999985098839,2.124999985098839,1
7689,b1g-fragment02-1570,word,IA,2.624999903142452,-2.6249999031424522,1
7703,b1g-fragment02-1577,context,AI,2.1250001043081284,2.1250001043081284,1
7703,b1g-fragment02-1577,context,IA,1.0,-1.0,1
7703,b1g-fragment02-1577,word,AI,1.1250000596046448,1.1250000596046448,1
7703,b1g-fragment02-1577,word,IA,0.125,-0.125,1
7737,bmw-fragment09-2549,context,AI,0.7500000298023224,0.7500000298023224,1
7737,bmw-fragment09-2549,context,IA,1.0,-0.9999999999999998,1
7737,bmw-fragment09-2549,word,AI,-1.4999999850988388,-1.499999985098839,1
7737,bmw-fragment09-2549,word,IA,0.0,0.0,1
7747,bmw-fragment09-2553,context,AI,0.125,0.125,1
7747,bmw-fragment09-2553,context,IA,0.7499999701976776,-0.7499999701976776,1
7747,bmw-fragment09-2553,word,AI,0.5,0.5,1
7747,bmw-fragment09-2553,word,IA,3.5000000782310963,-3.5000000782310963,1
7815,bmw-fragment09-2611,context,AI,2.1750000324100256,2.1750000324100256,5
7815,bmw-fragment09-2611,context,IA,1.5749999910593033,-1.5749999910593033,5
7815,bmw-fragment09-2611,word,AI,1.349999976158142,1.349999976158142,5
7815,bmw-fragment09-2611,word,IA,-0.27500001788139344,0.27500001788139344,5
7820,bmw-fragment09-2614,context,AI,-0.75,-0.75,1
7820,bmw-fragment09-2614,context,IA,0.25,-0.25,1
7820,bmw-fragment09-2614,word,AI,-2.999999914318323,-2.9999999143183236,1
7820,bmw-fragment09-2614,word,IA,-1.5000000596046448,1.5000000596046448,1
7839,bmw-fragment09-2623,context,AI,3.8125001722946763,3.8125001722946763,2
7839,bmw-fragment09-2623,context,IA,2.749999936670065,-2.749999936670065,2
7839,bmw-fragment09-2623,word,AI,-5.124999991734512,-5.124999991734512,2
7839,bmw-fragment09-2623,word,IA,-5.249999960418791,5.249999960418791,2
7865,bmw-fragment09-2635,context,AI,2.083333298563957,2.083333298563957,3
7865,bmw-fragment09-2635,context,IA,2.3750000298023224,-2.3750000298023224,3
7865,bmw-fragment09-2635,word,AI,3.041666666045785,3.041666666045785,3
7865,bmw-fragment09-2635,word,IA,1.0416666964689891,-1.0416666964689891,3
7872,bmw-fragment09-2641,context,AI,3.874999916180968,3.8749999161809683,1
7872,bmw-fragment09-2641,context,IA,4.125000124797225,-4.125000124797225,1
7872,bmw-fragment09-2641,word,AI,3.375000014901161,3.375000014901161,1
7872,bmw-fragment09-2641,word,IA,0.7500000298023224,-0.7500000298023226,1
7874,bmw-fragment09-2641,context,AI,3.187500022351742,3.187500022351742,2
7874,bmw-fragment09-2641,context,IA,3.312500004656613,-3.312500004656613,2
7874,bmw-fragment09-2641,word,AI,1.812500011175871,1.812500011175871,2
7874,bmw-fragment09-2641,word,IA,-1.3125000149011612,1.3125000149011612,2
7902,bmw-fragment09-2681,context,AI,3.4999999878928065,3.4999999878928065,2
7902,bmw-fragment09-2681,context,IA,2.0625000409781933,-2.0625000409781933,2
7902,bmw-fragment09-2681,word,AI,0.3750000149011612,0.37500001490116125,2
7902,bmw-fragment09-2681,word,IA,-2.1250000037252903,2.1250000037252903,2
7935,bmw-fragment09-2724,context,AI,2.0000000298023224,2.0000000298023224,1
7935,bmw-fragment09-2724,context,IA,2.875000063329935,-2.8750000633299355,1
7935,bmw-fragment09-2724,word,AI,2.2499998807907104,2.2499998807907104,1
7935,bmw-fragment09-2724,word,IA,4.749999978579581,-4.749999978579581,1
7957,bmw-fragment09-2760,context,AI,2.874999932944774,2.8749999329447746,1
7957,bmw-fragment09-2760,context,IA,3.2499999962747097,-3.2499999962747093,1
7957,bmw-fragment09-2760,word,AI,-1.8750000298023224,-1.8750000298023224,1
7957,bmw-fragment09-2760,word,IA,-1.0000000596046448,1.0000000596046448,1
7985,bmw-fragment09-2783,context,AI,4.250000016763806,4.250000016763806,1
7985,bmw-fragment09-2783,context,IA,5.750000036787242,-5.750000036787242,1
7985,bmw-fragment09-2783,word,AI,-2.750000074505806,-2.750000074505806,1
7985,bmw-fragment09-2783,word,IA,-3.3750001043081284,3.375000104308128,1
7996,bmw-fragment09-2790,context,AI,2.0,2.0,1
7996,bmw-fragment09-2790,context,IA,3.500000089406967,-3.500000089406967,1
7996,bmw-fragment09-2790,word,AI,-0.6249999701976776,-0.6249999701976776,1
7996,bmw-fragment09-2790,word,IA,-0.625,0.6249999999999998,1
7998,bmw-fragment09-2793,context,AI,-0.6249999701976776,-0.6249999701976776,1
7998,bmw-fragment09-2793,context,IA,-0.9999999403953552,0.9999999403953552,1
7998,bmw-fragment09-2793,word,AI,-1.7500000149011612,-1.750000014901161,1
7998,bmw-fragment09-2793,word,IA,-3.250000026077032,3.250000026077032,1
8060,bpa-fragment14-2037,context,AI,1.5000000298023224,1.5000000298023224,2
8060,bpa-fragment14-2037,context,IA,1.9375000279396775,-1.9375000279396772,2
8060,bpa-fragment14-2037,word,AI,3.7500000270083547,3.7500000270083547,2
8060,bpa-fragment14-2037,word,IA,0.1249999850988388,-0.12499998509883883,2
8144,bpa-fragment14-2136,context,AI,1.8125000521540642,1.8125000521540642,2
8144,bpa-fragment14-2136,context,IA,0.2500000074505806,-0.2500000074505806,2
8144,bpa-fragment14-2136,word,AI,2.125000001862645,2.125000001862645,2
8144,bpa-fragment14-2136,word,IA,1.1875000149011612,-1.1875000149011614,2
8162,bpa-fragment14-2154,context,AI,2.8124999161809683,2.8124999161809683,2
8162,bpa-fragment14-2154,context,IA,5.374999998603016,-5.374999998603016,2
8162,bpa-fragment14-2154,word,AI,-1.6249999813735483,-1.6249999813735485,2
8162,bpa-fragment14-2154,word,IA,-3.8749999571591616,3.8749999571591616,2
8216,bpa-fragment14-2241,context,AI,-2.749999895691872,-2.7499998956918716,1
8216,bpa-fragment14-2241,context,IA,-2.8749999403953552,2.8749999403953552,1
8216,bpa-fragment14-2241,word,AI,-1.75,-1.7499999999999998,1
8216,bpa-fragment14-2241,word,IA,-1.1250000298023224,1.1250000298023224,1
8237,bpa-fragment14-2278,context,AI,3.166666718199849,3.166666718199849,3
8237,bpa-fragment14-2278,context,IA,1.2083333631356556,-1.208333363135656,3
8237,bpa-fragment14-2278,word,AI,0.9999999751647315,0.9999999751647314,3
8237,bpa-fragment14-2278,word,IA,-0.250000037252903,0.25000003725290315,3
8306,c8t-fragment01-10,context,AI,2.8749999962747097,2.8749999962747093,1
8306,c8t-fragment01-10,context,IA,2.6249999701976776,-2.6249999701976776,1
8306,c8t-fragment01-10,word,AI,-1.9999999552965164,-1.9999999552965164,1
8306,c8t-fragment01-10,word,IA,-2.8750000558793545,2.875000055879355,1
8311,c8t-fragment01-11,context,AI,-2.8750000782310963,-2.8750000782310963,1
8311,c8t-fragment01-11,context,IA,-2.000000074505806,2.000000074505806,1
8311,c8t-fragment01-11,word,AI,-2.999999914318323,-2.999999914318323,1
8311,c8t-fragment01-11,word,IA,-4.000000186264515,4.000000186264515,1
8316,c8t-fragment01-13,context,AI,3.187500084284693,3.187500084284693,2
8316,c8t-fragment01-13,context,IA,4.312499993015081,-4.312499993015081,2
8316,c8t-fragment01-13,word,AI,0.5000000149011612,0.5000000149011613,2
8316,c8t-fragment01-13,word,IA,-0.5624999701976776,0.5624999701976776,2
8333,c8t-fragment01-23,context,AI,0.5000000298023224,0.5000000298023224,1
8333,c8t-fragment01-23,context,IA,1.2499999403953552,-1.2499999403953552,1
8333,c8t-fragment01-23,word,AI,1.874999925494194,1.874999925494194,1
8333,c8t-fragment01-23,word,IA,-0.125,0.125,1
8368,c8t-fragment01-48,context,AI,3.062500006519258,3.062500006519258,2
8368,c8t-fragment01-48,context,IA,4.874999887542799,-4.874999887542799,2
8368,c8t-fragment01-48,word,AI,1.0000000651925802,1.0000000651925802,2
8368,c8t-fragment01-48,word,IA,1.4901161193847656e-08,-1.490116130486996e-08,2
8423,c8t-fragment01-115,context,AI,1.4999999776482582,1.4999999776482582,4
8423,c8t-fragment01-115,context,IA,2.937499994179234,-2.937499994179234,4
8423,c8t-fragment01-115,word,AI,0.09375001303851604,0.09375001303851604,4
8423,c8t-fragment01-115,word,IA,0.7499999590218068,-0.7499999590218067,4
8442,c8t-fragment01-127,context,AI,2.9999999962747097,2.9999999962747097,1
8442,c8t-fragment01-127,context,IA,5.250000170897692,-5.250000170897692,1
8442,c8t-fragment01-127,word,AI,3.7499999571591616,3.749999957159161,1
8442,c8t-fragment01-127,word,IA,0.125,-0.125,1
8454,cb5-fragment02-3185,context,AI,2.374999925494194,2.374999925494194,1
8454,cb5-fragment02-3185,context,IA,3.374999921768904,-3.3749999217689037,1
8454,cb5-fragment02-3185,word,AI,4.7499998062849045,4.7499998062849045,1
8454,cb5-fragment02-3185,word,IA,-1.8750001043081284,1.8750001043081284,1
8467,cb5-fragment02-3203,context,AI,4.249999906867743,4.2499999068677425,1
8467,cb5-fragment02-3203,context,IA,5.124999862164259,-5.124999862164259,1
8467,cb5-fragment02-3203,word,AI,4.2499998807907104,4.2499998807907104,1
8467,cb5-fragment02-3203,word,IA,4.125000145286322,-4.125000145286322,1
8540,cb5-fragment02-3329,context,AI,4.249999919673428,4.249999919673428,4
8540,cb5-fragment02-3329,context,IA,5.812499970837962,-5.812499970837962,4
8540,cb5-fragment02-3329,word,AI,2.343750050291419,2.343750050291419,4
8540,cb5-fragment02-3329,word,IA,3.3750000128056854,-3.3750000128056854,4
8555,cb5-fragment02-3354,context,AI,0.5937499925494194,0.5937499925494194,4
8555,cb5-fragment02-3354,context,IA,0.6875000149011612,-0.6875000149011612,4
8555,cb5-fragment02-3354,word,AI,3.999999916413799,3.999999916413799,4
8555,cb5-fragment02-3354,word,IA,3.9687499856809154,-3.9687499856809154,4
8591,cb5-fragment02-3415,context,AI,3.500000070780516,3.5000000707805157,1
8591,cb5-fragment02-3415,context,IA,3.249999921768904,-3.2499999217689037,1
8591,cb5-fragment02-3415,word,AI,0.0,0.0,1
8591,cb5-fragment02-3415,word,IA,-2.499999932944774,2.4999999329447746,1
8609,ccw-fragment03-1568,context,AI,2.250000014901161,2.250000014901161,1
8609,ccw-fragment03-1568,context,IA,2.250000074505806,-2.250000074505806,1
8609,ccw-fragment03-1568,word,AI,-2.249999888241291,-2.249999888241291,1
8609,ccw-fragment03-1568,word,IA,-2.0000001043081284,2.0000001043081284,1
8679,ccw-fragment03-1639,context,AI,-0.125,-0.125,1
8679,ccw-fragment03-1639,context,IA,1.5,-1.5,1
8679,ccw-fragment03-1639,word,AI,1.9999999105930328,1.9999999105930328,1
8679,ccw-fragment03-1639,word,IA,1.3750000149011612,-1.3750000149011612,1
8684,ccw-fragment03-1640,context,AI,-1.5000000298023224,-1.5000000298023224,1
8684,ccw-fragment03-1640,context,IA,-0.125,0.125,1
8684,ccw-fragment03-1640,word,AI,-5.499999930150807,-5.499999930150807,1
8684,ccw-fragment03-1640,word,IA,-2.375000014901161,2.375000014901161,1
8719,ccw-fragment04-1995,context,AI,3.249999988824129,3.249999988824129,2
8719,ccw-fragment04-1995,context,IA,4.312500131316483,-4.312500131316483,2
8719,ccw-fragment04-1995,word,AI,-1.374999988824129,-1.374999988824129,2
8719,ccw-fragment04-1995,word,IA,-2.3125,2.3125,2
8747,ccw-fragment04-2036,context,AI,1.1875000670552254,1.1875000670552254,2
8747,ccw-fragment04-2036,context,IA,-4.470348358154297e-08,4.470348358154297e-08,2
8747,ccw-fragment04-2036,word,AI,-0.8125,-0.8125,2
8747,ccw-fragment04-2036,word,IA,-2.0000000037252903,2.0000000037252903,2
8763,ccw-fragment04-2051,context,AI,3.208333279006183,3.208333279006183,3
8763,ccw-fragment04-2051,context,IA,3.708333332402011,-3.708333332402011,3
8763,ccw-fragment04-2051,word,AI,2.0833333044623337,2.0833333044623337,3
8763,ccw-fragment04-2051,word,IA,1.958333432674408,-1.958333432674408,3
8769,ccw-fragment04-2053,context,AI,3.749999914318323,3.749999914318323,1
8769,ccw-fragment04-2053,context,IA,4.1249999441206455,-4.1249999441206455,1
8769,ccw-fragment04-2053,word,AI,0.0,0.0,1
8769,ccw-fragment04-2053,word,IA,0.25,-0.25,1
8805,ccw-fragment04-2095,context,AI,-0.125,-0.125,1
8805,ccw-fragment04-2095,context,IA,0.7499999701976776,-0.7499999701976776,1
8805,ccw-fragment04-2095,word,AI,-3.1250000074505806,-3.125000007450581,1
8805,ccw-fragment04-2095,word,IA,-1.0000000596046448,1.0000000596046448,1
8875,cdb-fragment02-376,context,AI,2.2500000596046448,2.2500000596046448,1
8875,cdb-fragment02-376,context,IA,1.3750000298023224,-1.3750000298023224,1
8875,cdb-fragment02-376,word,AI,0.125,0.125,1
8875,cdb-fragment02-376,word,IA,0.0,0.0,1
8879,cdb-fragment02-387,context,AI,0.7916666716337204,0.7916666716337204,3
8879,cdb-fragment02-387,context,IA,0.833333338300387,-0.833333338300387,3
8879,cdb-fragment02-387,word,AI,-0.958333303531011,-0.9583333035310111,3
8879,cdb-fragment02-387,word,IA,0.4166666567325592,-0.41666665673255904,3
8913,cdb-fragment02-411,context,AI,2.062500052154064,2.062500052154064,2
8913,cdb-fragment02-411,context,IA,3.1874999036081135,-3.1874999036081135,2
8913,cdb-fragment02-411,word,AI,-0.812499947845936,-0.8124999478459358,2
8913,cdb-fragment02-411,word,IA,-2.062500014901161,2.062500014901161,2
8963,cdb-fragment02-457,context,AI,-2.1250000596046448,-2.1250000596046448,1
8963,cdb-fragment02-457,context,IA,-1.7500000596046448,1.750000059604645,1
8963,cdb-fragment02-457,word,AI,-4.3750000754371285,-4.3750000754371285,1
8963,cdb-fragment02-457,word,IA,-2.875000100582838,2.8750001005828376,1
8968,cdb-fragment02-458,context,AI,1.7500000558793545,1.7500000558793545,2
8968,cdb-fragment02-458,context,IA,4.06249998207204,-4.06249998207204,2
8968,cdb-fragment02-458,word,AI,-3.2499999897554517,-3.2499999897554517,2
8968,cdb-fragment02-458,word,IA,-3.624999939929694,3.624999939929694,2
9024,cdb-fragment02-511,context,AI,1.125000063329935,1.1250000633299353,2
9024,cdb-fragment02-511,context,IA,1.6874999701976776,-1.6874999701976776,2
9024,cdb-fragment02-511,word,AI,-2.187499975785613,-2.187499975785613,2
9024,cdb-fragment02-511,word,IA,-2.1875000493600965,2.1875000493600965,2
9072,cdb-fragment04-880,context,AI,4.12499997454385,4.12499997454385,3
9072,cdb-fragment04-880,context,IA,4.75000006860743,-4.75000006860743,3
9072,cdb-fragment04-880,word,AI,-1.9583333457509677,-1.9583333457509677,3
9072,cdb-fragment04-880,word,IA,-2.749999960884452,2.749999960884452,3
9120,cdb-fragment04-922,context,AI,4.06249993480742,4.06249993480742,2
9120,cdb-fragment04-922,context,IA,5.937499919324182,-5.937499919324182,2
9120,cdb-fragment04-922,word,AI,3.7499999688006938,3.7499999688006938,2
9120,cdb-fragment04-922,word,IA,3.187499964609742,-3.187499964609742,2
9164,cdb-fragment04-964,context,AI,0.375,0.375,1
9164,cdb-fragment04-964,context,IA,0.25,-0.25,1
9164,cdb-fragment04-964,word,AI,0.5,0.5,1
9164,cdb-fragment04-964,word,IA,-3.374999910593033,3.374999910593033,1
9168,cdb-fragment04-968,context,AI,-0.8749999403953552,-0.8749999403953552,1
9168,cdb-fragment04-968,context,IA,0.75,-0.75,1
9168,cdb-fragment04-968,word,AI,-2.3750000298023224,-2.3750000298023224,1
9168,cdb-fragment04-968,word,IA,-0.9999999403953552,0.9999999403953552,1
9172,cdb-fragment04-971,context,AI,2.9999999962747097,2.9999999962747097,2
9172,cdb-fragment04-971,context,IA,2.249999914318323,-2.249999914318323,2
9172,cdb-fragment04-971,word,AI,-2.124999910593033,-2.124999910593033,2
9172,cdb-fragment04-971,word,IA,-2.7499999832361937,2.7499999832361937,2
9211,clp-fragment01-757,context,AI,4.437500006519258,4.437500006519258,2
9211,clp-fragment01-757,context,IA,3.812499932944775,-3.8124999329447746,2
9211,clp-fragment01-757,word,AI,2.000000014901161,2.000000014901161,2
9211,clp-fragment01-757,word,IA,0.8749999776482582,-0.8749999776482583,2
9231,clp-fragment01-766,context,AI,3.416666666045785,3.416666666045785,3
9231,clp-fragment01-766,context,IA,2.0416666070620217,-2.0416666070620217,3
9231,clp-fragment01-766,word,AI,3.3749999285986028,3.3749999285986028,3
9231,clp-fragment01-766,word,IA,1.6666666915019352,-1.6666666915019352,3
9249,clp-fragment01-772,context,AI,3.1250000316649675,3.1250000316649675,2
9249,clp-fragment01-772,context,IA,1.874999988824129,-1.874999988824129,2
9249,clp-fragment01-772,word,AI,3.312499975785613,3.312499975785613,2
9249,clp-fragment01-772,word,IA,2.3124999925494194,-2.3124999925494194,2
9274,clp-fragment01-782,context,AI,4.000000221654773,4.000000221654774,1
9274,clp-fragment01-782,context,IA,4.749999822117388,-4.749999822117389,1
9274,clp-fragment01-782,word,AI,4.749999804422259,4.749999804422259,1
9274,clp-fragment01-782,word,IA,4.500000048428774,-4.500000048428774,1
9306,clp-fragment01-790,context,AI,-1.7916666405896347,-1.7916666405896347,3
9306,clp-fragment01-790,context,IA,-2.4999999751647315,2.4999999751647315,3
9306,clp-fragment01-790,word,AI,-0.874999997516473,-0.8749999975164732,3
9306,clp-fragment01-790,word,IA,-1.5833333792785804,1.5833333792785804,3
9312,clp-fragment01-792,context,AI,1.0624999552965164,1.0624999552965164,2
9312,clp-fragment01-792,context,IA,0.0625,-0.0625,2
9312,clp-fragment01-792,word,AI,-2.1875000074505806,-2.1875000074505806,2
9312,clp-fragment01-792,word,IA,-4.062500082887709,4.062500082887709,2
9319,clp-fragment01-796,context,AI,1.7500000447034836,1.7500000447034834,1
9319,clp-fragment01-796,context,IA,2.5000000596046448,-2.5000000596046448,1
9319,clp-fragment01-796,word,AI,2.4999998807907104,2.4999998807907104,1
9319,clp-fragment01-796,word,IA,0.8750000298023224,-0.8750000298023224,1
9328,clp-fragment01-800,context,AI,-0.7499999701976776,-0.7499999701976776,1
9328,clp-fragment01-800,context,IA,0.25,-0.25,1
9328,clp-fragment01-800,word,AI,-2.7500001043081284,-2.7500001043081284,1
9328,clp-fragment01-800,word,IA,-2.2500000298023224,2.2500000298023224,1
9364,clp-fragment01-812,context,AI,-1.187500048428774,-1.1875000484287739,2
9364,clp-fragment01-812,context,IA,-1.3749999813735485,1.3749999813735485,2
9364,clp-fragment01-812,word,AI,-3.8124999538995326,-3.8124999538995326,2
9364,clp-fragment01-812,word,IA,-2.249999988824129,2.249999988824129,2
9371,clp-fragment01-815,context,AI,-0.375,-0.3749999999999999,1
9371,clp-fragment01-815,context,IA,0.375,-0.3750000000000001,1
9371,clp-fragment01-815,word,AI,2.249999910593033,2.249999910593033,1
9371,clp-fragment01-815,word,IA,2.7500001043081284,-2.7500001043081284,1
9385,clp-fragment01-822,context,AI,4.125000081956387,4.125000081956387,1
9385,clp-fragment01-822,context,IA,1.125,-1.1249999999999998,1
9385,clp-fragment01-822,word,AI,1.875000074505806,1.875000074505806,1
9385,clp-fragment01-822,word,IA,-0.25,0.25,1
9392,clp-fragment01-826,context,AI,4.624999969266355,4.624999969266355,1
9392,clp-fragment01-826,context,IA,4.749999964609742,-4.749999964609742,1
9392,clp-fragment01-826,word,AI,4.125000206753612,4.125000206753612,1
9392,clp-fragment01-826,word,IA,4.249999821186066,-4.249999821186066,1
9400,clp-fragment01-831,context,AI,5.124999766703695,5.124999766703695,1
9400,clp-fragment01-831,context,IA,6.749999797320925,-6.749999797320925,1
9400,clp-fragment01-831,word,AI,4.749999804422259,4.749999804422259,1
9400,clp-fragment01-831,word,IA,4.500000048428774,-4.500000048428774,1
9409,clp-fragment01-838,context,AI,1.687499947845936,1.6874999478459356,2
9409,clp-fragment01-838,context,IA,2.5625000298023224,-2.5625000298023224,2
9409,clp-fragment01-838,word,AI,1.937500022351742,1.9375000223517418,2
9409,clp-fragment01-838,word,IA,1.9374999962747097,-1.9374999962747097,2
9413,clp-fragment01-840,context,AI,4.749999867752194,4.749999867752194,1
9413,clp-fragment01-840,context,IA,4.875000063329935,-4.875000063329935,1
9413,clp-fragment01-840,word,AI,4.875000194646418,4.875000194646418,1
9413,clp-fragment01-840,word,IA,2.374999910593033,-2.374999910593033,1
9441,clp-fragment01-852,context,AI,-0.6250000074505806,-0.6250000074505806,2
9441,clp-fragment01-852,context,IA,-2.500000014901161,2.500000014901161,2
9441,clp-fragment01-852,word,AI,-1.1249999850988388,-1.1249999850988388,2
9441,clp-fragment01-852,word,IA,-4.749999904073775,4.749999904073775,2
9459,clp-fragment01-859,context,AI,0.25,0.25,1
9459,clp-fragment01-859,context,IA,0.7499999701976776,-0.7499999701976776,1
9459,clp-fragment01-859,word,AI,2.000000074505806,2.000000074505806,1
9459,clp-fragment01-859,word,IA,2.124999925494194,-2.1249999254941936,1
9467,clp-fragment01-863,context,AI,-3.520833395731946,-3.520833395731946,6
9467,clp-fragment01-863,context,IA,-2.1875000131937363,2.1875000131937368,6
9467,clp-fragment01-863,word,AI,-1.9583332805583875,-1.9583332805583875,6
9467,clp-fragment01-863,word,IA,-3.6458334193642563,3.6458334193642563,6
9477,clp-fragment01-870,context,AI,1.7499999850988388,1.7499999850988388,1
9477,clp-fragment01-870,context,IA,1.6250000298023224,-1.6250000298023224,1
9477,clp-fragment01-870,word,AI,2.3750000596046448,2.3750000596046448,1
9477,clp-fragment01-870,word,IA,1.3750000149011612,-1.3750000149011612,1
9478,clp-fragment01-870,context,AI,-0.125,-0.12500000000000014,3
9478,clp-fragment01-870,context,IA,-0.791666661699613,0.791666661699613,3
9478,clp-fragment01-870,word,AI,-2.2083333490105965,-2.2083333490105965,3
9478,clp-fragment01-870,word,IA,-2.5416666582847633,2.5416666582847633,3
9530,clp-fragment01-897,context,AI,1.1249999403953552,1.1249999403953554,1
9530,clp-fragment01-897,context,IA,1.9999999850988388,-1.9999999850988388,1
9530,clp-fragment01-897,word,AI,3.374999914318323,3.374999914318323,1
9530,clp-fragment01-897,word,IA,2.0000001043081284,-2.0000001043081284,1
9547,clw-fragment01-5,context,AI,2.5000000596046448,2.5000000596046448,1
9547,clw-fragment01-5,context,IA,3.124999936670065,-3.124999936670065,1
9547,clw-fragment01-5,word,AI,-0.875,-0.875,1
9547,clw-fragment01-5,word,IA,-0.375,0.375,1
9556,clw-fragment01-8,context,AI,1.0,1.0,1
9556,clw-fragment01-8,context,IA,0.375,-0.375,1
9556,clw-fragment01-8,word,AI,-0.6250000298023224,-0.6250000298023224,1
9556,clw-fragment01-8,word,IA,-0.7499999701976776,0.7499999701976774,1
9585,clw-fragment01-21,context,AI,0.7500000149011612,0.7500000149011612,2
9585,clw-fragment01-21,context,IA,0.8125000298023224,-0.8125000298023224,2
9585,clw-fragment01-21,word,AI,2.1250000558793545,2.1250000558793545,2
9585,clw-fragment01-21,word,IA,-0.06249997764825821,0.06249997764825821,2
9597,clw-fragment01-25,context,AI,0.5624999850988388,0.5624999850988388,2
9597,clw-fragment01-25,context,IA,0.8750000223517418,-0.8750000223517417,2
9597,clw-fragment01-25,word,AI,-1.8124999329447748,-1.8124999329447746,2
9597,clw-fragment01-25,word,IA,-2.0624999683350325,2.0624999683350325,2
9608,clw-fragment01-28,context,AI,0.375,0.375,1
9608,clw-fragment01-28,context,IA,-0.125,0.125,1
9608,clw-fragment01-28,word,AI,-1.8750000149011607,-1.8750000149011612,1
9608,clw-fragment01-28,word,IA,1.2500000596046448,-1.2500000596046448,1
9647,clw-fragment01-45,context,AI,-0.7500000596046448,-0.7500000596046446,1
9647,clw-fragment01-45,context,IA,1.1249999701976776,-1.1249999701976776,1
9647,clw-fragment01-45,word,AI,-3.125000014901161,-3.125000014901161,1
9647,clw-fragment01-45,word,IA,-1.8750000596046448,1.8750000596046448,1
9649,clw-fragment01-47,context,AI,0.125,0.125,1
9649,clw-fragment01-47,context,IA,0.0,0.0,1
9649,clw-fragment01-47,word,AI,0.25,0.25,1
9649,clw-fragment01-47,word,IA,0.6249999701976776,-0.6249999701976776,1
9670,clw-fragment01-55,context,AI,4.250000042840838,4.250000042840838,1
9670,clw-fragment01-55,context,IA,2.874999888241291,-2.874999888241291,1
9670,clw-fragment01-55,word,AI,0.375,0.375,1
9670,clw-fragment01-55,word,IA,-1.7499999552965164,1.7499999552965164,1
9705,clw-fragment01-65,context,AI,0.8749999850988388,0.8749999850988388,4
9705,clw-fragment01-65,context,IA,1.4062500298023224,-1.4062500298023224,4
9705,clw-fragment01-65,word,AI,-0.5937500074505806,-0.5937500074505806,4
9705,clw-fragment01-65,word,IA,-0.5000000037252903,0.5000000037252903,4
9727,clw-fragment01-72,context,AI,1.5624999850988388,1.5624999850988388,2
9727,clw-fragment01-72,context,IA,3.1250000298023224,-3.1250000298023224,2
9727,clw-fragment01-72,word,AI,1.5,1.5,2
9727,clw-fragment01-72,word,IA,1.9375000316649675,-1.9375000316649675,2
9738,clw-fragment01-76,context,AI,3.625000018626452,3.625000018626452,1
9738,clw-fragment01-76,context,IA,2.7500001043081284,-2.7500001043081284,1
9738,clw-fragment01-76,word,AI,3.5000000335276127,3.5000000335276127,1
9738,clw-fragment01-76,word,IA,2.499999985098839,-2.499999985098839,1
9768,clw-fragment01-83,context,AI,0.25,0.25,1
9768,clw-fragment01-83,context,IA,1.5000000149011612,-1.5000000149011612,1
9768,clw-fragment01-83,word,AI,2.249999910593033,2.249999910593033,1
9768,clw-fragment01-83,word,IA,0.25,-0.25,1
9791,clw-fragment01-93,context,AI,2.6875000838190317,2.6875000838190317,2
9791,clw-fragment01-93,context,IA,1.875000024214387,-1.875000024214387,2
9791,clw-fragment01-93,word,AI,-0.3749999925494194,-0.3749999925494193,2
9791,clw-fragment01-93,word,IA,-0.3125000298023224,0.3125000298023223,2
9832,clw-fragment01-111,context,AI,3.749999921768904,3.7499999217689037,1
9832,clw-fragment01-111,context,IA,3.750000094994903,-3.7500000949949026,1
9832,clw-fragment01-111,word,AI,0.125,0.125,1
9832,clw-fragment01-111,word,IA,-0.375,0.375,1
9841,clw-fragment01-115,context,AI,1.6250000447034836,1.6250000447034838,1
9841,clw-fragment01-115,context,IA,1.3750000298023224,-1.3750000298023224,1
9841,clw-fragment01-115,word,AI,2.4999999701976776,2.4999999701976776,1
9841,clw-fragment01-115,word,IA,1.625,-1.6250000000000002,1
9845,clw-fragment01-116,context,AI,1.687500048428774,1.6875000484287739,2
9845,clw-fragment01-116,context,IA,1.8124999962747097,-1.8124999962747097,2
9845,clw-fragment01-116,word,AI,2.812500017695129,2.812500017695129,2
9845,clw-fragment01-116,word,IA,1.8124999906867743,-1.8124999906867743,2
9853,clw-fragment01-118,context,AI,4.874999969266355,4.874999969266355,1
9853,clw-fragment01-118,context,IA,5.250000025611371,-5.250000025611371,1
9853,clw-fragment01-118,word,AI,2.500000014901161,2.500000014901161,1
9853,clw-fragment01-118,word,IA,1.9999999552965164,-1.9999999552965164,1
9857,clw-fragment01-119,context,AI,3.4999998724088073,3.4999998724088073,2
9857,clw-fragment01-119,context,IA,3.250000027474016,-3.250000027474016,2
9857,clw-fragment01-119,word,AI,3.250000011175871,3.250000011175871,2
9857,clw-fragment01-119,word,IA,3.1249999729916453,-3.1249999729916453,2
9869,clw-fragment01-123,context,AI,2.8125000363215804,2.812500036321581,2
9869,clw-fragment01-123,context,IA,3.4999999860301614,-3.4999999860301614,2
9869,clw-fragment01-123,word,AI,0.4374999850988388,0.4374999850988388,2
9869,clw-fragment01-123,word,IA,0.8124999850988388,-0.8124999850988388,2
9891,clw-fragment01-132,context,AI,1.3750000298023224,1.3750000298023222,1
9891,clw-fragment01-132,context,IA,1.2500000298023224,-1.2500000298023226,1
9891,clw-fragment01-132,word,AI,-3.374999977648258,-3.374999977648258,1
9891,clw-fragment01-132,word,IA,-1.6250000298023224,1.6250000298023224,1
9895,clw-fragment01-133,context,AI,0.9999999403953552,0.9999999403953552,1
9895,clw-fragment01-133,context,IA,1.75,-1.7499999999999998,1
9895,clw-fragment01-133,word,AI,0.0,0.0,1
9895,clw-fragment01-133,word,IA,2.749999932944774,-2.7499999329447746,1
9921,clw-fragment01-141,context,AI,3.6875000596046448,3.6875000596046448,2
9921,clw-fragment01-141,context,IA,2.8124998938292265,-2.8124998938292265,2
9921,clw-fragment01-141,word,AI,2.4374999720603228,2.4374999720603228,2
9921,clw-fragment01-141,word,IA,2.437499988824129,-2.437499988824129,2
9926,clw-fragment01-141,context,AI,2.6250000409781933,2.625000040978193,2
9926,clw-fragment01-141,context,IA,2.8750000670552254,-2.8750000670552254,2
9926,clw-fragment01-141,word,AI,-2.6874999813735485,-2.6874999813735485,2
9926,clw-fragment01-141,word,IA,-3.8125000558793545,3.8125000558793545,2
9941,clw-fragment01-148,context,AI,1.4999999850988388,1.4999999850988388,1
9941,clw-fragment01-148,context,IA,-0.125,0.125,1
9941,clw-fragment01-148,word,AI,2.000000089406967,2.000000089406967,1
9941,clw-fragment01-148,word,IA,-0.7499999403953552,0.7499999403953552,1
9953,clw-fragment01-150,context,AI,6.124999890802428,6.124999890802428,2
9953,clw-fragment01-150,context,IA,7.062499883235432,-7.062499883235432,2
9953,clw-fragment01-150,word,AI,1.874999966472387,1.8749999664723873,2
9953,clw-fragment01-150,word,IA,1.4375000037252903,-1.4375000037252903,2
9997,clw-fragment01-161,context,AI,1.7500000372529032,1.7500000372529034,2
9997,clw-fragment01-161,context,IA,1.750000037252903,-1.750000037252903,2
9997,clw-fragment01-161,word,AI,-2.187500056810677,-2.187500056810677,2
9997,clw-fragment01-161,word,IA,-2.8750000898726285,2.8750000898726285,2
10021,crs-fragment01-6,context,AI,1.1250000298023224,1.1250000298023224,1
10021,crs-fragment01-6,context,IA,1.0,-0.9999999999999998,1
10021,crs-fragment01-6,word,AI,1.5000000596046448,1.500000059604645,1
10021,crs-fragment01-6,word,IA,2.249999925494194,-2.249999925494194,1
10034,crs-fragment01-10,context,AI,3.1249999853316694,3.1249999853316694,2
10034,crs-fragment01-10,context,IA,3.81250002537854,-3.81250002537854,2
10034,crs-fragment01-10,word,AI,-0.25,-0.25,2
10034,crs-fragment01-10,word,IA,-1.875000024214387,1.875000024214387,2
10067,crs-fragment01-37,context,AI,1.1250000596046448,1.1250000596046448,1
10067,crs-fragment01-37,context,IA,2.124999932944774,-2.1249999329447746,1
10067,crs-fragment01-37,word,AI,-0.25,-0.25,1
10067,crs-fragment01-37,word,IA,-0.5000000298023224,0.5000000298023224,1
10118,crs-fragment01-71,context,AI,2.874999969266355,2.874999969266355,2
10118,crs-fragment01-71,context,IA,3.187499918276444,-3.187499918276444,2
10118,crs-fragment01-71,word,AI,0.06250003725290298,0.0625000372529031,2
10118,crs-fragment01-71,word,IA,1.2500000521540642,-1.2500000521540642,2
10138,crs-fragment01-85,context,AI,0.9374999850988388,0.937499985098839,2
10138,crs-fragment01-85,context,IA,2.500000048428774,-2.500000048428774,2
10138,crs-fragment01-85,word,AI,0.6249999850988388,0.6249999850988388,2
10138,crs-fragment01-85,word,IA,0.0,0.0,2
10142,crs-fragment01-88,context,AI,1.6249999850988388,1.6249999850988388,1
10142,crs-fragment01-88,context,IA,1.2500000596046448,-1.2500000596046448,1
10142,crs-fragment01-88,word,AI,-0.375,-0.375,1
10142,crs-fragment01-88,word,IA,0.6249999403953552,-0.6249999403953552,1
10187,cty-fragment03-463,context,AI,-0.7500000596046448,-0.7500000596046448,1
10187,cty-fragment03-463,context,IA,1.1250000298023224,-1.1250000298023224,1
10187,cty-fragment03-463,word,AI,-0.6250000298023224,-0.6250000298023224,1
10187,cty-fragment03-463,word,IA,-1.6249999552965164,1.6249999552965166,1
10192,cty-fragment03-464,context,AI,0.0,0.0,1
10192,cty-fragment03-464,context,IA,0.7500000596046448,-0.7500000596046446,1
10192,cty-fragment03-464,word,AI,0.75,0.75,1
10192,cty-fragment03-464,word,IA,0.4999999701976776,-0.49999997019767767,1
10196,cty-fragment03-464,context,AI,0.25,0.25,1
10196,cty-fragment03-464,context,IA,-0.125,0.125,1
10196,cty-fragment03-464,word,AI,-2.125000111758709,-2.125000111758709,1
10196,cty-fragment03-464,word,IA,-1.3750000149011612,1.3750000149011612,1
10200,cty-fragment03-467,context,AI,2.5000000074505806,2.5000000074505806,1
10200,cty-fragment03-467,context,IA,2.749999903142452,-2.7499999031424522,1
10200,cty-fragment03-467,word,AI,2.749999918043613,2.749999918043614,1
10200,cty-fragment03-467,word,IA,-0.25,0.25,1
10212,cty-fragment03-469,context,AI,1.9999999403953552,1.9999999403953552,1
10212,cty-fragment03-469,context,IA,3.249999973922968,-3.249999973922968,1
10212,cty-fragment03-469,word,AI,0.8749999701976776,0.8749999701976776,1
10212,cty-fragment03-469,word,IA,3.750000035390258,-3.750000035390258,1
10222,cty-fragment03-469,context,AI,0.0,0.0,1
10222,cty-fragment03-469,context,IA,-0.625,0.625,1
10222,cty-fragment03-469,word,AI,-2.749999888241291,-2.749999888241291,1
10222,cty-fragment03-469,word,IA,-1.2499999701976776,1.2499999701976774,1
10229,cty-fragment03-473,context,AI,-1.1249999403953552,-1.1249999403953552,1
10229,cty-fragment03-473,context,IA,-1.1250000298023224,1.1250000298023224,1
10229,cty-fragment03-473,word,AI,-4.249999952502549,-4.249999952502549,1
10229,cty-fragment03-473,word,IA,-4.500000000931323,4.500000000931323,1
10255,cty-fragment03-479,context,AI,0.8750000596046448,0.8750000596046448,1
10255,cty-fragment03-479,context,IA,0.375,-0.375,1
10255,cty-fragment03-479,word,AI,2.7499999701976776,2.7499999701976776,1
10255,cty-fragment03-479,word,IA,0.125,-0.125,1
10265,cty-fragment03-481,context,AI,3.8749999701976776,3.8749999701976776,1
10265,cty-fragment03-481,context,IA,2.7499999701976776,-2.7499999701976776,1
10265,cty-fragment03-481,word,AI,2.624999985098839,2.6249999850988393,1
10265,cty-fragment03-481,word,IA,-0.25,0.25,1
10297,cty-fragment03-492,context,AI,1.8750001043081284,1.8750001043081284,1
10297,cty-fragment03-492,context,IA,1.5000000447034836,-1.5000000447034836,1
10297,cty-fragment03-492,word,AI,0.9999999701976776,0.9999999701976776,1
10297,cty-fragment03-492,word,IA,0.7500000298023224,-0.7500000298023224,1
10312,cty-fragment03-494,context,AI,1.6249999403953552,1.6249999403953554,1
10312,cty-fragment03-494,context,IA,1.875000044703484,-1.8750000447034836,1
10312,cty-fragment03-494,word,AI,-2.375000074505806,-2.375000074505806,1
10312,cty-fragment03-494,word,IA,-2.375000044703484,2.375000044703484,1
10318,cty-fragment03-495,context,AI,1.5624999925494194,1.5624999925494194,2
10318,cty-fragment03-495,context,IA,0.7499999701976776,-0.7499999701976776,2
10318,cty-fragment03-495,word,AI,-2.562499980442226,-2.562499980442226,2
10318,cty-fragment03-495,word,IA,-3.0000000870786607,3.0000000870786607,2
10333,cty-fragment03-498,context,AI,0.6249999403953552,0.6249999403953552,1
10333,cty-fragment03-498,context,IA,-0.375,0.3749999999999999,1
10333,cty-fragment03-498,word,AI,1.75,1.75,1
10333,cty-fragment03-498,word,IA,2.7500000670552254,-2.7500000670552254,1
10360,cty-fragment03-511,context,AI,-1.2499999701976776,-1.2499999701976778,1
10360,cty-fragment03-511,context,IA,-1.8749999701976776,1.8749999701976776,1
10360,cty-fragment03-511,word,AI,1.2499999701976776,1.2499999701976776,1
10360,cty-fragment03-511,word,IA,-0.125,0.125,1
10368,cty-fragment03-514,context,AI,2.0000000782310963,2.0000000782310963,2
10368,cty-fragment03-514,context,IA,1.9375000074505808,-1.9375000074505808,2
10368,cty-fragment03-514,word,AI,-3.0000000772997737,-3.0000000772997737,2
10368,cty-fragment03-514,word,IA,-3.4374999832361937,3.4374999832361937,2
10371,cty-fragment03-516,context,AI,-1.3750000447034836,-1.3750000447034836,1
10371,cty-fragment03-516,context,IA,-3.2499998919665813,3.249999891966582,1
10371,cty-fragment03-516,word,AI,-1.625,-1.625,1
10371,cty-fragment03-516,word,IA,-2.2499999552965164,2.2499999552965164,1
10376,cty-fragment03-517,context,AI,2.312499947845936,2.312499947845936,2
10376,cty-fragment03-517,context,IA,2.999999960884452,-2.999999960884452,2
10376,cty-fragment03-517,word,AI,5.437500109663233,5.437500109663233,2
10376,cty-fragment03-517,word,IA,1.875,-1.8750000000000002,2
10378,cty-fragment03-518,context,AI,3.249999899417162,3.2499998994171624,1
10378,cty-fragment03-518,context,IA,2.0,-2.0,1
10378,cty-fragment03-518,word,AI,1.6249999403953552,1.6249999403953554,1
10378,cty-fragment03-518,word,IA,1.3749999552965164,-1.3749999552965164,1
10379,cty-fragment03-518,context,AI,1.2499999701976776,1.2499999701976776,2
10379,cty-fragment03-518,context,IA,1.5000000149011612,-1.5000000149011612,2
10379,cty-fragment03-518,word,AI,1.0624999925494194,1.0624999925494194,2
10379,cty-fragment03-518,word,IA,2.437499945051968,-2.437499945051968,2
10381,cty-fragment03-520,context,AI,3.249999895691872,3.2499998956918716,1
10381,cty-fragment03-520,context,IA,1.4999999403953552,-1.4999999403953552,1
10381,cty-fragment03-520,word,AI,-0.375,-0.375,1
10381,cty-fragment03-520,word,IA,-0.8749999701976776,0.8749999701976776,1
10403,cty-fragment03-523,context,AI,1.4999999403953552,1.4999999403953552,2
10403,cty-fragment03-523,context,IA,1.1249999403953552,-1.1249999403953552,2
10403,cty-fragment03-523,word,AI,0.0625000074505806,0.06250000745058071,2
10403,cty-fragment03-523,word,IA,0.9375000298023224,-0.9375000298023224,2
10446,cty-fragment03-531,context,AI,-0.375,-0.375,1
10446,cty-fragment03-531,context,IA,-2.8749998807907104,2.8749998807907104,1
10446,cty-fragment03-531,word,AI,-0.6249999701976776,-0.6249999701976776,1
10446,cty-fragment03-531,word,IA,-1.3750000596046448,1.3750000596046448,1
10479,cty-fragment03-539,context,AI,-0.75,-0.75,1
10479,cty-fragment03-539,context,IA,-0.875,0.8750000000000002,1
10479,cty-fragment03-539,word,AI,0.125,0.125,1
10479,cty-fragment03-539,word,IA,-0.125,0.125,1
10490,cty-fragment03-542,context,AI,0.8125000037252903,0.8125000037252903,2
10490,cty-fragment03-542,context,IA,1.8749999403953552,-1.8749999403953552,2
10490,cty-fragment03-542,word,AI,1.6250000074505808,1.6250000074505806,2
10490,cty-fragment03-542,word,IA,1.9375000149011612,-1.9375000149011612,2
10491,cty-fragment03-542,context,AI,2.499999985098839,2.499999985098839,1
10491,cty-fragment03-542,context,IA,2.874999951571226,-2.874999951571226,1
10491,cty-fragment03-542,word,AI,0.25,0.25,1
10491,cty-fragment03-542,word,IA,-0.5,0.5,1
10495,cty-fragment03-543,context,AI,0.375,0.375,1
10495,cty-fragment03-543,context,IA,0.375,-0.3750000000000001,1
10495,cty-fragment03-543,word,AI,-0.375,-0.375,1
10495,cty-fragment03-543,word,IA,-1.7499999850988388,1.7499999850988388,1
