sentence_id,source_sid,seed,delta,m_a_distance,m_i_distance,triple_count
1,a1e-fragment01-1,11,0.0292819738388061,0.851198673248291,0.8804806470870972,1
1,a1e-fragment01-1,23,0.0064799189567565,0.8574072122573853,0.8638871312141418,1
1,a1e-fragment01-1,37,0.0146715641021728,0.8547036647796631,0.8693752288818359,1
2,a1e-fragment01-1,11,-0.0129520893096923,0.844429612159729,0.8314775228500366,1
2,a1e-fragment01-1,23,-0.0068497657775878,0.8399520516395569,0.833102285861969,1
2,a1e-fragment01-1,37,0.0168275237083435,0.8127908706665039,0.8296183943748474,1
15,a1e-fragment01-7,11,-0.0159186124801635,0.8193548917770386,0.803436279296875,1
15,a1e-fragment01-7,23,-0.022475242614746,0.7749627828598022,0.7524875402450562,1
15,a1e-fragment01-7,37,-0.0432420372962951,0.8155561685562134,0.7723141312599182,1
28,a1e-fragment01-15,11,-0.012047251065572065,0.9296204050381979,0.9175731539726257,3
28,a1e-fragment01-15,23,-0.009468098481496134,0.9352873166402181,0.9258192181587219,3
28,a1e-fragment01-15,37,-0.004243950049082433,0.9355375568072001,0.9312936067581177,3
33,a1e-fragment01-22,11,0.0399796962738037,0.8391479253768921,0.8791276216506958,1
33,a1e-fragment01-22,23,0.0667884349822998,0.8166145086288452,0.883402943611145,1
33,a1e-fragment01-22,37,0.0281374454498291,0.8640570640563965,0.8921945095062256,1
37,a1e-fragment01-23,11,0.047298163175582844,0.8935270607471466,0.9408252239227295,2
37,a1e-fragment01-23,23,0.03332996368408195,0.907264918088913,0.940594881772995,2
37,a1e-fragment01-23,37,0.030729264020919748,0.9062899053096771,0.9370191693305969,2
40,a1e-fragment01-23,11,0.0654451251029968,0.7730666399002075,0.8385117650032043,1
40,a1e-fragment01-23,23,0.1163760423660278,0.6689602732658386,0.7853363156318665,1
40,a1e-fragment01-23,37,0.0352941155433654,0.7595083117485046,0.7948024272918701,1
48,a1e-fragment01-28,11,0.0407509505748748,0.856133908033371,0.8968848586082458,2
48,a1e-fragment01-28,23,0.0410792231559753,0.8524506986141205,0.8935299217700958,2
48,a1e-fragment01-28,37,0.029035329818725548,0.8545060455799103,0.8835413753986359,2
52,a1e-fragment01-29,11,0.0219322443008422,0.8861265182495117,0.908058762550354,1
52,a1e-fragment01-29,23,0.0216287374496459,0.8902647495269775,0.9118934869766236,1
52,a1e-fragment01-29,37,0.0491490960121154,0.878223717212677,0.9273728132247924,1
72,a1f-fragment07-152,11,0.0985380013783772,0.6210040847460429,0.7195420861244202,3
72,a1f-fragment07-152,23,0.10715512434641516,0.5991069277127584,0.7062620520591736,3
72,a1f-fragment07-152,37,0.13834782441457108,0.5811342597007751,0.7194820841153463,3
117,a1f-fragment09-170,11,0.02918907999992365,0.8233143389225006,0.8525034189224243,2
117,a1f-fragment09-170,23,-0.0028612017631531,0.8507915437221527,0.8479303419589996,2
117,a1f-fragment09-170,37,-0.00274527072906495,0.8403838276863098,0.8376385569572449,2
141,a1f-fragment11-186,11,0.0005173087120056,0.6081340312957764,0.608651340007782,1
141,a1f-fragment11-186,23,-0.0106098055839538,0.651925265789032,0.6413154602050781,1
141,a1f-fragment11-186,37,0.0100530982017517,0.6461811065673828,0.6562342047691345,1
175,a1g-fragment27-410,11,0.0696353912353515,0.5115692019462585,0.5812045931816101,1
175,a1g-fragment27-410,23,0.0503425598144531,0.5579453706741333,0.6082879304885864,1
175,a1g-fragment27-410,37,-0.020890474319458,0.639609158039093,0.618718683719635,1
178,a1g-fragment27-412,11,0.0007955729961395489,0.8278182148933411,0.8286137878894806,2
178,a1g-fragment27-412,23,0.00605991482734675,0.8352435827255249,0.8413034975528717,2
178,a1g-fragment27-412,37,-0.0112286508083344,0.8521921038627625,0.8409634530544281,2
197,a1g-fragment27-423,11,0.0268831253051757,0.6993368864059448,0.7262200117111206,1
197,a1g-fragment27-423,23,0.0842862129211425,0.6587135791778564,0.742999792098999,1
197,a1g-fragment27-423,37,0.0691669583320617,0.6885682940483093,0.7577352523803711,1
200,a1g-fragment27-426,11,0.01017105579376225,0.8289704620838165,0.8391415178775787,2
200,a1g-fragment27-426,23,0.02827739715576165,0.8035885095596313,0.8318659067153931,2
200,a1g-fragment27-426,37,0.032525539398193345,0.7912974953651428,0.8238230347633362,2
202,a1g-fragment27-427,11,0.0572729110717773,0.8817754685878754,0.9390483796596528,2
202,a1g-fragment27-427,23,0.00799852609634395,0.915688157081604,0.923686683177948,2
202,a1g-fragment27-427,37,0.04942005872726435,0.8857506811618805,0.9351707398891449,2
206,a1h-fragment05-71,11,0.0317786037921905,0.4737710058689117,0.5055496096611023,1
206,a1h-fragment05-71,23,0.0428215861320495,0.4703059792518616,0.5131275653839111,1
206,a1h-fragment05-71,37,0.0046063959598541,0.4666473269462585,0.4712537229061126,1
210,a1h-fragment05-73,11,0.0042219758033752,0.7423179745674133,0.7465399503707886,1
210,a1h-fragment05-73,23,0.0068375468254089,0.7361558079719543,0.7429933547973633,1
210,a1h-fragment05-73,37,0.0032423138618469,0.7233114242553711,0.726553738117218,1
214,a1h-fragment05-74,11,-0.0047900080680847,0.9003333449363708,0.8955433368682861,1
214,a1h-fragment05-74,23,0.0290049910545349,0.849660336971283,0.8786653280258179,1
214,a1h-fragment05-74,37,0.0040386319160461,0.8659667372703552,0.8700053691864014,1
223,a1h-fragment05-77,11,0.0151031613349914,0.78130704164505,0.7964102029800415,1
223,a1h-fragment05-77,23,0.0136711001396179,0.8070676922798157,0.8207387924194336,1
223,a1h-fragment05-77,37,0.0263335704803466,0.7804257273674011,0.8067592978477478,1
237,a1h-fragment05-80,11,0.0517243146896362,0.6903979182243347,0.742122232913971,1
237,a1h-fragment05-80,23,-0.0261039137840271,0.6906985640525818,0.6645946502685547,1
237,a1h-fragment05-80,37,0.0217999815940856,0.7094985842704773,0.731298565864563,1
243,a1h-fragment05-81,11,-0.016197383403778,0.836243748664856,0.8200463652610779,1
243,a1h-fragment05-81,23,-0.0056703686714172,0.8364511132240295,0.8307807445526123,1
243,a1h-fragment05-81,37,-0.0253411531448364,0.8328622579574585,0.8075211048126221,1
256,a1h-fragment05-87,11,-0.0018379688262939,0.8228975534439087,0.8210595846176147,1
256,a1h-fragment05-87,23,-0.0324148535728454,0.8328444957733154,0.80042964220047,1
256,a1h-fragment05-87,37,-0.0102338194847106,0.8415756821632385,0.8313418626785278,1
269,a1h-fragment05-90,11,-0.0097657144069671,0.7785125076770782,0.7687467932701111,2
269,a1h-fragment05-90,23,0.031134963035583448,0.772112637758255,0.8032476007938385,2
269,a1h-fragment05-90,37,0.024036645889282202,0.7381341755390167,0.762170821428299,2
274,a1h-fragment05-93,11,-0.023843318223953202,0.7985091209411621,0.7746658027172089,2
274,a1h-fragment05-93,23,-0.02744841575622555,0.7834043502807617,0.7559559345245361,2
274,a1h-fragment05-93,37,-0.0384643673896789,0.8177832663059235,0.7793188989162445,2
289,a1h-fragment05-99,11,-0.0487598180770874,0.7823113203048706,0.7335515022277832,1
289,a1h-fragment05-99,23,-0.0294200181961059,0.7661312818527222,0.7367112636566162,1
289,a1h-fragment05-99,37,0.0362408757209777,0.7376798987388611,0.7739207744598389,1
345,a1h-fragment06-129,11,0.05912446975708,0.7225325703620911,0.7816570401191711,1
345,a1h-fragment06-129,23,0.0535410642623901,0.7298503518104553,0.7833914160728455,1
345,a1h-fragment06-129,37,0.0921987295150756,0.698255181312561,0.7904539108276367,1
357,a1h-fragment06-133,11,-0.0088676214218139,0.7946903705596924,0.7858227491378784,1
357,a1h-fragment06-133,23,0.0131410360336303,0.791843056678772,0.8049840927124023,1
357,a1h-fragment06-133,37,0.0051115751266479,0.8364159464836121,0.84152752161026,1
403,a1j-fragment33-499,11,-0.008096188306808449,0.7834060192108154,0.775309830904007,2
403,a1j-fragment33-499,23,0.002618759870529201,0.7962107062339783,0.7988294661045074,2
403,a1j-fragment33-499,37,-0.0001551806926727,0.7905368804931641,0.7903816998004913,2
406,a1j-fragment33-500,11,0.007234513759613,0.8385292887687683,0.8457638025283813,1
406,a1j-fragment33-500,23,0.0083875656127929,0.8427239656448364,0.8511115312576294,1
406,a1j-fragment33-500,37,0.0113424062728881,0.8373759388923645,0.8487183451652527,1
428,a1j-fragment33-507,11,0.0364234447479248,0.775076687335968,0.8115001320838928,1
428,a1j-fragment33-507,23,0.0491831302642822,0.7917438745498657,0.840927004814148,1
428,a1j-fragment33-507,37,0.0701343417167663,0.7469334602355957,0.8170678019523621,1
452,a1j-fragment33-516,11,-0.0402531027793884,0.7613756060600281,0.7211225032806396,1
452,a1j-fragment33-516,23,-0.0504401326179504,0.7552382946014404,0.70479816198349,1
452,a1j-fragment33-516,37,-0.051736295223236,0.7634175419807434,0.7116812467575073,1
490,a1j-fragment34-535,11,0.0325352549552917,0.73631751537323,0.7688527703285217,1
490,a1j-fragment34-535,23,0.017314076423645,0.7192825078964233,0.7365965843200684,1
490,a1j-fragment34-535,37,0.0486963987350463,0.6739321947097778,0.7226285934448242,1
493,a1j-fragment34-536,11,0.027270495891571,0.8279927968978882,0.8552632927894592,1
493,a1j-fragment34-536,23,0.0258148312568664,0.83247971534729,0.8582945466041565,1
493,a1j-fragment34-536,37,0.0188192129135131,0.8286983966827393,0.8475176095962524,1
496,a1j-fragment34-538,11,-0.0006069540977477663,0.8981664379437765,0.8975594838460287,3
496,a1j-fragment34-538,23,-0.0014015237490335667,0.8935861984888712,0.8921846747398376,3
496,a1j-fragment34-538,37,0.018822491168975802,0.8874162236849467,0.9062387148539225,3
505,a1j-fragment34-539,11,0.0109228491783142,0.8049282431602478,0.815851092338562,1
505,a1j-fragment34-539,23,0.0052946209907531,0.8177772164344788,0.8230718374252319,1
505,a1j-fragment34-539,37,-0.014901578426361,0.80742347240448,0.7925218939781189,1
524,a1j-fragment34-544,11,0.0688298344612121,0.8290603160858154,0.8978901505470276,1
524,a1j-fragment34-544,23,0.0304348468780517,0.8504849076271057,0.8809197545051575,1
524,a1j-fragment34-544,37,0.0305105447769165,0.8433448076248169,0.8738553524017334,1
546,a1j-fragment34-552,11,0.0025734603404998996,0.8702242076396942,0.8727976679801941,2
546,a1j-fragment34-552,23,0.0009539723396301502,0.8549458384513855,0.8558998107910156,2
546,a1j-fragment34-552,37,0.0029161274433135995,0.8546590209007263,0.8575751483440399,2
558,a1j-fragment34-556,11,-0.0011898875236511,0.8296636343002319,0.8284737467765808,1
558,a1j-fragment34-556,23,0.0255681872367858,0.8131730556488037,0.8387412428855896,1
558,a1j-fragment34-556,37,0.0399420261383056,0.8006922602653503,0.840634286403656,1
562,a1j-fragment34-557,11,0.0251423120498657,0.6278450787067413,0.6529873907566071,2
562,a1j-fragment34-557,23,0.0173459351062774,0.6420458257198334,0.6593917608261108,2
562,a1j-fragment34-557,37,0.0033219158649444493,0.6424090266227722,0.6457309424877167,2
570,a1k-fragment02-30,11,0.0350143313407897,0.8565818071365356,0.8915961384773254,1
570,a1k-fragment02-30,23,0.0171887278556823,0.8772405385971069,0.8944292664527893,1
570,a1k-fragment02-30,37,0.0312025547027587,0.8555169105529785,0.8867194652557373,1
593,a1k-fragment02-39,11,0.0133765637874603,0.848365843296051,0.8617424070835114,2
593,a1k-fragment02-39,23,0.02226155996322625,0.8676605820655823,0.8899221420288086,2
593,a1k-fragment02-39,37,-0.0022818148136139,0.8654496073722839,0.86316779255867,2
657,a1l-fragment01-8,11,0.01451256871223445,0.870194673538208,0.8847072422504425,2
657,a1l-fragment01-8,23,0.01813113689422605,0.8522060513496399,0.870337188243866,2
657,a1l-fragment01-8,37,0.01045593619346615,0.858557790517807,0.8690137267112732,2
675,a1l-fragment01-17,11,0.0455433130264282,0.8643510341644287,0.9098943471908568,1
675,a1l-fragment01-17,23,0.0417824387550354,0.8721341490745544,0.9139165878295898,1
675,a1l-fragment01-17,37,-0.0120620131492614,0.9186678528785706,0.9066058397293092,1
683,a1l-fragment01-20,11,0.02535840868949885,0.891115128993988,0.9164735376834869,2
683,a1l-fragment01-20,23,0.01777404546737665,0.9054099023342133,0.92318394780159,2
683,a1l-fragment01-20,37,0.015777409076690598,0.8971714973449707,0.9129489064216614,2
752,a1m-fragment01-12,11,0.1576950152715047,0.6843778093655905,0.8420728246370951,3
752,a1m-fragment01-12,23,0.11547243595123284,0.7446741064389547,0.8601465423901876,3
752,a1m-fragment01-12,37,0.14646728833516434,0.666777233282725,0.8132445216178894,3
753,a1m-fragment01-12,11,-0.0015373826026916,0.7623180150985718,0.7607806324958801,1
753,a1m-fragment01-12,23,-0.0361367464065551,0.7830768823623657,0.7469401359558105,1
753,a1m-fragment01-12,37,-0.0127062797546386,0.7523233294487,0.7396170496940613,1
759,a1m-fragment01-17,11,-0.02658343315124505,0.8117233514785767,0.7851399183273315,2
759,a1m-fragment01-17,23,-0.04478958249092095,0.8008685410022736,0.7560789585113525,2
759,a1m-fragment01-17,37,-0.01882576942443845,0.8111354410648346,0.7923096716403961,2
770,a1m-fragment01-22,11,0.0223991870880126,0.9136626720428468,0.9360618591308594,1
770,a1m-fragment01-22,23,0.0256024003028869,0.9033077359199524,0.9289101362228394,1
770,a1m-fragment01-22,37,0.0127536654472351,0.9082853198051452,0.9210389852523804,1
772,a1m-fragment01-23,11,0.08363729715347284,0.7606063783168793,0.8442436754703522,2
772,a1m-fragment01-23,23,0.0731304287910461,0.7730496227741241,0.8461800515651703,2
772,a1m-fragment01-23,37,0.05389550328254695,0.7909184098243713,0.8448139131069183,2
809,a1m-fragment01-47,11,0.01404567062854765,0.8511347621679306,0.8651804327964783,4
809,a1m-fragment01-47,23,0.019192457199096652,0.8509085923433304,0.8701010495424271,4
809,a1m-fragment01-47,37,0.029651507735252325,0.8381882160902023,0.8678397238254547,4
840,a1n-fragment09-201,11,-0.0421302914619445,0.8734822273254395,0.8313519358634949,1
840,a1n-fragment09-201,23,-0.0309234857559204,0.9008909463882446,0.8699674606323242,1
840,a1n-fragment09-201,37,0.0102147459983825,0.8361849784851074,0.84639972448349,1
882,a1n-fragment09-213,11,-0.0037881135940551,0.9029544591903688,0.8991663455963135,1
882,a1n-fragment09-213,23,0.0147034525871276,0.903217613697052,0.9179210662841796,1
882,a1n-fragment09-213,37,0.0034459829330444,0.8942965269088745,0.897742509841919,1
901,a1n-fragment09-221,11,-0.0293140411376953,0.9126662015914916,0.8833521604537964,1
901,a1n-fragment09-221,23,0.0431561470031738,0.8521817922592163,0.8953379392623901,1
901,a1n-fragment09-221,37,0.017756164073944,0.8721416592597961,0.8898978233337402,1
929,a1n-fragment09-228,11,0.0054000616073608,0.9327435493469238,0.9381436109542848,1
929,a1n-fragment09-228,23,0.006054401397705,0.9340521097183228,0.9401065111160278,1
929,a1n-fragment09-228,37,0.0264862179756164,0.9209460020065308,0.9474322199821472,1
996,a1n-fragment18-355,11,0.099261462688446,0.8317108154296875,0.9309722781181335,1
996,a1n-fragment18-355,23,0.1405531167984008,0.7974817752838135,0.9380348920822144,1
996,a1n-fragment18-355,37,0.1291390657424926,0.8168639540672302,0.9460030198097228,1
999,a1n-fragment18-355,11,-0.0066785216331481,0.7640787363052368,0.7574002146720886,1
999,a1n-fragment18-355,23,0.0416987538337707,0.7701566219329834,0.8118553757667542,1
999,a1n-fragment18-355,37,0.0127220153808593,0.7708139419555664,0.7835359573364258,1
1039,a1n-fragment18-370,11,-0.0209487080574035,0.9004995822906494,0.8795508742332458,1
1039,a1n-fragment18-370,23,0.016451358795166,0.8728381395339966,0.8892894983291626,1
1039,a1n-fragment18-370,37,0.0222398042678833,0.8693392276763916,0.8915790319442749,1
1049,a1n-fragment18-373,11,0.0351514816284179,0.8810431361198425,0.9161946177482606,2
1049,a1n-fragment18-373,23,0.0017599761486053501,0.8995474278926849,0.9013074040412903,2
1049,a1n-fragment18-373,37,-2.8014183044399983e-05,0.8960604667663574,0.896032452583313,2
1051,a1n-fragment18-374,11,0.0241379141807556,0.7971615791320801,0.8212994933128357,1
1051,a1n-fragment18-374,23,0.0018072724342346,0.804740309715271,0.8065475821495056,1
1051,a1n-fragment18-374,37,0.0133082270622253,0.772406280040741,0.7857145071029663,1
1060,a1p-fragment01-4,11,0.0250723361968994,0.7166061401367188,0.7416784763336182,1
1060,a1p-fragment01-4,23,-0.0092547535896301,0.7421471476554871,0.7328923940658569,1
1060,a1p-fragment01-4,37,0.0090265274047851,0.7673017382621765,0.7763282656669617,1
1062,a1p-fragment01-5,11,-0.024298548698425265,0.8723859190940857,0.8480873703956604,3
1062,a1p-fragment01-5,23,-0.0241259932518005,0.8711034655570984,0.8469774723052979,3
1062,a1p-fragment01-5,37,-0.046161890029907164,0.8737277984619141,0.8275659084320068,3
1081,a1p-fragment01-13,11,-0.0076899826526641,0.8788512349128723,0.8711612522602081,2
1081,a1p-fragment01-13,23,-0.01003816723823545,0.876360684633255,0.8663225173950195,2
1081,a1p-fragment01-13,37,-0.0136488080024719,0.8962056636810303,0.8825568556785583,2
1091,a1p-fragment01-15,11,-0.0330231189727783,0.729234129190445,0.6962110102176666,2
1091,a1p-fragment01-15,23,-0.00495994091033935,0.7371858060359955,0.7322258651256561,2
1091,a1p-fragment01-15,37,0.0499904155731201,0.7178357243537903,0.7678261399269104,2
1132,a1p-fragment03-68,11,0.00608971714973445,0.9063039124011993,0.9123936295509338,2
1132,a1p-fragment03-68,23,0.01968702673912045,0.8867424428462982,0.9064294695854187,2
1132,a1p-fragment03-68,37,0.005993276834487851,0.9211732149124146,0.9271664917469025,2
1196,a1u-fragment04-61,11,0.0087985396385192,0.7300398945808411,0.7388384342193604,1
1196,a1u-fragment04-61,23,0.0741664767265319,0.6749750971794128,0.7491415739059448,1
1196,a1u-fragment04-61,37,0.0567978620529174,0.7078886032104492,0.7646864652633667,1
1321,a1u-fragment04-128,11,0.0190961956977844,0.8534464240074158,0.8725426197052002,1
1321,a1u-fragment04-128,23,0.0044968724250793,0.8825495839118958,0.8870464563369751,1
1321,a1u-fragment04-128,37,0.0224389433860778,0.8550490140914917,0.8774879574775696,1
1328,a1u-fragment04-134,11,0.0382047891616821,0.821234941482544,0.8594397306442261,1
1328,a1u-fragment04-134,23,0.0389047861099243,0.8051808476448059,0.8440856337547302,1
1328,a1u-fragment04-134,37,0.0342928171157836,0.8179196119308472,0.8522124290466309,1
1333,a1u-fragment04-140,11,-0.0107801556587219,0.9108278155326844,0.9000476598739624,1
1333,a1u-fragment04-140,23,-0.0227618217468261,0.8838996887207031,0.861137866973877,1
1333,a1u-fragment04-140,37,-0.0199087858200073,0.908446192741394,0.8885374069213867,1
1343,a1u-fragment04-148,11,0.0021856427192687,0.936311662197113,0.9384973049163818,1
1343,a1u-fragment04-148,23,-0.0037461519241333,0.9428235292434692,0.939077377319336,1
1343,a1u-fragment04-148,37,0.0030586719512939,0.9319506883621216,0.9350093603134156,1
1347,a1u-fragment04-151,11,-0.0191715955734252,0.7974859476089478,0.7783143520355225,1
1347,a1u-fragment04-151,23,-0.0018254518508911,0.7985967397689819,0.7967712879180908,1
1347,a1u-fragment04-151,37,0.025190532207489,0.8066437244415283,0.8318342566490173,1
1379,a1x-fragment04-165,11,0.10376513004302976,0.7716766595840454,0.8754417896270752,2
1379,a1x-fragment04-165,23,0.1088500916957855,0.7650055289268494,0.8738556206226349,2
1379,a1x-fragment04-165,37,0.12940701842308044,0.7248930633068085,0.8543000817298889,2
1381,a1x-fragment04-166,11,0.02977055311203,0.7863721251487732,0.8161426782608032,2
1381,a1x-fragment04-166,23,0.0215346813201904,0.8064952194690704,0.8280299007892609,2
1381,a1x-fragment04-166,37,0.0038648247718810497,0.8081498146057129,0.812014639377594,2
1390,a1x-fragment04-170,11,0.0787993669509887,0.5657126903533936,0.6445120573043823,1
1390,a1x-fragment04-170,23,0.0927919745445251,0.5343067049980164,0.6270986795425415,1
1390,a1x-fragment04-170,37,0.1038500666618347,0.5349026918411255,0.6387527585029602,1
1393,a1x-fragment04-172,11,0.01367622613906855,0.7275755405426025,0.7412517666816711,2
1393,a1x-fragment04-172,23,0.0137155652046203,0.7200327217578888,0.7337482869625092,2
1393,a1x-fragment04-172,37,0.0025046467781067016,0.7237755358219147,0.7262801826000214,2
1438,a2d-fragment05-35,11,0.0143988132476806,0.6898457407951355,0.7042445540428162,1
1438,a2d-fragment05-35,23,0.0221614837646484,0.7048516273498535,0.727013111114502,1
1438,a2d-fragment05-35,37,0.0111528038978576,0.7024263739585876,0.7135791778564453,1
1443,a2d-fragment05-38,11,-0.015353113412857049,0.8039780855178833,0.7886249721050262,2
1443,a2d-fragment05-38,23,-0.0387306213378906,0.8351361751556396,0.796405553817749,2
1443,a2d-fragment05-38,37,0.0169147551059723,0.7928965389728546,0.8098112940788269,2
1458,a2d-fragment05-46,11,0.0241779088973999,0.8631539344787598,0.8873318433761597,1
1458,a2d-fragment05-46,23,0.050192654132843,0.8537856340408325,0.9039782881736756,1
1458,a2d-fragment05-46,37,0.0261325240135192,0.8717135190963745,0.8978460431098938,1
1536,a31-fragment03-119,11,0.11252492666244503,0.7086822986602783,0.8212072253227234,3
1536,a31-fragment03-119,23,0.1270950635274251,0.6537940899531046,0.7808891534805298,3
1536,a31-fragment03-119,37,0.10284334421157833,0.6821866234143575,0.7850299676259359,3
1545,a31-fragment03-124,11,-0.0110317468643188,0.8858321905136108,0.874800443649292,1
1545,a31-fragment03-124,23,-0.0004226565361022,0.9132238626480104,0.912801206111908,1
1545,a31-fragment03-124,37,0.0177413821220397,0.8818798661231995,0.8996212482452393,1
1568,a31-fragment03-139,11,0.03661205371220903,0.8311381737391154,0.8677502274513245,3
1568,a31-fragment03-139,23,0.0096835891405741,0.8379063606262207,0.8475899497667948,3
1568,a31-fragment03-139,37,0.020176053047180165,0.8535851836204529,0.8737612366676331,3
1577,a31-fragment03-146,11,0.011482566595077499,0.7067877650260925,0.71827033162117,2
1577,a31-fragment03-146,23,0.013879835605621352,0.678033858537674,0.6919136941432953,2
1577,a31-fragment03-146,37,0.0509695410728454,0.688903421163559,0.7398729622364044,2
1595,a36-fragment07-183,11,0.0298957228660583,0.8095745742321014,0.8394702970981598,2
1595,a36-fragment07-183,23,0.0406640470027923,0.8036578297615051,0.8443218767642975,2
1595,a36-fragment07-183,37,0.0013711154460906497,0.8089796602725983,0.810350775718689,2
1605,a36-fragment07-186,11,0.08968645334243769,0.6769927144050598,0.7666791677474976,2
1605,a36-fragment07-186,23,0.06499317288398744,0.6665920913219452,0.7315852642059326,2
1605,a36-fragment07-186,37,0.06034332513809205,0.6483372449874878,0.7086805701255798,2
1618,a36-fragment07-192,11,-0.0304354429244995,0.8591436147689819,0.8287081718444824,1
1618,a36-fragment07-192,23,-0.0067656636238098,0.8719174265861511,0.8651517629623413,1
1618,a36-fragment07-192,37,-0.0213066339492797,0.8750475645065308,0.853740930557251,1
1625,a36-fragment07-193,11,0.0040610879659652745,0.8289375901222229,0.8329986780881882,4
1625,a36-fragment07-193,23,0.01111273467540742,0.8332557827234268,0.8443685173988342,4
1625,a36-fragment07-193,37,0.01158557832241055,0.8396058976650238,0.8511914759874344,4
1627,a36-fragment07-194,11,-0.0266556739807128,0.683031439781189,0.6563757658004761,1
1627,a36-fragment07-194,23,-0.006982684135437,0.6604158878326416,0.6534332036972046,1
1627,a36-fragment07-194,37,0.0339956879615783,0.6635779142379761,0.6975736021995544,1
1639,a36-fragment07-196,11,-0.0302318930625915,0.8633434772491455,0.833111584186554,1
1639,a36-fragment07-196,23,0.0144001245498657,0.8379799127578735,0.8523800373077393,1
1639,a36-fragment07-196,37,0.0167250037193298,0.8428750038146973,0.8596000075340271,1
1644,a36-fragment07-199,11,-0.0317347645759582,0.9053871631622314,0.8736523985862732,1
1644,a36-fragment07-199,23,0.0084099173545837,0.895454466342926,0.9038643836975098,1
1644,a36-fragment07-199,37,-0.0155155062675476,0.8925824761390686,0.877066969871521,1
1670,a38-fragment01-8,11,0.0786949396133422,0.7893590331077576,0.8680539727210999,1
1670,a38-fragment01-8,23,0.0448179841041564,0.7511757016181946,0.7959936857223511,1
1670,a38-fragment01-8,37,0.0298290848731994,0.8135665655136108,0.8433956503868103,1
1672,a38-fragment01-9,11,0.018952012062072747,0.8037460744380951,0.8226980865001678,4
1672,a38-fragment01-9,23,-0.013505652546882624,0.8172461837530136,0.803740531206131,4
1672,a38-fragment01-9,37,0.008098140358924876,0.8042031824588776,0.8123013228178024,4
1674,a38-fragment01-9,11,-0.005963921546936,0.8549250364303589,0.8489611148834229,1
1674,a38-fragment01-9,23,-0.0009219050407409,0.8721895217895508,0.8712676167488098,1
1674,a38-fragment01-9,37,-0.0006563067436218,0.8630821108818054,0.8624258041381836,1
1689,a38-fragment01-17,11,-0.0059816837310791,0.7198428213596344,0.7138611376285553,2
1689,a38-fragment01-17,23,0.010438799858093251,0.6982960999011993,0.7087348997592926,2
1689,a38-fragment01-17,37,0.0070194602012633505,0.7216272354125977,0.7286466956138611,2
1693,a38-fragment01-18,11,-0.02828049659729,0.5351673364639282,0.5068868398666382,1
1693,a38-fragment01-18,23,-0.0109244585037231,0.5798220634460449,0.5688976049423218,1
1693,a38-fragment01-18,37,-0.0396534204483032,0.6246675848960876,0.5850141644477844,1
1721,a38-fragment01-33,11,0.005243271589279199,0.6243578195571899,0.6296010911464691,2
1721,a38-fragment01-33,23,0.009861558675766002,0.612273633480072,0.622135192155838,2
1721,a38-fragment01-33,37,-0.022582948207855197,0.5929677188396454,0.5703847706317902,2
1730,a39-fragment01-5,11,0.0060833096504211,0.6150106191635132,0.6210939288139343,1
1730,a39-fragment01-5,23,-0.0140299201011657,0.5766872763633728,0.562657356262207,1
1730,a39-fragment01-5,37,-0.0193911790847778,0.6112760305404663,0.5918848514556885,1
1735,a39-fragment01-6,11,0.03470432758331295,0.7944972515106201,0.8292015790939331,2
1735,a39-fragment01-6,23,0.01943740248680115,0.8046845495700836,0.8241219520568848,2
1735,a39-fragment01-6,37,-0.0013305544853209998,0.8113989233970642,0.8100683689117432,2
1803,a3c-fragment05-222,11,0.0095928311347961,0.7935401201248169,0.803132951259613,1
1803,a3c-fragment05-222,23,0.0098294019699096,0.826711118221283,0.8365405201911926,1
1803,a3c-fragment05-222,37,0.0581300854682922,0.7525755167007446,0.8107056021690369,1
1823,a3c-fragment05-246,11,-0.0019482970237731,0.8624369502067566,0.8604886531829834,1
1823,a3c-fragment05-246,23,-0.0204935073852539,0.8506051301956177,0.8301116228103638,1
1823,a3c-fragment05-246,37,0.038171648979187,0.8336693644523621,0.8718410134315491,1
1832,a3e-fragment02-10,11,0.0829282999038696,0.8286497592926025,0.9115780591964722,1
1832,a3e-fragment02-10,23,0.0643307566642761,0.8348405957221985,0.8991713523864746,1
1832,a3e-fragment02-10,37,0.0924558639526367,0.7989696860313416,0.8914255499839783,1
1834,a3e-fragment02-10,11,-0.0040031671524047,0.8864784240722656,0.8824752569198608,1
1834,a3e-fragment02-10,23,-0.0045654773712158,0.9051957726478576,0.9006302952766418,1
1834,a3e-fragment02-10,37,-0.0123034119606018,0.9034484624862672,0.8911450505256653,1
1847,a3e-fragment02-22,11,-0.0499742031097412,0.9165582656860352,0.866584062576294,1
1847,a3e-fragment02-22,23,0.002647042274475,0.9019196033477784,0.9045666456222534,1
1847,a3e-fragment02-22,37,-0.0096702575683593,0.8920907974243164,0.882420539855957,1
1853,a3e-fragment03-23,11,0.049181580543518,0.6425559520721436,0.6917375326156616,1
1853,a3e-fragment03-23,23,0.0496176481246948,0.6903367042541504,0.7399543523788452,1
1853,a3e-fragment03-23,37,0.0161446332931518,0.6904436945915222,0.7065883278846741,1
1861,a3e-fragment03-26,11,0.0381134152412414,0.7516323924064636,0.7897458076477051,1
1861,a3e-fragment03-26,23,0.0073423981666564,0.7696167230606079,0.7769591212272644,1
1861,a3e-fragment03-26,37,0.0348162651062011,0.7546768188476562,0.7894930839538574,1
1871,a3e-fragment03-31,11,0.0039854049682617,0.7966569662094116,0.8006423711776733,1
1871,a3e-fragment03-31,23,0.0265666246414184,0.7673734426498413,0.7939400672912598,1
1871,a3e-fragment03-31,37,0.0129473209381103,0.7754007577896118,0.7883480787277222,1
1891,a3e-fragment03-47,11,-0.0087966620922088,0.7729530334472656,0.7641563713550568,2
1891,a3e-fragment03-47,23,-0.0024388432502746504,0.7838608920574188,0.7814220488071442,2
1891,a3e-fragment03-47,37,0.02501589059829705,0.7445015013217926,0.7695173919200897,2
1911,a3e-fragment03-55,11,0.0458799600601196,0.7371945977210999,0.7830745577812195,1
1911,a3e-fragment03-55,23,0.009107768535614,0.7484313249588013,0.7575390934944153,1
1911,a3e-fragment03-55,37,0.0014453530311584,0.7384764552116394,0.7399218082427979,1
1922,a3k-fragment11-115,11,0.0856939554214477,0.8088638782501221,0.8945578336715698,1
1922,a3k-fragment11-115,23,0.0567317605018615,0.816097617149353,0.8728293776512146,1
1922,a3k-fragment11-115,37,0.089146614074707,0.8084194660186768,0.8975660800933838,1
1938,a3k-fragment11-121,11,-0.0030888319015502,0.7352936267852783,0.732204794883728,1
1938,a3k-fragment11-121,23,0.0157875418663024,0.7238194346427917,0.7396069765090942,1
1938,a3k-fragment11-121,37,-0.0223881006240844,0.7238805294036865,0.701492428779602,1
1948,a3k-fragment11-127,11,-0.0069396495819091,0.7948017120361328,0.7878620624542236,1
1948,a3k-fragment11-127,23,0.002764344215393,0.7834979891777039,0.7862623333930969,1
1948,a3k-fragment11-127,37,-0.016605257987976,0.7920200228691101,0.775414764881134,1
1975,a3k-fragment11-136,11,-0.0172633528709411,0.7972925901412964,0.7800292372703552,1
1975,a3k-fragment11-136,23,0.0258108377456665,0.8196268081665039,0.8454376459121704,1
1975,a3k-fragment11-136,37,0.0326631665229797,0.7997699975967407,0.8324331641197205,1
2001,a3k-fragment11-149,11,0.0166647434234619,0.8222650289535522,0.8389297723770142,1
2001,a3k-fragment11-149,23,0.0197162628173828,0.8205064535140991,0.8402227163314819,1
2001,a3k-fragment11-149,37,0.0391087532043457,0.824722409248352,0.8638311624526978,1
2020,a3k-fragment11-158,11,0.013108511765797934,0.8597338000933329,0.8728423118591309,3
2020,a3k-fragment11-158,23,0.0015430251757303998,0.8740198016166687,0.875562826792399,3
2020,a3k-fragment11-158,37,0.009705285231272334,0.8722291191418966,0.881934404373169,3
2038,a3m-fragment02-48,11,0.0357774496078491,0.8736884295940399,0.909465879201889,2
2038,a3m-fragment02-48,23,0.018389046192169148,0.8780809044837952,0.8964699506759644,2
2038,a3m-fragment02-48,37,0.0160964429378509,0.8879221081733704,0.9040185511112213,2
2044,a3m-fragment02-50,11,0.0221740007400512,0.8061779737472534,0.8283519744873047,1
2044,a3m-fragment02-50,23,0.0076555609703063,0.8304006457328796,0.838056206703186,1
2044,a3m-fragment02-50,37,0.0217877030372619,0.8225690126419067,0.8443567156791687,1
2055,a3m-fragment02-55,11,0.0878899693489074,0.5141035914421082,0.6019935607910156,1
2055,a3m-fragment02-55,23,0.0202112197875976,0.5415376424789429,0.5617488622665405,1
2055,a3m-fragment02-55,37,0.0765736699104309,0.5364745855331421,0.613048255443573,1
2101,a3m-fragment02-77,11,0.019399881362915,0.7897523641586304,0.8091522455215454,1
2101,a3m-fragment02-77,23,-0.0415967106819152,0.8012545108795166,0.7596578001976013,1
2101,a3m-fragment02-77,37,-0.0276422500610351,0.7731401920318604,0.7454979419708252,1
2132,a3p-fragment09-159,11,0.0223955810070037,0.815609484910965,0.8380050659179688,2
2132,a3p-fragment09-159,23,0.03710067272186275,0.7897273898124695,0.8268280625343323,2
2132,a3p-fragment09-159,37,0.0360678732395172,0.7873983085155487,0.8234661817550659,2
2143,a3p-fragment09-172,11,-0.013976424932479851,0.7738654464483261,0.7598890215158463,4
2143,a3p-fragment09-172,23,-0.0034808069467544248,0.7554211467504501,0.7519403398036957,4
2143,a3p-fragment09-172,37,-0.0027791112661361746,0.7636153399944305,0.7608362287282944,4
2172,a3p-fragment09-188,11,-0.0128112435340881,0.8689849972724915,0.8561737537384033,2
2172,a3p-fragment09-188,23,0.0150335431098938,0.8614985048770905,0.8765320479869843,2
2172,a3p-fragment09-188,37,0.00673529505729675,0.8604912161827087,0.8672265112400055,2
2173,a3p-fragment09-188,11,0.01634234189987185,0.5772188007831573,0.5935611426830292,2
2173,a3p-fragment09-188,23,-0.03653559088706965,0.5877491235733032,0.5512135326862335,2
2173,a3p-fragment09-188,37,0.04293426871299735,0.5651222169399261,0.6080564856529236,2
2181,a3p-fragment09-193,11,0.0093851089477539,0.8116476535797119,0.8210327625274658,1
2181,a3p-fragment09-193,23,-0.0116305947303771,0.8108146786689758,0.7991840839385986,1
2181,a3p-fragment09-193,37,0.016074001789093,0.8059303760528564,0.8220043778419495,1
2206,a4d-fragment02-80,11,0.061201930046081494,0.6987453103065491,0.7599472403526306,2
2206,a4d-fragment02-80,23,0.056431323289871146,0.7003101408481598,0.756741464138031,2
2206,a4d-fragment02-80,37,0.06154787540435785,0.7122467160224915,0.7737945914268494,2
2216,a4d-fragment02-90,11,-0.0009031593799591004,0.9048489034175873,0.9039457440376282,2
2216,a4d-fragment02-90,23,-0.012529194355010901,0.8958988189697266,0.8833696246147156,2
2216,a4d-fragment02-90,37,-0.0007059276103973501,0.8941088616847992,0.8934029340744019,2
2242,a4d-fragment02-107,11,0.009719133377075194,0.8952372074127197,0.9049563407897949,2
2242,a4d-fragment02-107,23,0.030018121004104597,0.8872563540935516,0.9172744750976562,2
2242,a4d-fragment02-107,37,0.0281705558300018,0.8744594752788544,0.9026300311088562,2
2256,a4d-fragment02-114,11,0.0025408864021301,0.7280451059341431,0.7305859923362732,1
2256,a4d-fragment02-114,23,0.0365392565727233,0.7278864979743958,0.7644257545471191,1
2256,a4d-fragment02-114,37,0.0236086845397949,0.7351913452148438,0.7588000297546387,1
2258,a4d-fragment02-116,11,0.012366145849227874,0.5227320194244385,0.5350981652736664,4
2258,a4d-fragment02-116,23,0.006667137145996101,0.535319447517395,0.5419865846633911,4
2258,a4d-fragment02-116,37,0.018399193882942172,0.518057718873024,0.5364569127559662,4
2271,a4d-fragment02-124,11,0.0031578540802002,0.6959138810634613,0.6990717351436615,2
2271,a4d-fragment02-124,23,0.01434442400932315,0.6836430728435516,0.6979874968528748,2
2271,a4d-fragment02-124,37,0.0026098787784576503,0.7101225554943085,0.7127324342727661,2
2274,a5e-fragment06-147,11,0.0330477654933929,0.7657676935195923,0.7988154590129852,2
2274,a5e-fragment06-147,23,0.00408723950386045,0.7905454933643341,0.7946327328681946,2
2274,a5e-fragment06-147,37,0.0323184430599212,0.7667720317840576,0.7990904748439789,2
2329,a5e-fragment06-179,11,-0.0100846886634826,0.9251986742019652,0.9151139855384828,1
2329,a5e-fragment06-179,23,-0.0109381675720214,0.9048593044281006,0.8939211368560791,1
2329,a5e-fragment06-179,37,0.0085203051567077,0.9117000102996826,0.9202203154563904,1
2338,a5e-fragment06-184,11,-0.003077208995819,0.9234996438026428,0.9204224348068236,1
2338,a5e-fragment06-184,23,0.0138677954673767,0.9091442823410034,0.92301207780838,1
2338,a5e-fragment06-184,37,-0.0076422691345214,0.9136033058166504,0.9059610366821288,1
2379,a5e-fragment06-198,11,-0.0208988189697265,0.9261836409568788,0.905284821987152,1
2379,a5e-fragment06-198,23,0.0005280971527099,0.9374030828475952,0.9379311800003052,1
2379,a5e-fragment06-198,37,0.0093681216239929,0.9245699048042296,0.9339380264282228,1
2385,a5e-fragment06-201,11,0.0070133805274963,0.9329606890678406,0.9399740695953368,1
2385,a5e-fragment06-201,23,0.0007290840148925,0.945645809173584,0.9463748931884766,1
2385,a5e-fragment06-201,37,-0.0028930902481079,0.944061040878296,0.941167950630188,1
2392,a6u-fragment02-167,11,0.2092843055725097,0.4763122200965881,0.6855965256690979,1
2392,a6u-fragment02-167,23,0.2538059651851654,0.4602269232273102,0.7140328884124756,1
2392,a6u-fragment02-167,37,0.1816715896129608,0.495004802942276,0.6766763925552368,1
2395,a6u-fragment02-168,11,-0.0092058181762695,0.7116808891296387,0.7024750709533691,1
2395,a6u-fragment02-168,23,0.0433709621429443,0.6574046611785889,0.7007756233215332,1
2395,a6u-fragment02-168,37,0.0486368536949157,0.6835689544677734,0.7322058081626892,1
2399,a6u-fragment02-169,11,-0.006608560681343075,0.824613407254219,0.818004846572876,4
2399,a6u-fragment02-169,23,-0.0058397203683853245,0.8258453011512756,0.8200055807828903,4
2399,a6u-fragment02-169,37,-0.01837477087974545,0.843821719288826,0.8254469484090805,4
2406,a6u-fragment02-171,11,0.0399498343467712,0.6684972047805786,0.7084470391273499,1
2406,a6u-fragment02-171,23,0.0239712595939636,0.6754006743431091,0.6993719339370728,1
2406,a6u-fragment02-171,37,0.0322815179824829,0.6548779010772705,0.6871594190597534,1
2418,a6u-fragment02-175,11,0.011512140432993534,0.823194166024526,0.8347063064575195,3
2418,a6u-fragment02-175,23,0.022393047809600764,0.8033364017804464,0.8257294495900472,3
2418,a6u-fragment02-175,37,0.016239146391550666,0.8158165613810221,0.8320557077725729,3
2432,a6u-fragment02-181,11,0.0177721381187438,0.829033613204956,0.8468057513237,1
2432,a6u-fragment02-181,23,0.015315294265747,0.8040034174919128,0.8193187117576599,1
2432,a6u-fragment02-181,37,0.0307008624076843,0.7984241247177124,0.8291249871253967,1
2435,a6u-fragment02-182,11,0.0180519223213195,0.8844813108444214,0.902533233165741,1
2435,a6u-fragment02-182,23,-0.0110551714897155,0.8792620301246643,0.8682068586349487,1
2435,a6u-fragment02-182,37,0.0061191916465759,0.9017763733863832,0.907895565032959,1
2452,a6u-fragment02-187,11,-0.0726871490478515,0.8654313683509827,0.7927442193031311,1
2452,a6u-fragment02-187,23,-0.0708332061767578,0.9094342589378356,0.8386010527610779,1
2452,a6u-fragment02-187,37,-0.1149650812149047,0.9274907112121582,0.8125256299972534,1
2456,a6u-fragment02-189,11,0.0024760961532592,0.7624691724777222,0.7649452686309814,1
2456,a6u-fragment02-189,23,0.048247218132019,0.7498003244400024,0.7980475425720215,1
2456,a6u-fragment02-189,37,0.0035542249679565,0.7752392888069153,0.7787935137748718,1
2493,a6u-fragment02-206,11,-0.0108583569526672,0.7561613917350769,0.7453030347824097,1
2493,a6u-fragment02-206,23,0.0176422595977783,0.7743292450904846,0.7919715046882629,1
2493,a6u-fragment02-206,37,-0.0395620465278625,0.8018346428871155,0.7622725963592529,1
2504,a6u-fragment02-212,11,-0.024937629699707,0.7018687725067139,0.6769311428070068,2
2504,a6u-fragment02-212,23,-0.00969651341438295,0.700903594493866,0.691207081079483,2
2504,a6u-fragment02-212,37,-0.011929839849472,0.6803165972232819,0.6683867573738098,2
2508,a6u-fragment02-213,11,0.0904134511947631,0.7450889945030212,0.8355024456977844,1
2508,a6u-fragment02-213,23,0.0458110570907592,0.7329102754592896,0.7787213325500488,1
2508,a6u-fragment02-213,37,0.044430673122406,0.7413721680641174,0.7858028411865234,1
2512,a6u-fragment02-214,11,0.037423551082611,0.8687623739242554,0.9061859250068665,1
2512,a6u-fragment02-214,23,0.0627766847610473,0.8548983931541443,0.9176750779151917,1
2512,a6u-fragment02-214,37,0.0481051206588745,0.8647606372833252,0.9128657579421996,1
2527,a6u-fragment02-222,11,-0.0657295584678649,0.8213115930557251,0.7555820345878601,1
2527,a6u-fragment02-222,23,-0.0178875923156738,0.8542007207870483,0.8363131284713745,1
2527,a6u-fragment02-222,37,-0.0276980996131896,0.8349928855895996,0.8072947859764099,1
2536,a6u-fragment02-234,11,0.0152580738067626,0.6239460110664368,0.6392040848731995,1
2536,a6u-fragment02-234,23,0.0214797258377075,0.6902647614479065,0.711744487285614,1
2536,a6u-fragment02-234,37,0.006414771080017,0.6431475877761841,0.6495623588562012,1
2544,a6u-fragment02-237,11,0.0031325817108154,0.7272388935089111,0.7303714752197266,1
2544,a6u-fragment02-237,23,0.0170457363128662,0.7607996463775635,0.7778453826904297,1
2544,a6u-fragment02-237,37,0.0146588683128356,0.7413951754570007,0.7560540437698364,1
2561,a6u-fragment02-243,11,0.0143968760967254,0.8899527788162231,0.9043496549129486,2
2561,a6u-fragment02-243,23,0.005916237831115749,0.9136769473552704,0.9195931851863861,2
2561,a6u-fragment02-243,37,-7.414817810054951e-05,0.900210827589035,0.9001366794109344,2
2568,a6u-fragment02-244,11,0.0025845170021057,0.907976508140564,0.9105610251426696,1
2568,a6u-fragment02-244,23,0.0081949830055236,0.9173186421394348,0.9255136251449584,1
2568,a6u-fragment02-244,37,0.000704288482666,0.907963752746582,0.908668041229248,1
2580,a6u-fragment02-253,11,0.0232289433479309,0.69235959649086,0.7155885398387909,2
2580,a6u-fragment02-253,23,-0.0003538727760315002,0.7224562466144562,0.7221023738384247,2
2580,a6u-fragment02-253,37,0.0069085359573364,0.7211732268333435,0.7280817627906799,2
2588,a6u-fragment02-256,11,0.0091822147369384,0.8273512721061707,0.8365334868431091,1
2588,a6u-fragment02-256,23,-0.01376473903656,0.8661593198776245,0.8523945808410645,1
2588,a6u-fragment02-256,37,0.0059693455696105,0.889915406703949,0.8958847522735596,1
2601,a6u-fragment02-259,11,-0.0271567702293396,0.9282287359237672,0.9010719656944276,1
2601,a6u-fragment02-259,23,-0.0119529962539672,0.9136945605278016,0.9017415642738342,1
2601,a6u-fragment02-259,37,0.0034576058387756,0.9036646485328674,0.9071222543716432,1
2603,a6u-fragment02-259,11,0.014799416065216,0.7578140497207642,0.7726134657859802,1
2603,a6u-fragment02-259,23,0.022388219833374,0.793712854385376,0.81610107421875,1
2603,a6u-fragment02-259,37,0.0179341435432434,0.7597886323928833,0.7777227759361267,1
2604,a6u-fragment02-259,11,-0.010067880153656,0.8605384826660156,0.8504706025123596,1
2604,a6u-fragment02-259,23,0.0336279273033142,0.8412892818450928,0.874917209148407,1
2604,a6u-fragment02-259,37,-0.0047109127044677,0.8737109899520874,0.8690000772476196,1
2609,a6u-fragment02-261,11,0.0203040838241577,0.8460608720779419,0.8663649559020996,1
2609,a6u-fragment02-261,23,-0.0144963264465332,0.8530517816543579,0.8385554552078247,1
2609,a6u-fragment02-261,37,0.0201300978660583,0.8347071409225464,0.8548372387886047,1
2672,a6u-fragment02-289,11,-0.0155215859413146,0.9075416922569276,0.8920201063156128,1
2672,a6u-fragment02-289,23,0.0050739645957946,0.903175950050354,0.9082499146461488,1
2672,a6u-fragment02-289,37,-0.0218123793601989,0.9016274213790894,0.8798150420188904,1
2745,a7s-fragment03-62,11,0.0976362824440002,0.7911285758018494,0.8887648582458496,1
2745,a7s-fragment03-62,23,0.0829485058784484,0.8248394131660461,0.9077879190444946,1
2745,a7s-fragment03-62,37,0.0879384279251098,0.806050181388855,0.8939886093139648,1
2768,a7s-fragment03-78,11,-0.0137657225131988,0.927874654531479,0.91410893201828,2
2768,a7s-fragment03-78,23,0.00257843732833865,0.9030389785766602,0.9056174159049988,2
2768,a7s-fragment03-78,37,-0.0157942175865173,0.927239179611206,0.9114449620246887,2
2856,a7t-fragment01-22,11,-0.0170877575874328,0.8358762860298157,0.8187885284423828,1
2856,a7t-fragment01-22,23,-0.0537002086639404,0.8691906332969666,0.8154904246330261,1
2856,a7t-fragment01-22,37,0.0150314569473266,0.8007032871246338,0.8157347440719604,1
2859,a7t-fragment01-23,11,0.007997721433639474,0.8472808003425598,0.8552785217761993,4
2859,a7t-fragment01-23,23,0.01513072848320005,0.8419890403747559,0.8571197688579559,4
2859,a7t-fragment01-23,37,0.01214903593063355,0.8427687734365463,0.8549178093671799,4
2878,a7t-fragment01-28,11,-0.0062860250473022,0.6906517148017883,0.6843656897544861,1
2878,a7t-fragment01-28,23,0.0422783493995666,0.6907603144645691,0.7330386638641357,1
2878,a7t-fragment01-28,37,0.0108476281166076,0.7817456126213074,0.792593240737915,1
2895,a7t-fragment01-33,11,0.0333436131477355,0.8039819598197937,0.8373255729675293,1
2895,a7t-fragment01-33,23,0.0301564931869506,0.7996798753738403,0.829836368560791,1
2895,a7t-fragment01-33,37,0.0217030048370361,0.8106492757797241,0.8323522806167603,1
2903,a7t-fragment01-34,11,0.0810043811798095,0.7040840983390808,0.7850884795188904,1
2903,a7t-fragment01-34,23,0.0478840470314025,0.7060778737068176,0.7539619207382202,1
2903,a7t-fragment01-34,37,0.0680353641510009,0.6661025285720825,0.7341378927230835,1
2937,a7w-fragment01-2,11,0.0300890207290649,0.834064245223999,0.864153265953064,1
2937,a7w-fragment01-2,23,0.001813530921936,0.8554561138153076,0.8572696447372437,1
2937,a7w-fragment01-2,37,0.0257129669189453,0.8358477354049683,0.8615607023239136,1
2961,a7w-fragment01-8,11,-0.0031186342239379,0.8990651965141296,0.8959465622901917,1
2961,a7w-fragment01-8,23,0.0134245157241821,0.896649181842804,0.910073697566986,1
2961,a7w-fragment01-8,37,0.0004705190658569,0.9042308330535888,0.9047013521194458,1
2968,a7w-fragment01-10,11,-0.0135893821716308,0.9302881956100464,0.9166988134384156,1
2968,a7w-fragment01-10,23,-0.024352490901947,0.9355418682098388,0.9111893773078918,1
2968,a7w-fragment01-10,37,-0.0165120363235473,0.920011341571808,0.9034993052482604,1
3005,a7w-fragment01-16,11,0.047278881072998,0.8225944638252258,0.8698733448982239,1
3005,a7w-fragment01-16,23,0.1127210855484008,0.7703077793121338,0.8830288648605347,1
3005,a7w-fragment01-16,37,0.0426399111747741,0.8234096169471741,0.8660495281219482,1
3016,a7w-fragment01-17,11,0.0437120795249938,0.6732218265533447,0.7169339060783386,1
3016,a7w-fragment01-17,23,0.0395200848579406,0.6511827111244202,0.6907027959823608,1
3016,a7w-fragment01-17,37,0.033923864364624,0.6377420425415039,0.6716659069061279,1
3021,a7w-fragment01-17,11,0.0395045280456543,0.7619858980178833,0.8014904260635376,1
3021,a7w-fragment01-17,23,0.0211555361747741,0.7622358798980713,0.7833914160728455,1
3021,a7w-fragment01-17,37,0.0221503973007202,0.7745035290718079,0.7966539263725281,1
3022,a7w-fragment01-17,11,-0.0226224660873413,0.7878954410552979,0.7652729749679565,1
3022,a7w-fragment01-17,23,-0.0153804421424865,0.7689623236656189,0.7535818815231323,1
3022,a7w-fragment01-17,37,-0.0210357308387756,0.7503702640533447,0.7293345332145691,1
3026,a7w-fragment01-18,11,0.015261948108673,0.685932457447052,0.7011944055557251,1
3026,a7w-fragment01-18,23,0.0055552124977111,0.660054624080658,0.6656098365783691,1
3026,a7w-fragment01-18,37,0.0181612372398376,0.6640809774398804,0.682242214679718,1
3052,a7w-fragment01-32,11,0.047953188419342,0.8454570770263672,0.8934102654457092,1
3052,a7w-fragment01-32,23,0.0592028498649597,0.8236202597618103,0.88282310962677,1
3052,a7w-fragment01-32,37,0.0402925610542297,0.8142902851104736,0.8545828461647034,1
3053,a7w-fragment01-33,11,0.00809529423713685,0.9063748717308044,0.9144701659679413,2
3053,a7w-fragment01-33,23,0.01644828915596005,0.8972630202770233,0.9137113094329834,2
3053,a7w-fragment01-33,37,0.00515261292457575,0.9029325842857361,0.908085197210312,2
3081,a7w-fragment01-46,11,0.0225666165351867,0.8762187957763672,0.898785412311554,1
3081,a7w-fragment01-46,23,-0.0060676932334899,0.907679319381714,0.901611626148224,1
3081,a7w-fragment01-46,37,0.0152794122695922,0.8899000883102417,0.905179500579834,1
3121,a7w-fragment01-62,11,-0.0141300559043884,0.7293939590454102,0.7152639031410217,1
3121,a7w-fragment01-62,23,0.0520110726356506,0.6797745823860168,0.7317856550216675,1
3121,a7w-fragment01-62,37,0.0437954068183898,0.7089465856552124,0.7527419924736023,1
3127,a7w-fragment01-64,11,-0.0034685432910919,0.9076215028762817,0.9041529595851898,2
3127,a7w-fragment01-64,23,0.0084402859210968,0.8947272896766663,0.9031675755977631,2
3127,a7w-fragment01-64,37,-0.01725864410400385,0.9040973484516144,0.8868387043476105,2
3156,a7w-fragment01-74,11,0.0036473274230957,0.8541560769081116,0.8578034043312073,1
3156,a7w-fragment01-74,23,0.0403764247894287,0.8481916189193726,0.8885680437088013,1
3156,a7w-fragment01-74,37,0.0171303749084472,0.8497876524925232,0.8669180274009705,1
3157,a7w-fragment01-76,11,-0.031470239162445,0.7726406455039978,0.7411704063415527,1
3157,a7w-fragment01-76,23,-0.0241320729255676,0.7533512711524963,0.7292191982269287,1
3157,a7w-fragment01-76,37,-0.0164818167686462,0.7823827862739563,0.7659009695053101,1
3178,a7y-fragment03-183,11,-0.0130292773246765,0.6961416006088257,0.6831123232841492,1
3178,a7y-fragment03-183,23,-0.0274630784988403,0.6749796867370605,0.6475166082382202,1
3178,a7y-fragment03-183,37,0.0094642043113708,0.6846374869346619,0.6941016912460327,1
3179,a7y-fragment03-183,11,0.0154590010643005,0.8105477094650269,0.8260067105293274,1
3179,a7y-fragment03-183,23,0.0539180040359497,0.7489601373672485,0.8028781414031982,1
3179,a7y-fragment03-183,37,0.016162633895874,0.8168739080429077,0.8330365419387817,1
3184,a7y-fragment03-185,11,0.02536103129386895,0.8035090267658234,0.8288700580596924,2
3184,a7y-fragment03-185,23,0.02110815048217765,0.8283899128437042,0.849498063325882,2
3184,a7y-fragment03-185,37,0.016659379005432053,0.8081966936588287,0.8248560726642609,2
3196,a7y-fragment03-191,11,0.1286513805389404,0.7476268410682678,0.8762782216072083,1
3196,a7y-fragment03-191,23,0.1076085567474365,0.7539065480232239,0.8615151047706604,1
3196,a7y-fragment03-191,37,0.0691892504692077,0.7857003211975098,0.8548895716667175,1
3238,a7y-fragment03-208,11,0.0143744945526123,0.7771011590957642,0.7914756536483765,1
3238,a7y-fragment03-208,23,0.0003253817558288,0.7810097932815552,0.781335175037384,1
3238,a7y-fragment03-208,37,-0.0160320401191711,0.8155537843704224,0.7995217442512512,1
3272,a80-fragment15-283,11,0.058206021785736,0.7975846529006958,0.8557906746864319,1
3272,a80-fragment15-283,23,0.0184497833251953,0.797602653503418,0.8160524368286133,1
3272,a80-fragment15-283,37,0.0428540706634521,0.7994890213012695,0.8423430919647217,1
3289,a80-fragment15-295,11,-0.0632708072662353,0.8450179100036621,0.7817471027374268,1
3289,a80-fragment15-295,23,-0.0715864300727844,0.8213598132133484,0.749773383140564,1
3289,a80-fragment15-295,37,-0.0388951301574707,0.8168346881866455,0.7779395580291748,1
3294,a80-fragment15-297,11,0.0282056331634521,0.8642493486404419,0.892454981803894,1
3294,a80-fragment15-297,23,-0.0039527416229248,0.8813059329986572,0.8773531913757324,1
3294,a80-fragment15-297,37,0.0072205662727355,0.8884070515632629,0.8956276178359985,1
3311,a8m-fragment02-64,11,0.02682060003280635,0.7771866917610168,0.8040072917938232,2
3311,a8m-fragment02-64,23,0.0357572436332702,0.76710245013237,0.8028596937656403,2
3311,a8m-fragment02-64,37,0.0083764493465423,0.7732111811637878,0.7815876305103302,2
3347,a8n-fragment19-315,11,0.02207329869270325,0.806513786315918,0.8285870850086212,2
3347,a8n-fragment19-315,23,0.05430200695991515,0.8057607710361481,0.8600627779960632,2
3347,a8n-fragment19-315,37,0.04480347037315365,0.8056001961231232,0.8504036664962769,2
3374,a8n-fragment19-325,11,0.01615971326828,0.8380680084228516,0.8542277216911316,1
3374,a8n-fragment19-325,23,-0.0219461321830749,0.8602889180183411,0.8383427858352661,1
3374,a8n-fragment19-325,37,0.0009490847587585,0.8791811466217041,0.8801302313804626,1
3379,a8n-fragment19-328,11,-0.017196416854858402,0.7345500886440277,0.7173536717891693,2
3379,a8n-fragment19-328,23,0.01760241389274595,0.7195048630237579,0.7371072769165039,2
3379,a8n-fragment19-328,37,0.08831140398979184,0.6788016557693481,0.76711305975914,2
3386,a8n-fragment19-330,11,0.0322722345590591,0.10783451795578,0.1401067525148391,1
3386,a8n-fragment19-330,23,0.0161457434296607,0.1189402118325233,0.1350859552621841,1
3386,a8n-fragment19-330,37,0.0192725136876106,0.1227825656533241,0.1420550793409347,1
3388,a8n-fragment19-333,11,0.0034379363059997,0.896446168422699,0.8998841047286987,1
3388,a8n-fragment19-333,23,-0.0166374444961547,0.9071835279464722,0.8905460834503174,1
3388,a8n-fragment19-333,37,-0.0135439038276672,0.9183153510093688,0.9047714471817015,1
3465,a8r-fragment02-55,11,0.010989129543304449,0.804896891117096,0.8158860206604004,2
3465,a8r-fragment02-55,23,0.0021675825119018503,0.8182235360145569,0.8203911185264587,2
3465,a8r-fragment02-55,37,0.00174808502197265,0.8174392879009247,0.8191873729228973,2
3475,a8r-fragment02-59,11,-0.0316454768180847,0.8069713115692139,0.7753258347511292,1
3475,a8r-fragment02-59,23,-0.0266321301460266,0.8410176634788513,0.8143855333328247,1
3475,a8r-fragment02-59,37,-0.0483890771865844,0.8315249681472778,0.7831358909606934,1
3498,a8r-fragment02-68,11,0.0126855969429016,0.8187217116355896,0.8314073085784912,1
3498,a8r-fragment02-68,23,0.0050340890884399,0.787990927696228,0.793025016784668,1
3498,a8r-fragment02-68,37,0.0283086895942688,0.7868577837944031,0.8151664733886719,1
3504,a8u-fragment14-317,11,0.0181995630264282,0.9218231439590454,0.9400227069854736,1
3504,a8u-fragment14-317,23,0.0076117515563964,0.959259033203125,0.9668707847595216,1
3504,a8u-fragment14-317,37,-0.0184994935989379,0.9437208771705629,0.9252213835716248,1
3521,a8u-fragment14-319,11,0.0670683532953262,0.4313269853591919,0.4983953386545181,2
3521,a8u-fragment14-319,23,0.05811125040054315,0.45646560192108154,0.5145768523216248,2
3521,a8u-fragment14-319,37,0.05518132448196405,0.4231121093034744,0.47829343378543854,2
3542,a8u-fragment14-327,11,-0.0227184295654296,0.8105124235153198,0.7877939939498901,1
3542,a8u-fragment14-327,23,0.0165731310844421,0.7781246900558472,0.7946978211402893,1
3542,a8u-fragment14-327,37,0.0352259278297424,0.7771551012992859,0.8123810291290283,1
3555,a8u-fragment14-331,11,-0.080558955669403,0.8721703290939331,0.79161137342453,1
3555,a8u-fragment14-331,23,-0.0462514758110046,0.8549363613128662,0.8086848855018616,1
3555,a8u-fragment14-331,37,-0.0596929192543029,0.8348411321640015,0.7751482129096985,1
3572,a8u-fragment14-336,11,0.03310841321945185,0.7504485249519348,0.7835569381713867,2
3572,a8u-fragment14-336,23,0.007188975811004599,0.7662499845027924,0.773438960313797,2
3572,a8u-fragment14-336,37,0.002754271030426001,0.7806383967399597,0.7833926677703857,2
3581,a8u-fragment14-342,11,-0.00209042429924005,0.5809837579727173,0.5788933336734772,2
3581,a8u-fragment14-342,23,-0.006171226501464851,0.5830350518226624,0.5768638253211975,2
3581,a8u-fragment14-342,37,0.0115751028060913,0.574193149805069,0.5857682526111603,2
3592,a8u-fragment14-349,11,0.0386650264263153,0.3537231385707855,0.3923881649971008,1
3592,a8u-fragment14-349,23,0.0973455905914306,0.3574578762054443,0.454803466796875,1
3592,a8u-fragment14-349,37,0.1216261684894561,0.3435585498809814,0.4651847183704376,1
3593,a8u-fragment14-351,11,-0.0021853446960449,0.7528022527694702,0.7506169080734253,1
3593,a8u-fragment14-351,23,0.0119501948356628,0.7589280009269714,0.7708781957626343,1
3593,a8u-fragment14-351,37,-0.0039783120155334,0.7865135669708252,0.7825352549552917,1
3607,a8u-fragment14-357,11,0.0207602381706237,0.8662099242210388,0.8869701623916626,1
3607,a8u-fragment14-357,23,0.0196292400360107,0.877565860748291,0.8971951007843018,1
3607,a8u-fragment14-357,37,0.0066384077072143,0.8595340847969055,0.8661724925041199,1
3625,a98-fragment03-60,11,0.0129977464675903,0.9074793457984924,0.9204770922660828,1
3625,a98-fragment03-60,23,-0.0082007050514221,0.924284815788269,0.9160841107368468,1
3625,a98-fragment03-60,37,-0.020742654800415,0.91744065284729,0.896697998046875,1
3640,a98-fragment03-66,11,0.0216633081436157,0.8747497797012329,0.8964130878448486,1
3640,a98-fragment03-66,23,-0.0055605769157409,0.8963521122932434,0.8907915353775024,1
3640,a98-fragment03-66,37,0.0316460132598876,0.8800363540649414,0.9116823673248292,1
3641,a98-fragment03-66,11,0.0222319960594177,0.793788492679596,0.8160204887390137,1
3641,a98-fragment03-66,23,0.0085310339927673,0.7633036971092224,0.7718347311019897,1
3641,a98-fragment03-66,37,0.0362200736999511,0.7572463750839233,0.7934664487838745,1
3656,a98-fragment03-79,11,0.01550874114036555,0.7733396291732788,0.7888483703136444,2
3656,a98-fragment03-79,23,0.013163119554519601,0.7907321453094482,0.8038952648639679,2
3656,a98-fragment03-79,37,0.013884663581848151,0.7715441286563873,0.7854287922382355,2
3702,a9j-fragment01-15,11,-0.0206003785133361,0.7735423445701599,0.7529419660568237,1
3702,a9j-fragment01-15,23,0.0059779286384582,0.788773238658905,0.7947511672973633,1
3702,a9j-fragment01-15,37,-0.0298410654067993,0.8014392852783203,0.771598219871521,1
3723,a9j-fragment01-17,11,-0.0205965638160705,0.8487920761108398,0.8281955122947693,1
3723,a9j-fragment01-17,23,0.0017330050468444,0.8342535495758057,0.8359865546226501,1
3723,a9j-fragment01-17,37,0.0144991278648376,0.8265115022659302,0.8410106301307678,1
3751,a9j-fragment01-25,11,0.0157580375671386,0.767318069934845,0.7830761075019836,1
3751,a9j-fragment01-25,23,0.0348846316337585,0.7185689806938171,0.7534536123275757,1
3751,a9j-fragment01-25,37,0.0401446819305419,0.7380940914154053,0.7782387733459473,1
3771,a9j-fragment01-32,11,0.0096732974052429,0.8710533380508423,0.8807266354560852,1
3771,a9j-fragment01-32,23,-0.0019654035568237,0.8521378040313721,0.8501724004745483,1
3771,a9j-fragment01-32,37,-0.007189393043518,0.8846450448036194,0.8774556517601013,1
3809,a9j-fragment01-47,11,0.0005297660827636498,0.893191009759903,0.8937207758426666,2
3809,a9j-fragment01-47,23,0.006775200366973801,0.8901156187057495,0.8968908190727234,2
3809,a9j-fragment01-47,37,-0.0086496770381927,0.9028044641017914,0.8941547870635986,2
3817,a9j-fragment01-48,11,0.0294565558433532,0.7078844904899597,0.737341046333313,1
3817,a9j-fragment01-48,23,0.0371108651161193,0.6830761432647705,0.7201870083808899,1
3817,a9j-fragment01-48,37,0.0199913382530212,0.6821961998939514,0.7021875381469727,1
3824,a9j-fragment01-50,11,-0.0194220542907714,0.8875359892845154,0.8681139349937439,1
3824,a9j-fragment01-50,23,-0.0135857462882995,0.8790444135665894,0.8654586672782898,1
3824,a9j-fragment01-50,37,-0.0255125164985656,0.9021982550621032,0.8766857385635376,1
3847,a9j-fragment01-57,11,-0.0102814435958862,0.8156663179397583,0.8053848743438721,1
3847,a9j-fragment01-57,23,0.007360816001892,0.8092103004455566,0.8165711164474487,1
3847,a9j-fragment01-57,37,0.0398257970809936,0.7807298898696899,0.8205556869506836,1
3878,a9j-fragment01-67,11,0.0540406107902526,0.733936071395874,0.7879766821861267,1
3878,a9j-fragment01-67,23,0.056126594543457,0.731927752494812,0.788054347038269,1
3878,a9j-fragment01-67,37,0.0379362106323242,0.7352590560913086,0.7731952667236328,1
3919,aa3-fragment08-220,11,-0.0113460421562194,0.8748873472213745,0.863541305065155,1
3919,aa3-fragment08-220,23,0.0276774764060974,0.8631646633148193,0.8908421397209167,1
3919,aa3-fragment08-220,37,0.0054950714111328,0.8889460563659668,0.8944411277770996,1
3932,aa3-fragment08-227,11,-0.01175662875175475,0.908629447221756,0.8968728184700012,2
3932,aa3-fragment08-227,23,0.0009458661079406495,0.9308914840221405,0.9318373501300812,2
3932,aa3-fragment08-227,37,0.0072541236877441,0.9009026885032654,0.9081568121910095,2
3937,aa3-fragment08-229,11,0.0017778873443603,0.9183797240257264,0.9201576113700868,1
3937,aa3-fragment08-229,23,0.0143155455589294,0.9109946489334106,0.92531019449234,1
3937,aa3-fragment08-229,37,-0.0123707056045532,0.9269588589668274,0.9145881533622742,1
3941,aa3-fragment08-229,11,0.0027662515640258997,0.8269735276699066,0.8297397792339325,2
3941,aa3-fragment08-229,23,-0.0063376426696777,0.8586907684803009,0.8523531258106232,2
3941,aa3-fragment08-229,37,-0.0078413486480712,0.8362716138362885,0.8284302651882172,2
3945,aa3-fragment08-231,11,0.0074030756950378,0.9061259031295776,0.9135289788246156,1
3945,aa3-fragment08-231,23,0.0241775512695312,0.8795007467269897,0.903678297996521,1
3945,aa3-fragment08-231,37,0.0108608603477478,0.9163734912872314,0.9272343516349792,1
3961,aa3-fragment08-237,11,0.01363503932952875,0.8412341773509979,0.8548692166805267,2
3961,aa3-fragment08-237,23,0.00463849306106565,0.857947051525116,0.8625855445861816,2
3961,aa3-fragment08-237,37,-0.023732632398605298,0.8814212083816528,0.8576885759830475,2
3963,aa3-fragment08-238,11,0.0180806517601013,0.9129326343536376,0.931013286113739,1
3963,aa3-fragment08-238,23,0.0035843253135681,0.9237818717956544,0.9273661971092224,1
3963,aa3-fragment08-238,37,0.0243948698043823,0.9065970182418824,0.9309918880462646,1
3968,aa3-fragment08-241,11,0.0034908056259155,0.6965129971504211,0.7000038027763367,1
3968,aa3-fragment08-241,23,-0.0146354436874389,0.727718710899353,0.7130832672119141,1
3968,aa3-fragment08-241,37,0.0105981826782226,0.7364832758903503,0.747081458568573,1
3980,aa3-fragment08-246,11,0.0122287273406982,0.8616021275520325,0.8738308548927307,2
3980,aa3-fragment08-246,23,0.01199945807456965,0.8548718690872192,0.8668713271617889,2
3980,aa3-fragment08-246,37,0.02342066168785095,0.8568362593650818,0.8802569210529327,2
3998,ab9-fragment03-796,11,0.0339615941047668,0.8206339478492737,0.8545955419540405,1
3998,ab9-fragment03-796,23,0.0473620295524597,0.8049471974372864,0.8523092269897461,1
3998,ab9-fragment03-796,37,0.0293634533882141,0.7996537089347839,0.829017162322998,1
3999,ab9-fragment03-796,11,-0.0034713149070739,0.8635651469230652,0.8600938320159912,1
3999,ab9-fragment03-796,23,0.0056947469711303,0.8546832203865051,0.8603779673576355,1
3999,ab9-fragment03-796,37,-0.0091564655303955,0.8532266616821289,0.8440701961517334,1
4020,ab9-fragment03-809,11,-0.0133604605992635,0.7625918984413147,0.7492314378420512,3
4020,ab9-fragment03-809,23,0.03708722194035847,0.7587433457374573,0.7958305676778158,3
4020,ab9-fragment03-809,37,0.014890034993489601,0.7493741114934286,0.7642641464869181,3
4025,ab9-fragment03-812,11,-0.0005045533180236,0.8048227429389954,0.8043181896209717,1
4025,ab9-fragment03-812,23,-0.0132586359977722,0.7823067903518677,0.7690481543540955,1
4025,ab9-fragment03-812,37,-0.0149863958358764,0.7899488210678101,0.7749624252319336,1
4039,ab9-fragment03-836,11,-0.005889773368835401,0.8200625479221344,0.814172774553299,2
4039,ab9-fragment03-836,23,0.01506891846656795,0.814719557762146,0.829788476228714,2
4039,ab9-fragment03-836,37,0.0299027860164642,0.8152980804443359,0.8452008664608002,2
4049,ab9-fragment03-847,11,-0.0068359375,0.8215636610984802,0.8147277235984802,1
4049,ab9-fragment03-847,23,-0.0235167741775512,0.8365551233291626,0.8130383491516113,1
4049,ab9-fragment03-847,37,0.0209655165672302,0.791925847530365,0.8128913640975952,1
4071,ab9-fragment03-877,11,-0.0160324573516845,0.9002865552902222,0.8842540979385376,1
4071,ab9-fragment03-877,23,-0.0151690244674682,0.9115747213363647,0.8964056968688965,1
4071,ab9-fragment03-877,37,-0.0042568445205688,0.8814955949783325,0.8772387504577637,1
4074,ab9-fragment03-883,11,0.0508359670639038,0.8900450468063354,0.9408810138702391,1
4074,ab9-fragment03-883,23,-0.0109053254127502,0.9336705207824708,0.9227651953697203,1
4074,ab9-fragment03-883,37,-0.0066340565681457,0.9367755651474,0.9301415085792542,1
4101,ab9-fragment03-904,11,-0.0197761058807373,0.9024096727371216,0.8826335668563843,1
4101,ab9-fragment03-904,23,0.0007362365722656,0.9000211358070374,0.900757372379303,1
4101,ab9-fragment03-904,37,-0.0253572463989257,0.8966820240020752,0.8713247776031494,1
4125,ab9-fragment03-916,11,-0.0239211320877075,0.92723286151886,0.9033117294311525,1
4125,ab9-fragment03-916,23,-0.0254126191139221,0.9490833282470704,0.9236707091331482,1
4125,ab9-fragment03-916,37,-0.0109320282936096,0.952016830444336,0.9410848021507264,1
4135,ab9-fragment03-933,11,-0.0119868516921997,0.8698110580444336,0.8578242063522339,1
4135,ab9-fragment03-933,23,0.015247642993927,0.8734694123268127,0.8887170553207397,1
4135,ab9-fragment03-933,37,0.0173280239105224,0.8830760717391968,0.9004040956497192,1
4146,ab9-fragment03-937,11,0.0240438580513,0.9099316000938416,0.9339754581451416,1
4146,ab9-fragment03-937,23,0.0429513454437255,0.9037837982177734,0.946735143661499,1
4146,ab9-fragment03-937,37,0.0283215045928955,0.9031254053115844,0.93144690990448,1
4148,ab9-fragment03-937,11,-0.0025042295455932,0.8706639409065247,0.8681597113609314,1
4148,ab9-fragment03-937,23,0.0163829326629638,0.8832998871803284,0.8996828198432922,1
4148,ab9-fragment03-937,37,0.0390159487724304,0.8400465250015259,0.8790624737739563,1
4154,ab9-fragment03-940,11,0.0044569969177246,0.8219682574272156,0.8264252543449402,1
4154,ab9-fragment03-940,23,0.0184581279754638,0.8295071125030518,0.8479652404785156,1
4154,ab9-fragment03-940,37,0.0452980995178222,0.802557110786438,0.8478552103042603,1
4194,ab9-fragment03-956,11,0.0072757601737976,0.8885987401008606,0.8958745002746582,1
4194,ab9-fragment03-956,23,0.0462202429771423,0.8429184556007385,0.8891386985778809,1
4194,ab9-fragment03-956,37,0.0500658154487609,0.8425760865211487,0.8926419019699097,1
4198,ab9-fragment03-958,11,0.0039452910423278,0.8355442881584167,0.8394895792007446,1
4198,ab9-fragment03-958,23,-0.0053206086158752,0.8461381793022156,0.8408175706863403,1
4198,ab9-fragment03-958,37,-0.0061569213867187,0.8496825098991394,0.8435255885124207,1
4210,ab9-fragment03-965,11,0.0765314698219299,0.8299377858638763,0.9064692556858063,2
4210,ab9-fragment03-965,23,0.05543687939643855,0.8516360223293304,0.907072901725769,2
4210,ab9-fragment03-965,37,0.07306778430938721,0.8377121686935425,0.9107799530029298,2
4211,ab9-fragment03-965,11,-0.0331212282180786,0.8698217868804932,0.8367005586624146,1
4211,ab9-fragment03-965,23,-0.0044611096382141,0.8721789121627808,0.8677178025245667,1
4211,ab9-fragment03-965,37,-0.0574442744255065,0.8995154500007629,0.8420711755752563,1
4217,ab9-fragment03-966,11,0.0311828851699829,0.8495606184005737,0.8807435035705566,1
4217,ab9-fragment03-966,23,0.021290898323059,0.9028021097183228,0.9240930080413818,1
4217,ab9-fragment03-966,37,0.0695093274116516,0.8568617105484009,0.9263710379600524,1
4229,ab9-fragment03-967,11,0.0089683532714843,0.8998957872390747,0.9088641405105592,1
4229,ab9-fragment03-967,23,-0.0068341493606567,0.8888803720474243,0.8820462226867676,1
4229,ab9-fragment03-967,37,0.0085535645484924,0.9038591980934144,0.9124127626419068,1
4251,ab9-fragment03-974,11,0.07702873647212978,0.7587975859642029,0.8358263224363327,4
4251,ab9-fragment03-974,23,0.07341560721397394,0.7626660168170929,0.8360816240310669,4
4251,ab9-fragment03-974,37,0.07740505039691922,0.7565228193998337,0.8339278697967529,4
4288,ab9-fragment03-990,11,-0.0040939450263977,0.8960981369018555,0.8920041918754578,1
4288,ab9-fragment03-990,23,0.0113871693611145,0.9030542969703674,0.914441466331482,1
4288,ab9-fragment03-990,37,0.0199660658836364,0.8905239701271057,0.9104900360107422,1
4320,ab9-fragment03-1012,11,0.0105029344558715,0.9514944553375244,0.961997389793396,1
4320,ab9-fragment03-1012,23,-0.0007020235061645,0.9479166269302368,0.9472146034240724,1
4320,ab9-fragment03-1012,37,0.0114130973815917,0.94266676902771,0.9540798664093018,1
4321,ab9-fragment03-1013,11,0.0381368398666381,0.7173317074775696,0.7554685473442078,1
4321,ab9-fragment03-1013,23,0.0168301463127136,0.7093232870101929,0.7261534333229065,1
4321,ab9-fragment03-1013,37,0.0296051502227783,0.7137699723243713,0.7433751225471497,1
4336,ac2-fragment06-1270,11,0.0327123403549194,0.786054790019989,0.8187671303749084,1
4336,ac2-fragment06-1270,23,0.0323960781097412,0.817325234413147,0.8497213125228882,1
4336,ac2-fragment06-1270,37,0.0567904710769653,0.7624526023864746,0.8192430734634399,1
4350,ac2-fragment06-1283,11,-0.0669830739498138,0.8246076107025146,0.7576245367527008,2
4350,ac2-fragment06-1283,23,-0.019775718450546202,0.7896009087562561,0.7698251903057098,2
4350,ac2-fragment06-1283,37,-0.0495766401290893,0.8092344403266907,0.7596578001976013,2
4356,ac2-fragment06-1294,11,0.0019034147262572995,0.8894073963165283,0.8913108110427856,2
4356,ac2-fragment06-1294,23,-0.0017369985580443998,0.8944419622421265,0.892704963684082,2
4356,ac2-fragment06-1294,37,-0.00916787981987,0.8854926228523254,0.8763247430324554,2
4390,ac2-fragment06-1361,11,0.0834806561470031,0.7491523027420044,0.8326329588890076,1
4390,ac2-fragment06-1361,23,0.0582722425460815,0.7571773529052734,0.815449595451355,1
4390,ac2-fragment06-1361,37,0.0314131379127502,0.7689475417137146,0.8003606796264648,1
4403,ac2-fragment06-1385,11,-0.0029641389846801,0.9034192562103271,0.900455117225647,1
4403,ac2-fragment06-1385,23,0.0058491826057434,0.864082396030426,0.8699315786361694,1
4403,ac2-fragment06-1385,37,-0.0202372670173645,0.9010522365570068,0.8808149695396423,1
4407,ac2-fragment06-1389,11,-0.0155907273292541,0.9293056726455688,0.9137149453163148,1
4407,ac2-fragment06-1389,23,0.0098169445991516,0.9153305292129515,0.9251474738121032,1
4407,ac2-fragment06-1389,37,0.0030437707901,0.8971444964408875,0.9001882672309875,1
4446,ac2-fragment06-1434,11,-0.0080106854438781,0.9485480785369872,0.9405373930931092,1
4446,ac2-fragment06-1434,23,-0.011647880077362,0.9306296110153198,0.9189817309379578,1
4446,ac2-fragment06-1434,37,0.0025998950004577,0.9276075959205629,0.9302074909210204,1
4492,ac2-fragment06-1474,11,-0.1457640528678894,0.7508899569511414,0.605125904083252,1
4492,ac2-fragment06-1474,23,-0.0979443788528442,0.7127684354782104,0.6148240566253662,1
4492,ac2-fragment06-1474,37,-0.113429844379425,0.7097605466842651,0.5963307023048401,1
4517,ac2-fragment06-1495,11,0.0003328919410705,0.9167258739471436,0.917058765888214,1
4517,ac2-fragment06-1495,23,0.0129780769348144,0.9075031876564026,0.920481264591217,1
4517,ac2-fragment06-1495,37,-0.0005047917366027,0.9111698865890504,0.9106650948524476,1
4551,ac2-fragment06-1530,11,-0.0420601963996887,0.9088793396949768,0.8668191432952881,1
4551,ac2-fragment06-1530,23,-0.042145550251007,0.9369347095489502,0.8947891592979431,1
4551,ac2-fragment06-1530,37,-0.0167835354804992,0.9120529294013976,0.8952693939208984,1
4567,ac2-fragment06-1562,11,-0.0024303495883941494,0.9220582842826843,0.9196279346942902,2
4567,ac2-fragment06-1562,23,-0.008005470037460351,0.9263951182365417,0.9183896481990814,2
4567,ac2-fragment06-1562,37,0.004140645265579201,0.922607958316803,0.9267486035823822,2
4573,ac2-fragment06-1578,11,0.003848910331726,0.9412410855293274,0.9450899958610536,1
4573,ac2-fragment06-1578,23,0.0190827250480651,0.9047210812568665,0.9238038063049316,1
4573,ac2-fragment06-1578,37,-0.0187139511108398,0.9627131223678588,0.943999171257019,1
4587,acj-fragment01-3,11,0.0023858547210693,0.7098603248596191,0.7122461795806885,1
4587,acj-fragment01-3,23,0.0153930187225341,0.6784913539886475,0.6938843727111816,1
4587,acj-fragment01-3,37,-9.810924530029296e-05,0.74043869972229,0.7403405904769897,1
4601,acj-fragment01-8,11,0.11578679084777826,0.7385847965876261,0.8543715874354044,3
4601,acj-fragment01-8,23,0.10396665334701534,0.7428327798843384,0.8467994332313538,3
4601,acj-fragment01-8,37,0.1303737560907999,0.7228473424911499,0.8532210985819498,3
4617,acj-fragment01-16,11,0.03598427772521975,0.7682248651981354,0.8042091429233551,2
4617,acj-fragment01-16,23,0.0533986389636993,0.7573293149471283,0.8107279539108276,2
4617,acj-fragment01-16,37,0.0911680161952972,0.7002223432064056,0.7913903594017029,2
4622,acj-fragment01-17,11,0.01709306240081785,0.6527118384838104,0.6698049008846283,2
4622,acj-fragment01-17,23,0.000927239656448399,0.6467001438140869,0.6476273834705353,2
4622,acj-fragment01-17,37,0.026009798049926702,0.6470496952533722,0.673059493303299,2
4691,acj-fragment01-45,11,0.0636265873908996,0.5462149381637573,0.609841525554657,1
4691,acj-fragment01-45,23,-0.0031840801239013,0.575566291809082,0.5723822116851807,1
4691,acj-fragment01-45,37,0.0056350231170654,0.6171594858169556,0.622794508934021,1
4706,acj-fragment01-50,11,0.03514149785041805,0.7803664803504944,0.8155079782009125,2
4706,acj-fragment01-50,23,0.03006303310394285,0.8060857653617859,0.8361487984657288,2
4706,acj-fragment01-50,37,0.0322190225124359,0.7998569309711456,0.8320759534835815,2
4710,acj-fragment01-51,11,0.0617247223854064,0.8099173903465271,0.8716421127319336,1
4710,acj-fragment01-51,23,0.0126368403434753,0.8366101384162903,0.8492469787597656,1
4710,acj-fragment01-51,37,0.0287896394729614,0.7919374704360962,0.8207271099090576,1
4713,acj-fragment01-52,11,0.0216534733772277,0.7579073905944824,0.7795608639717102,1
4713,acj-fragment01-52,23,-0.0520563721656799,0.7927712202072144,0.7407148480415344,1
4713,acj-fragment01-52,37,-0.0240183472633361,0.7209999561309814,0.6969816088676453,1
4743,acj-fragment01-64,11,-0.0046312808990478,0.3465179204940796,0.3418866395950317,1
4743,acj-fragment01-64,23,0.0086085200309753,0.3754405081272125,0.3840490281581878,1
4743,acj-fragment01-64,37,-0.0306380987167358,0.4143584370613098,0.383720338344574,1
4751,acj-fragment01-67,11,0.0069642663002014,0.6329503655433655,0.6399146318435669,1
4751,acj-fragment01-67,23,0.0479112267494201,0.6228052377700806,0.6707164645195007,1
4751,acj-fragment01-67,37,0.0436649918556213,0.6047187447547913,0.6483837366104126,1
4759,acj-fragment01-69,11,-0.0006987750530242998,0.5620861351490021,0.5613873600959778,2
4759,acj-fragment01-69,23,0.02222481369972225,0.538773775100708,0.5609985888004303,2
4759,acj-fragment01-69,37,0.0060796439647674005,0.5464601814746857,0.5525398254394531,2
4766,acj-fragment01-70,11,-0.0005675554275512504,0.8282469213008881,0.8276793658733368,2
4766,acj-fragment01-70,23,-0.0009463727474212499,0.8101468086242676,0.8092004358768463,2
4766,acj-fragment01-70,37,0.020478606224060048,0.800498753786087,0.8209773600101471,2
4775,acj-fragment01-73,11,0.056659996509552,0.6596534848213196,0.7163134813308716,1
4775,acj-fragment01-73,23,0.04831463098526,0.6133700013160706,0.6616846323013306,1
4775,acj-fragment01-73,37,0.0836080312728881,0.6165822148323059,0.7001902461051941,1
4812,acj-fragment01-95,11,0.024966835975646952,0.7500636577606201,0.7750304937362671,2
4812,acj-fragment01-95,23,0.0018032193183898499,0.7649445831775665,0.7667478024959564,2
4812,acj-fragment01-95,37,0.010848641395568799,0.7653097808361053,0.7761584222316742,2
4815,acj-fragment01-98,11,0.0102232694625854,0.8608468770980835,0.871070146560669,1
4815,acj-fragment01-98,23,0.0144331455230712,0.8794748187065125,0.8939079642295837,1
4815,acj-fragment01-98,37,0.0271733403205871,0.8631575107574463,0.8903308510780334,1
4823,acj-fragment01-101,11,0.010373830795288,0.5936380624771118,0.6040118932723999,1
4823,acj-fragment01-101,23,-0.0006428956985473,0.5344288945198059,0.5337859988212585,1
4823,acj-fragment01-101,37,0.0570954084396362,0.5405830144882202,0.5976784229278564,1
4842,acj-fragment01-107,11,0.0726640820503234,0.7877946496009827,0.8604587316513062,1
4842,acj-fragment01-107,23,0.061114490032196,0.8117427825927734,0.8728572726249695,1
4842,acj-fragment01-107,37,0.0834388732910156,0.7925161123275757,0.8759549856185913,1
4868,acj-fragment01-115,11,0.0770862102508544,0.7288987636566162,0.8059849739074707,1
4868,acj-fragment01-115,23,0.0288664102554321,0.785417914390564,0.8142843246459961,1
4868,acj-fragment01-115,37,0.0128422975540161,0.780499279499054,0.7933415770530701,1
4876,acj-fragment01-118,11,-0.0227842926979064,0.7819389700889587,0.7591546773910522,1
4876,acj-fragment01-118,23,-0.0346986055374145,0.776127278804779,0.7414286732673645,1
4876,acj-fragment01-118,37,-0.0266473889350891,0.7316229343414307,0.7049755454063416,1
4888,acj-fragment01-124,11,0.00660899281501765,0.7346048951148987,0.7412138879299164,2
4888,acj-fragment01-124,23,0.0038906931877136,0.7268906831741333,0.7307813763618469,2
4888,acj-fragment01-124,37,0.0025983154773712488,0.690861850976944,0.6934601664543152,2
4890,acj-fragment01-124,11,0.0192350149154663,0.7938517332077026,0.813086748123169,1
4890,acj-fragment01-124,23,-0.0047917366027832,0.8139768838882446,0.8091851472854614,1
4890,acj-fragment01-124,37,-0.0239917039871215,0.8273937702178955,0.8034020662307739,1
4891,acj-fragment01-126,11,0.0274155437946319,0.8674596846103668,0.8948752284049988,2
4891,acj-fragment01-126,23,0.0160075724124908,0.8754514455795288,0.8914590179920197,2
4891,acj-fragment01-126,37,0.020276039838790852,0.8640410304069519,0.8843170702457428,2
4914,acj-fragment01-134,11,0.075379192829132,0.7482829093933105,0.8236621022224426,1
4914,acj-fragment01-134,23,0.0413534641265869,0.750343918800354,0.7916973829269409,1
4914,acj-fragment01-134,37,0.0272501111030578,0.7785510420799255,0.8058011531829834,1
4919,acj-fragment01-135,11,0.0150092244148254,0.7173186540603638,0.7323278784751892,1
4919,acj-fragment01-135,23,0.0424532294273376,0.7170724272727966,0.7595256567001343,1
4919,acj-fragment01-135,37,0.0291259884834289,0.7396373748779297,0.7687633633613586,1
4939,acj-fragment01-138,11,0.0735671520233154,0.6571437120437622,0.7307108640670776,1
4939,acj-fragment01-138,23,0.0509043931961059,0.6436588764190674,0.6945632696151733,1
4939,acj-fragment01-138,37,0.0616577863693237,0.6465864181518555,0.7082442045211792,1
4941,acj-fragment01-138,11,-0.0038880705833435,0.6918275356292725,0.687939465045929,1
4941,acj-fragment01-138,23,-0.0066955685615539,0.6736322045326233,0.6669366359710693,1
4941,acj-fragment01-138,37,-0.0021896958351135,0.6546962261199951,0.6525065302848816,1
4948,acj-fragment01-139,11,-0.0021411180496215994,0.6772838830947876,0.675142765045166,2
4948,acj-fragment01-139,23,-0.01397591829299925,0.7156791090965271,0.7017031908035278,2
4948,acj-fragment01-139,37,-0.0078929662704468,0.6959189474582672,0.6880259811878204,2
4958,acj-fragment01-142,11,0.0688730478286743,0.7862836122512817,0.855156660079956,1
4958,acj-fragment01-142,23,0.0541837811470031,0.8054441213607788,0.859627902507782,1
4958,acj-fragment01-142,37,0.0661160349845886,0.7949820756912231,0.8610981106758118,1
4962,acj-fragment01-142,11,-0.0736773014068603,0.5902037620544434,0.516526460647583,1
4962,acj-fragment01-142,23,0.0722461342811584,0.4671503901481628,0.5393965244293213,1
4962,acj-fragment01-142,37,-0.0637989044189453,0.5985407829284668,0.5347418785095215,1
4972,acj-fragment01-145,11,0.03798907995223995,0.7885076105594635,0.8264966905117035,2
4972,acj-fragment01-145,23,0.08657330274581905,0.7412393093109131,0.8278126120567322,2
4972,acj-fragment01-145,37,0.06292071938514705,0.7820059955120087,0.8449267148971558,2
4982,acj-fragment01-149,11,0.0442820191383361,0.7015072107315063,0.7457892298698425,1
4982,acj-fragment01-149,23,0.0109179019927978,0.711165189743042,0.7220830917358398,1
4982,acj-fragment01-149,37,-0.0062536001205444,0.7447736263275146,0.7385200262069702,1
5015,ahb-fragment51-719,11,-0.0043385028839111,0.9239876866340636,0.9196491837501526,1
5015,ahb-fragment51-719,23,-0.0057194232940673,0.9266074895858764,0.9208880662918092,1
5015,ahb-fragment51-719,37,-0.0094146132469177,0.8842626214027405,0.8748480081558228,1
5046,ahb-fragment51-738,11,0.0408409237861633,0.7696479558944702,0.8104888796806335,1
5046,ahb-fragment51-738,23,0.0120867490768432,0.808844268321991,0.8209310173988342,1
5046,ahb-fragment51-738,37,0.0168431401252746,0.7624375820159912,0.7792807221412659,1
5099,ahc-fragment60-1218,11,0.0202835798263549,0.8434527516365051,0.8637363314628601,1
5099,ahc-fragment60-1218,23,-0.006398320198059,0.8536983728408813,0.8473000526428223,1
5099,ahc-fragment60-1218,37,0.0124679207801818,0.8854413032531738,0.8979092240333557,1
5158,ahc-fragment60-1243,11,-0.01154074072837825,0.9091993272304535,0.8976585865020752,2
5158,ahc-fragment60-1243,23,0.00436314940452575,0.8876543939113617,0.8920175433158875,2
5158,ahc-fragment60-1243,37,-0.0121717154979706,0.9212789237499236,0.9091072082519531,2
5198,ahc-fragment61-1264,11,0.0109354257583618,0.8875331878662109,0.8984686136245728,1
5198,ahc-fragment61-1264,23,-0.0161434412002563,0.8860408067703247,0.8698973655700684,1
5198,ahc-fragment61-1264,37,-0.0221926569938659,0.870563268661499,0.8483706116676331,1
5203,ahc-fragment61-1265,11,0.013182476162910399,0.3775538057088852,0.3907362818717956,2
5203,ahc-fragment61-1265,23,-0.00017765164375305002,0.43255020678043365,0.43237255513668055,2
5203,ahc-fragment61-1265,37,-0.04572454094886775,0.44388656318187714,0.3981620222330093,2
5253,ahc-fragment61-1293,11,-0.0197122991085052,0.7825372219085693,0.7628249228000641,2
5253,ahc-fragment61-1293,23,0.018674403429031348,0.7698724865913391,0.7885468900203705,2
5253,ahc-fragment61-1293,37,0.0029079914093017,0.7864112555980682,0.78931924700737,2
5272,ahd-fragment06-53,11,-0.0101191997528076,0.6398931741714478,0.6297739744186401,1
5272,ahd-fragment06-53,23,0.0149369835853576,0.6924827694892883,0.707419753074646,1
5272,ahd-fragment06-53,37,0.0558351874351501,0.5832421183586121,0.6390773057937622,1
5305,ahe-fragment03-43,11,0.092643141746521,0.7359032034873962,0.8285463452339172,1
5305,ahe-fragment03-43,23,0.0227835774421691,0.7395769953727722,0.7623605728149414,1
5305,ahe-fragment03-43,37,0.0575044751167297,0.7397319078445435,0.7972363829612732,1
5308,ahe-fragment03-44,11,0.02232262492179865,0.8167149722576141,0.8390375971794128,2
5308,ahe-fragment03-44,23,0.02805164456367485,0.797463059425354,0.8255147039890289,2
5308,ahe-fragment03-44,37,0.02999541163444515,0.81800177693367,0.8479971885681152,2
5329,ahf-fragment24-552,11,0.0187475085258483,0.9444819092750548,0.9632294178009032,1
5329,ahf-fragment24-552,23,0.0059518814086914,0.9507575631141664,0.9567094445228576,1
5329,ahf-fragment24-552,37,0.0161603093147277,0.9400756359100342,0.956235945224762,1
5398,ahf-fragment24-597,11,0.01112419366836545,0.8997189402580261,0.9108431339263916,2
5398,ahf-fragment24-597,23,-0.00675505399703975,0.9123742282390594,0.9056191742420197,2
5398,ahf-fragment24-597,37,-0.00362497568130495,0.8974167704582214,0.8937917947769165,2
5399,ahf-fragment24-597,11,0.0046020150184631,0.8782545328140259,0.882856547832489,2
5399,ahf-fragment24-597,23,0.0148650705814361,0.8864872455596924,0.9013523161411285,2
5399,ahf-fragment24-597,37,0.00805631279945375,0.874884307384491,0.8829406201839447,2
5408,ahf-fragment63-1160,11,0.0359836220741272,0.901837944984436,0.9378215670585632,1
5408,ahf-fragment63-1160,23,0.0512465238571167,0.90169358253479,0.9529401063919068,1
5408,ahf-fragment63-1160,37,0.0098881125450134,0.9187986254692078,0.9286867380142212,1
5423,ahf-fragment63-1173,11,-0.008854687213897698,0.8933326900005341,0.8844780027866364,2
5423,ahf-fragment63-1173,23,0.0055451095104217,0.8935953974723816,0.8991405069828033,2
5423,ahf-fragment63-1173,37,0.0060683488845825004,0.890813559293747,0.8968819081783295,2
5460,ahf-fragment63-1189,11,0.0080163776874542,0.7786835730075836,0.7866999506950378,2
5460,ahf-fragment63-1189,23,0.007559210062026951,0.7797868251800537,0.7873460352420807,2
5460,ahf-fragment63-1189,37,0.0083585977554321,0.7664638459682465,0.7748224437236786,2
5485,ahf-fragment63-1202,11,-0.0039362907409667,0.9150167107582092,0.9110804200172424,1
5485,ahf-fragment63-1202,23,0.0087330937385559,0.8793610334396362,0.8880941271781921,1
5485,ahf-fragment63-1202,37,-0.0148718357086181,0.8950815200805664,0.8802096843719482,1
5487,ahf-fragment63-1203,11,0.06445866823196406,0.8203271925449371,0.8847858607769012,2
5487,ahf-fragment63-1203,23,0.056445509195327745,0.8210819959640503,0.877527505159378,2
5487,ahf-fragment63-1203,37,0.0428644120693207,0.8380928635597229,0.8809572756290436,2
5523,ahf-fragment63-1217,11,-0.003238558769226,0.844532310962677,0.8412937521934509,1
5523,ahf-fragment63-1217,23,-0.0281195640563964,0.8777514100074768,0.8496318459510803,1
5523,ahf-fragment63-1217,37,-0.0100340247154235,0.8644016981124878,0.8543676733970642,1
5532,ahf-fragment63-1225,11,0.0008097589015960499,0.9535138607025146,0.9543236196041107,2
5532,ahf-fragment63-1225,23,-0.018648624420165953,0.9557309150695801,0.9370822906494141,2
5532,ahf-fragment63-1225,37,-0.00618943572044365,0.9607037007808685,0.9545142650604248,2
5580,ahl-fragment02-27,11,-0.05513405799865715,0.8209258615970612,0.7657918035984039,2
5580,ahl-fragment02-27,23,-0.030335009098053003,0.7885935604572296,0.7582585513591766,2
5580,ahl-fragment02-27,37,-0.04129445552825925,0.8113453984260559,0.7700509428977966,2
5653,al0-fragment06-182,11,-0.0090945959091186,0.8759291768074036,0.8668345808982849,1
5653,al0-fragment06-182,23,-0.0147629976272583,0.881969690322876,0.8672066926956177,1
5653,al0-fragment06-182,37,0.0323818922042846,0.8610062599182129,0.8933881521224976,1
5666,al0-fragment06-187,11,0.0437169671058654,0.8274969458580017,0.8712139129638672,1
5666,al0-fragment06-187,23,0.0577667951583862,0.8035053610801697,0.8612721562385559,1
5666,al0-fragment06-187,37,0.0647168159484863,0.7677463889122009,0.8324632048606873,1
5674,al0-fragment06-194,11,0.0108735561370849,0.8655937314033508,0.8764672875404358,1
5674,al0-fragment06-194,23,0.0247732996940612,0.8515809774398804,0.8763542771339417,1
5674,al0-fragment06-194,37,-0.0123756527900695,0.8555452227592468,0.8431695699691772,1
5677,al0-fragment06-198,11,0.0037032961845397,0.8162303566932678,0.8199336528778076,1
5677,al0-fragment06-198,23,0.0078110098838806,0.8481593132019043,0.8559703230857849,1
5677,al0-fragment06-198,37,0.0210202932357788,0.8287178874015808,0.8497381806373596,1
5683,al0-fragment06-200,11,0.0093834996223449,0.863785445690155,0.8731689453125,1
5683,al0-fragment06-200,23,0.0745015144348144,0.811439037322998,0.8859405517578125,1
5683,al0-fragment06-200,37,0.0375991463661193,0.8136943578720093,0.8512935042381287,1
5687,al2-fragment16-174,11,0.061024025082588126,0.620087057352066,0.6811110824346542,4
5687,al2-fragment16-174,23,0.0657262802124023,0.6313033550977707,0.697029635310173,4
5687,al2-fragment16-174,37,0.0735763311386108,0.6354476809501648,0.7090240120887756,4
5697,al2-fragment16-178,11,0.015396738052368141,0.877768051624298,0.8931647896766662,5
5697,al2-fragment16-178,23,0.018686819076538082,0.8753580570220947,0.8940448760986328,5
5697,al2-fragment16-178,37,0.023331308364868162,0.8688893437385559,0.892220652103424,5
5701,al2-fragment16-178,11,-0.01265707612037655,0.7683143317699432,0.7556572556495667,2
5701,al2-fragment16-178,23,0.00988820195198055,0.7561608254909515,0.7660490274429321,2
5701,al2-fragment16-178,37,0.0028953254222869994,0.7423743009567261,0.7452696263790131,2
5706,al2-fragment16-179,11,0.0271199941635131,0.4725688099861145,0.4996888041496277,1
5706,al2-fragment16-179,23,0.0020026266574859,0.4965653717517853,0.4985679984092712,1
5706,al2-fragment16-179,37,0.0362007915973663,0.4780836999416351,0.5142844915390015,1
5729,al2-fragment16-183,11,0.01521787047386165,0.7976968288421631,0.8129146993160248,2
5729,al2-fragment16-183,23,0.018757849931716898,0.7847892642021179,0.8035471141338348,2
5729,al2-fragment16-183,37,-0.003181517124176,0.8021942377090454,0.7990127205848694,2
5747,al2-fragment16-185,11,-0.0250513950983683,0.6674648324648539,0.6424134373664856,3
5747,al2-fragment16-185,23,-0.0036906599998474004,0.6590095559755961,0.6553188959757487,3
5747,al2-fragment16-185,37,-0.0034574866294860666,0.6674241423606873,0.6639666557312012,3
5761,al2-fragment23-254,11,-0.01000893115997315,0.7647872865200043,0.7547783553600311,2
5761,al2-fragment23-254,23,-0.0145049393177032,0.7706347405910492,0.756129801273346,2
5761,al2-fragment23-254,37,0.00739610195159905,0.7448046207427979,0.752200722694397,2
5775,al2-fragment23-257,11,-0.01990550756454465,0.8369308412075043,0.8170253336429596,2
5775,al2-fragment23-257,23,-0.03406822681427,0.8730793297290802,0.8390111029148102,2
5775,al2-fragment23-257,37,-0.0308496952056884,0.87090864777565,0.8400589525699615,2
5780,al2-fragment23-257,11,0.0450045466423034,0.5593770146369934,0.6043815612792969,1
5780,al2-fragment23-257,23,0.0088165998458862,0.5545608401298523,0.5633774399757385,1
5780,al2-fragment23-257,37,0.0079445242881774,0.590569257736206,0.5985137820243835,1
5813,al2-fragment23-266,11,0.0060719847679138,0.7570498585700989,0.7631218433380127,1
5813,al2-fragment23-266,23,-0.0106353163719177,0.7789048552513123,0.7682695388793945,1
5813,al2-fragment23-266,37,0.0127550959587097,0.7736921310424805,0.7864472270011902,1
5842,al5-fragment03-21,11,0.0116363763809204,0.7982781529426575,0.8099145293235779,1
5842,al5-fragment03-21,23,0.0300269126892089,0.8146008253097534,0.8446277379989624,1
5842,al5-fragment03-21,37,0.0270085334777832,0.820767879486084,0.8477764129638672,1
5846,al5-fragment03-24,11,0.0457823276519775,0.5112700462341309,0.5570523738861084,1
5846,al5-fragment03-24,23,0.0046759843826293,0.5700899362564087,0.5747659206390381,1
5846,al5-fragment03-24,37,-0.0392289757728576,0.5700546503067017,0.530825674533844,1
5881,al5-fragment03-39,11,0.0118786096572875,0.7391068935394287,0.7509855031967163,1
5881,al5-fragment03-39,23,0.0263004899024963,0.7209727168083191,0.7472732067108154,1
5881,al5-fragment03-39,37,0.0235852599143981,0.7068167328834534,0.7304019927978516,1
5898,al5-fragment03-43,11,0.0102231204509735,0.9112402200698853,0.9214633405208588,2
5898,al5-fragment03-43,23,-0.0030545592308044503,0.9274880290031432,0.9244334697723389,2
5898,al5-fragment03-43,37,0.008112430572509748,0.921309620141983,0.9294220507144928,2
5908,al5-fragment03-46,11,0.0658825039863586,0.3294512629508972,0.3953337669372558,1
5908,al5-fragment03-46,23,0.040012389421463,0.3334907293319702,0.3735031187534332,1
5908,al5-fragment03-46,37,-0.0190426409244537,0.3474942743778229,0.3284516334533691,1
5924,alp-fragment01-6,11,-0.0074568390846252,0.6814177632331848,0.6739609241485596,1
5924,alp-fragment01-6,23,-0.0297176837921142,0.7079770565032959,0.6782593727111816,1
5924,alp-fragment01-6,37,0.0093716382980346,0.6693400144577026,0.6787116527557373,1
5947,alp-fragment01-15,11,0.1190589070320129,0.6114059090614319,0.7304648160934448,1
5947,alp-fragment01-15,23,0.0407233834266662,0.630465567111969,0.6711889505386353,1
5947,alp-fragment01-15,37,0.1477851271629333,0.5962114930152893,0.7439966201782227,1
5954,alp-fragment01-17,11,0.0229713320732116,0.7592229843139648,0.7821943163871765,1
5954,alp-fragment01-17,23,0.0107735395431518,0.7457983493804932,0.756571888923645,1
5954,alp-fragment01-17,37,-0.0065459609031677,0.7453151941299438,0.7387692332267761,1
5957,alp-fragment01-18,11,-0.0123742222785949,0.7956987619400024,0.7833245396614075,1
5957,alp-fragment01-18,23,-0.0010508298873901,0.7774569988250732,0.7764061689376831,1
5957,alp-fragment01-18,37,-0.0095131993293762,0.8007699251174927,0.7912567257881165,1
5977,alp-fragment01-22,11,0.0152946412563323,0.3440834283828735,0.3593780696392059,1
5977,alp-fragment01-22,23,-0.0001609623432159,0.3708295226097107,0.3706685602664947,1
5977,alp-fragment01-22,37,-0.0013215243816375,0.3746944665908813,0.3733729422092438,1
5980,alp-fragment01-25,11,-0.0626460313796997,0.914453625679016,0.8518075942993164,1
5980,alp-fragment01-25,23,-0.0691044926643371,0.8946078419685364,0.8255033493041992,1
5980,alp-fragment01-25,37,-0.0598174333572387,0.8909298777580261,0.8311124444007874,1
6003,alp-fragment01-32,11,0.0342091619968414,0.7962448298931122,0.8304539918899536,2
6003,alp-fragment01-32,23,0.02077001333236695,0.8180710077285767,0.8388410210609436,2
6003,alp-fragment01-32,37,0.02880692481994625,0.8060224950313568,0.8348294198513031,2
6013,alp-fragment01-36,11,-0.0238401889801025,0.6473546028137207,0.6235144138336182,1
6013,alp-fragment01-36,23,-0.0250095725059509,0.6639460921287537,0.6389365196228027,1
6013,alp-fragment01-36,37,-0.0066293478012084,0.6111224889755249,0.6044931411743164,1
6023,alp-fragment01-40,11,0.01233991980552675,0.821437418460846,0.8337773382663727,2
6023,alp-fragment01-40,23,-0.00835862755775455,0.832225114107132,0.8238664865493774,2
6023,alp-fragment01-40,37,-0.0049753785133361,0.8127404749393463,0.8077650964260101,2
6032,alp-fragment01-45,11,0.00646859407424925,0.7776325941085815,0.7841011881828308,2
6032,alp-fragment01-45,23,-0.003405898809432999,0.7621161937713623,0.7587102949619293,2
6032,alp-fragment01-45,37,-0.00752374529838555,0.7617302238941193,0.7542064785957336,2
6037,alp-fragment01-47,11,0.0207341313362121,0.8294231593608856,0.8501572906970978,2
6037,alp-fragment01-47,23,0.02688518166542045,0.8269989788532257,0.8538841605186462,2
6037,alp-fragment01-47,37,0.012278705835342348,0.8360466659069061,0.8483253717422485,2
6050,alp-fragment01-56,11,0.0607639551162719,0.5217064917087555,0.5824704468250275,2
6050,alp-fragment01-56,23,0.01720756292343135,0.5674631297588348,0.5846706926822662,2
6050,alp-fragment01-56,37,0.04718627035617825,0.5132973939180374,0.5604836642742157,2
6052,alp-fragment01-57,11,0.0432138442993164,0.6852993369102478,0.7285131812095642,1
6052,alp-fragment01-57,23,0.0206352472305297,0.7257439494132996,0.7463791966438293,1
6052,alp-fragment01-57,37,0.0261415839195251,0.7104705572128296,0.7366121411323547,1
6059,alp-fragment01-58,11,0.005010128021240251,0.3572068512439728,0.362216979265213,2
6059,alp-fragment01-58,23,-0.011882662773132349,0.37609681487083435,0.364214152097702,2
6059,alp-fragment01-58,37,0.0282925516366959,0.3282427340745926,0.3565352857112884,2
6063,alp-fragment01-60,11,0.0017181634902954,0.693674623966217,0.6953927874565125,1
6063,alp-fragment01-60,23,-0.0115020275115966,0.7186457514762878,0.7071437239646912,1
6063,alp-fragment01-60,37,0.0158832073211669,0.7113786339759827,0.7272618412971497,1
6089,alp-fragment01-67,11,0.0278003215789794,0.6709357500076294,0.6987360715866089,1
6089,alp-fragment01-67,23,0.0476112365722656,0.6528990864753723,0.7005103230476379,1
6089,alp-fragment01-67,37,-0.0164862275123596,0.6862332224845886,0.669746994972229,1
6114,alp-fragment01-83,11,0.0060167610645294,0.7461431324481964,0.7521598935127258,2
6114,alp-fragment01-83,23,0.0075888037681579,0.7632485628128052,0.7708373665809631,2
6114,alp-fragment01-83,37,-0.005388230085372949,0.766687422990799,0.761299192905426,2
6142,alp-fragment01-93,11,-0.0216637849807739,0.6092866659164429,0.587622880935669,1
6142,alp-fragment01-93,23,0.0137979984283447,0.5459208488464355,0.5597188472747803,1
6142,alp-fragment01-93,37,0.0080982446670532,0.5613439679145813,0.5694422125816345,1
6159,alp-fragment01-100,11,0.0378188788890838,0.7909940779209137,0.8288129568099976,2
6159,alp-fragment01-100,23,0.03475269675254815,0.7825956642627716,0.8173483610153198,2
6159,alp-fragment01-100,37,0.0197019875049591,0.7916543483734131,0.8113563358783722,2
6163,amm-fragment02-1594,11,0.0789230465888977,0.7230674028396606,0.8019904494285583,1
6163,amm-fragment02-1594,23,0.0585102438926696,0.726294994354248,0.7848052382469177,1
6163,amm-fragment02-1594,37,0.0728977918624877,0.7154291868209839,0.7883269786834717,1
6180,amm-fragment02-1598,11,0.0440715253353118,0.6892694234848022,0.7333409488201141,2
6180,amm-fragment02-1598,23,0.06306731700897214,0.6791238784790039,0.7421911954879761,2
6180,amm-fragment02-1598,37,0.014457792043685849,0.7222577929496765,0.7367155849933624,2
6195,amm-fragment02-1606,11,-0.0005978345870971,0.8378050327301025,0.8372071981430054,1
6195,amm-fragment02-1606,23,-0.0094404816627502,0.86195307970047,0.8525125980377197,1
6195,amm-fragment02-1606,37,-0.002115249633789,0.8412818908691406,0.8391666412353516,1
6210,amm-fragment02-1615,11,-0.0166594982147216,0.8214472532272339,0.8047877550125122,1
6210,amm-fragment02-1615,23,-0.0046106576919555,0.8049763441085815,0.800365686416626,1
6210,amm-fragment02-1615,37,0.0207405090332031,0.8163443803787231,0.8370848894119263,1
6214,amm-fragment02-1616,11,0.03645032644271845,0.7834300100803375,0.819880336523056,2
6214,amm-fragment02-1616,23,0.068339854478836,0.755934864282608,0.8242747187614441,2
6214,amm-fragment02-1616,37,0.05830600857734675,0.7779824435710907,0.8362884521484375,2
6293,amm-fragment02-1669,11,-0.020503044128417948,0.8968651592731476,0.8763621151447296,2
6293,amm-fragment02-1669,23,-0.01344442367553705,0.8855990171432495,0.8721545934677124,2
6293,amm-fragment02-1669,37,-0.0198915302753448,0.8916137218475342,0.8717221915721893,2
6332,amm-fragment02-1741,11,-0.0162745118141174,0.9158864617347718,0.8996119499206543,2
6332,amm-fragment02-1741,23,-0.0330399870872497,0.9212120175361633,0.8881720304489136,2
6332,amm-fragment02-1741,37,-0.0365528464317321,0.899044930934906,0.8624920845031738,2
6337,amm-fragment02-1743,11,-0.0019534230232238,0.8514208793640137,0.8494674563407898,1
6337,amm-fragment02-1743,23,0.0113112926483154,0.8207404613494873,0.8320517539978027,1
6337,amm-fragment02-1743,37,0.0084012150764465,0.8389884233474731,0.8473896384239197,1
6351,amm-fragment02-1753,11,0.0184182524681091,0.5829352140426636,0.6013534665107727,1
6351,amm-fragment02-1753,23,-0.0201740860939025,0.5436765551567078,0.5235024690628052,1
6351,amm-fragment02-1753,37,0.0543352365493774,0.5392785668373108,0.5936138033866882,1
6357,amm-fragment02-1758,11,0.015520453453064,0.8749560912450155,0.8904765446980795,3
6357,amm-fragment02-1758,23,-0.0145379503568013,0.8976437846819559,0.8831058343251547,3
6357,amm-fragment02-1758,37,0.011931816736857068,0.8919610579808553,0.9038928747177124,3
6373,amm-fragment02-1769,11,0.0068503618240356,0.9018589854240416,0.9087093472480774,1
6373,amm-fragment02-1769,23,0.005121111869812,0.8937841653823853,0.8989052772521973,1
6373,amm-fragment02-1769,37,-0.0355279445648193,0.8951277732849121,0.8595998287200928,1
6392,amm-fragment02-1779,11,0.0020152926445007,0.8550360202789307,0.8570513129234314,1
6392,amm-fragment02-1779,23,-0.0016481280326843,0.8562155961990356,0.8545674681663513,1
6392,amm-fragment02-1779,37,-0.0062349438667297,0.8983128070831299,0.8920778632164001,1
6396,amm-fragment02-1781,11,0.0261138081550598,0.8767857551574707,0.9028995633125304,1
6396,amm-fragment02-1781,23,0.001042366027832,0.8555544018745422,0.8565967679023743,1
6396,amm-fragment02-1781,37,0.0276995301246643,0.8794146180152893,0.9071141481399536,1
6405,amm-fragment02-1786,11,0.0157811045646667,0.9073465764522552,0.923127681016922,2
6405,amm-fragment02-1786,23,0.0022203028202056503,0.9135977625846863,0.915818065404892,2
6405,amm-fragment02-1786,37,0.01593607664108275,0.9014944732189178,0.9174305498600006,2
6420,amm-fragment02-1789,11,0.0119591355323791,0.8586663007736206,0.8706254363059998,1
6420,amm-fragment02-1789,23,-0.0100501775741577,0.8819240927696228,0.8718739151954651,1
6420,amm-fragment02-1789,37,0.0331011414527893,0.8529139757156372,0.8860151171684265,1
6424,as6-fragment01-4,11,0.010021686553955,0.5214827656745911,0.5315044522285461,1
6424,as6-fragment01-4,23,-0.0069425106048583,0.5333750247955322,0.5264325141906738,1
6424,as6-fragment01-4,37,0.0266090631484985,0.5105305910110474,0.5371396541595459,1
6430,as6-fragment01-5,11,0.0452390909194946,0.7096130847930908,0.7548521757125854,1
6430,as6-fragment01-5,23,-0.0201038122177124,0.7535322904586792,0.7334284782409668,1
6430,as6-fragment01-5,37,-0.0264513492584228,0.7481470108032227,0.7216956615447998,1
6449,as6-fragment01-11,11,0.0497112274169921,0.5496745109558105,0.5993857383728027,1
6449,as6-fragment01-11,23,0.0400238037109375,0.600127637386322,0.6401514410972595,1
6449,as6-fragment01-11,37,-0.0061233043670654,0.5689440965652466,0.5628207921981812,1
6459,as6-fragment01-14,11,0.0106634497642517,0.8271886706352234,0.8378521203994751,1
6459,as6-fragment01-14,23,0.0233508348464965,0.7942667603492737,0.8176175951957703,1
6459,as6-fragment01-14,37,0.0137086510658264,0.7888116836547852,0.8025203347206116,1
6461,as6-fragment01-14,11,0.035018503665924065,0.5955029328664144,0.6305214365323385,3
6461,as6-fragment01-14,23,0.025852084159851,0.5993053515752157,0.6251574357350668,3
6461,as6-fragment01-14,37,0.03581605354944866,0.619056781133016,0.6548728346824646,3
6473,as6-fragment01-17,11,-0.0026274919509887496,0.8091700077056885,0.8065425157546997,2
6473,as6-fragment01-17,23,0.025626450777053802,0.7913054525852203,0.8169319033622742,2
6473,as6-fragment01-17,37,0.03274685144424435,0.7767003178596497,0.809447169303894,2
6481,as6-fragment01-19,11,0.0162441134452819,0.8527325987815857,0.8689767122268677,1
6481,as6-fragment01-19,23,0.0244957208633422,0.8649067282676697,0.889402449131012,1
6481,as6-fragment01-19,37,0.0397271513938903,0.8610455989837646,0.900772750377655,1
6489,as6-fragment01-21,11,0.003704011440277,0.7314822673797607,0.7351862788200378,1
6489,as6-fragment01-21,23,0.0634693503379821,0.7560745477676392,0.8195438981056213,1
6489,as6-fragment01-21,37,0.0420790314674377,0.7277214527130127,0.7698004841804504,1
6491,as6-fragment01-21,11,0.0074753761291503,0.8599564433097839,0.8674318194389343,2
6491,as6-fragment01-21,23,0.02229934930801385,0.8764223456382751,0.8987216949462891,2
6491,as6-fragment01-21,37,0.01861310005187985,0.8788154423236847,0.8974285423755646,2
6520,as6-fragment01-29,11,0.0225811600685119,0.7562445402145386,0.7788257002830505,1
6520,as6-fragment01-29,23,0.004367709159851,0.7678888440132141,0.7722565531730652,1
6520,as6-fragment01-29,37,0.0119659304618835,0.7542389631271362,0.7662048935890198,1
6551,as6-fragment01-38,11,0.02095255255699155,0.8127522468566895,0.833704799413681,2
6551,as6-fragment01-38,23,0.0137630105018615,0.8315960466861725,0.8453590571880341,2
6551,as6-fragment01-38,37,0.0363681018352508,0.8036958873271942,0.8400639891624451,2
6559,as6-fragment01-40,11,0.0391672253608703,0.5850450992584229,0.6242123246192932,1
6559,as6-fragment01-40,23,0.0217835903167724,0.6051689982414246,0.626952588558197,1
6559,as6-fragment01-40,37,-0.0205607414245605,0.6518411040306091,0.6312803626060486,1
6561,as6-fragment01-40,11,0.04150390625,0.4002939462661743,0.4417978525161743,1
6561,as6-fragment01-40,23,0.0676925480365753,0.413333922624588,0.4810264706611633,1
6561,as6-fragment01-40,37,0.035722404718399,0.4147083759307861,0.4504307806491852,1
6576,as6-fragment01-47,11,0.01724803447723385,0.8080527782440186,0.8253008127212524,4
6576,as6-fragment01-47,23,0.008296146988868726,0.8276582211256027,0.8359543681144714,4
6576,as6-fragment01-47,37,0.0012270212173461754,0.8224757313728333,0.8237027525901794,4
6590,as6-fragment01-51,11,0.0726937055587768,0.5780090987682343,0.6507028043270111,2
6590,as6-fragment01-51,23,0.04686823487281795,0.5572137236595154,0.6040819585323334,2
6590,as6-fragment01-51,37,0.026487439870834302,0.5599089860916138,0.5863964259624481,2
6594,as6-fragment01-53,11,0.0084025859832763,0.7615259885787964,0.7699285745620728,1
6594,as6-fragment01-53,23,-0.0273367166519165,0.7591208815574646,0.7317841649055481,1
6594,as6-fragment01-53,37,0.0141053199768066,0.7127991318702698,0.7269044518470764,1
6602,as6-fragment01-62,11,0.04847165942192073,0.7054572999477386,0.7539289593696594,4
6602,as6-fragment01-62,23,0.04854515194892882,0.693982407450676,0.7425275593996048,4
6602,as6-fragment01-62,37,0.04405125975608823,0.7036806344985962,0.7477318942546844,4
6603,as6-fragment01-62,11,0.0039414167404174996,0.8613674342632294,0.8653088510036469,2
6603,as6-fragment01-62,23,-0.0028011202812194998,0.8766756951808929,0.8738745748996735,2
6603,as6-fragment01-62,37,0.0015207529067993001,0.8773311376571655,0.8788518905639648,2
6607,as6-fragment01-63,11,-0.005262166261673,0.8817652463912964,0.8765030801296234,2
6607,as6-fragment01-63,23,-0.01322153210639945,0.8775458037853241,0.8643242716789246,2
6607,as6-fragment01-63,37,0.0047587752342224,0.8691778481006622,0.8739366233348846,2
6611,as6-fragment01-68,11,0.0464970469474792,0.824604719877243,0.8711017668247223,2
6611,as6-fragment01-68,23,0.03511688113212585,0.8231359124183655,0.8582527935504913,2
6611,as6-fragment01-68,37,0.03034862875938415,0.8279479444026947,0.8582965731620789,2
6633,as6-fragment01-71,11,0.0113949179649353,0.8485602140426636,0.8599551320075989,1
6633,as6-fragment01-71,23,0.0183716416358947,0.8410460948944092,0.859417736530304,1
6633,as6-fragment01-71,37,0.0200218558311462,0.8320517539978027,0.852073609828949,1
6653,as6-fragment01-76,11,-0.011960253119468675,0.8199135214090347,0.807953268289566,4
6653,as6-fragment01-76,23,0.0054483860731125,0.8208069205284119,0.8262553066015244,4
6653,as6-fragment01-76,37,0.006689861416816701,0.809389278292656,0.8160791397094727,4
6663,as6-fragment01-77,11,0.0304834842681884,0.4270857274532318,0.4575692117214203,2
6663,as6-fragment01-77,23,0.02356101572513575,0.43523761630058283,0.4587986320257187,2
6663,as6-fragment01-77,37,0.0032545030117035003,0.4603562355041504,0.4636107385158538,2
6665,as6-fragment01-78,11,-0.0455815196037292,0.5897734761238098,0.5441919565200806,1
6665,as6-fragment01-78,23,0.0046079754829406,0.6217305064201355,0.6263384819030762,1
6665,as6-fragment01-78,37,0.0291356444358825,0.5915746688842773,0.6207103133201599,1
6667,as6-fragment01-79,11,0.0752270817756652,0.774044394493103,0.8492714762687683,1
6667,as6-fragment01-79,23,0.0847630500793457,0.7703986167907715,0.8551616668701172,1
6667,as6-fragment01-79,37,0.139573872089386,0.7674140334129333,0.9069879055023192,1
6675,as6-fragment01-81,11,0.1048230528831482,0.7012184262275696,0.8060414791107178,1
6675,as6-fragment01-81,23,0.1221705675125122,0.6641920804977417,0.7863626480102539,1
6675,as6-fragment01-81,37,0.1882193684577942,0.5975384712219238,0.785757839679718,1
6689,as6-fragment01-84,11,0.03749346733093255,0.7577128708362579,0.7952063381671906,2
6689,as6-fragment01-84,23,-0.0014058053493499504,0.7827944159507751,0.7813886106014252,2
6689,as6-fragment01-84,37,0.02022171020507805,0.7725810706615448,0.7928027808666229,2
6700,as6-fragment01-85,11,0.04239976406097405,0.6786496937274933,0.7210494577884674,2
6700,as6-fragment01-85,23,-0.013720780611038201,0.6999166309833527,0.6861958503723145,2
6700,as6-fragment01-85,37,0.013110280036926249,0.685999184846878,0.6991094648838043,2
6745,as6-fragment01-98,11,0.00023901462554929993,0.8053550720214844,0.8055940866470337,2
6745,as6-fragment01-98,23,0.0027069151401519507,0.810058206319809,0.8127651214599609,2
6745,as6-fragment01-98,37,-0.00229063630104065,0.8090237975120544,0.8067331612110138,2
6760,as6-fragment01-103,11,-0.0107704997062683,0.6307098865509033,0.619939386844635,1
6760,as6-fragment01-103,23,-0.0076493620872497,0.5973854660987854,0.5897361040115356,1
6760,as6-fragment01-103,37,-0.0075082182884216,0.5899366736412048,0.5824284553527832,1
6770,as6-fragment01-104,11,-0.025047793984413147,0.31094311177730555,0.28589531779289246,2
6770,as6-fragment01-104,23,-0.0422539710998535,0.32961490750312805,0.28736093640327454,2
6770,as6-fragment01-104,37,-0.08680781722068785,0.35951328277587885,0.27270546555519104,2
6797,as6-fragment01-110,11,0.0676402449607849,0.6703734993934631,0.738013744354248,1
6797,as6-fragment01-110,23,0.0509702563285827,0.6682625412940979,0.7192327976226807,1
6797,as6-fragment01-110,37,0.0061979293823242,0.6990909576416016,0.7052888870239258,1
6829,as6-fragment01-116,11,-0.0012317597866058497,0.7590749263763428,0.7578431665897369,2
6829,as6-fragment01-116,23,-0.02154925465583795,0.7616158425807953,0.7400665879249573,2
6829,as6-fragment01-116,37,0.031310439109802204,0.7402064204216003,0.7715168595314026,2
6871,as6-fragment02-356,11,0.02331469208002085,0.16076994687318802,0.1840846389532089,2
6871,as6-fragment02-356,23,0.0508555769920349,0.17803841829299927,0.22889399528503415,2
6871,as6-fragment02-356,37,0.00926306098699565,0.16843790560960764,0.17770096659660334,2
6879,as6-fragment02-358,11,-0.0090020298957824,0.7924525737762451,0.7834505438804626,1
6879,as6-fragment02-358,23,0.010943055152893,0.709179162979126,0.720122218132019,1
6879,as6-fragment02-358,37,-0.0079966783523559,0.7314702868461609,0.7234736084938049,1
6880,as6-fragment02-358,11,-0.0066034793853759,0.6761156916618347,0.6695122122764587,1
6880,as6-fragment02-358,23,-0.0026021003723144,0.7016497850418091,0.6990476846694946,1
6880,as6-fragment02-358,37,0.0176377892494201,0.7207005620002747,0.7383383512496948,1
6883,as6-fragment02-359,11,0.0178238153457641,0.889606773853302,0.9074305891990662,1
6883,as6-fragment02-359,23,0.0177311897277832,0.8680474758148193,0.8857786655426025,1
6883,as6-fragment02-359,37,0.0268473029136657,0.8767537474632263,0.903601050376892,1
6908,as6-fragment02-364,11,0.0176694393157959,0.8593314290046692,0.8770008683204651,1
6908,as6-fragment02-364,23,0.003636360168457,0.868708610534668,0.872344970703125,1
6908,as6-fragment02-364,37,-0.0357744693756103,0.8987866640090942,0.8630121946334839,1
6922,as6-fragment02-368,11,-0.0154066681861877,0.7515671253204346,0.7361604571342468,1
6922,as6-fragment02-368,23,0.012245774269104,0.735752284526825,0.747998058795929,1
6922,as6-fragment02-368,37,0.0016724467277526,0.7370479106903076,0.7387203574180603,1
6947,as6-fragment02-378,11,0.0016057193279266498,0.8879638910293579,0.8895696103572845,2
6947,as6-fragment02-378,23,0.014623612165451098,0.8862790465354919,0.900902658700943,2
6947,as6-fragment02-378,37,0.01437747478485105,0.8888432383537292,0.9032207131385803,2
6979,as6-fragment02-386,11,-0.025717556476593,0.7091476917266846,0.6834301352500916,1
6979,as6-fragment02-386,23,-0.0419380068778991,0.7066821455955505,0.6647441387176514,1
6979,as6-fragment02-386,37,0.0191611647605896,0.7046300172805786,0.7237911820411682,1
6980,as6-fragment02-386,11,0.1389412879943847,0.2949010580778122,0.43384234607219696,2
6980,as6-fragment02-386,23,0.10907825827598575,0.31871549785137177,0.4277937561273575,2
6980,as6-fragment02-386,37,0.026467293500900303,0.3487112671136856,0.3751785606145859,2
6991,as6-fragment02-388,11,0.000449240207672133,0.692187507947286,0.6926367481549581,3
6991,as6-fragment02-388,23,0.023604333400726266,0.6820939580599467,0.705698291460673,3
6991,as6-fragment02-388,37,0.008454799652099599,0.6765572428703308,0.6850120425224304,3
7028,as6-fragment02-400,11,0.0598153173923492,0.4681080281734466,0.5279233455657959,1
7028,as6-fragment02-400,23,-0.0062587559223175,0.4916788637638092,0.4854201078414917,1
7028,as6-fragment02-400,37,0.0448727011680603,0.4977864623069763,0.5426591634750366,1
7032,as6-fragment02-401,11,-0.0030385255813598,0.9329417943954468,0.9299032688140868,1
7032,as6-fragment02-401,23,0.0163025856018066,0.9184142351150512,0.934716820716858,1
7032,as6-fragment02-401,37,0.0156857967376709,0.9208887219429016,0.9365745186805724,1
7043,as6-fragment02-404,11,-0.0006977617740630997,0.9588565230369568,0.9581587612628937,2
7043,as6-fragment02-404,23,0.00838693976402275,0.9507348537445068,0.9591217935085297,2
7043,as6-fragment02-404,37,0.0040605962276459,0.9636032283306122,0.9676638245582582,2
7047,as6-fragment02-405,11,-0.041187047958373954,0.831942230463028,0.7907551825046539,2
7047,as6-fragment02-405,23,-0.0039417445659637,0.8133232593536377,0.809381514787674,2
7047,as6-fragment02-405,37,0.01615342497825615,0.8081666231155396,0.8243200480937958,2
7049,as6-fragment02-406,11,0.0518390536308288,0.848515510559082,0.9003545641899109,1
7049,as6-fragment02-406,23,0.006787896156311,0.9044147729873656,0.9112026691436768,1
7049,as6-fragment02-406,37,0.0075483322143554,0.8741549253463745,0.88170325756073,1
7055,as6-fragment02-408,11,0.04394310712814325,0.8485678434371948,0.8925109505653381,2
7055,as6-fragment02-408,23,0.02118536829948425,0.8784618377685547,0.8996472060680389,2
7055,as6-fragment02-408,37,0.042304515838623,0.8521822988986969,0.89448681473732,2
7065,as6-fragment02-411,11,-0.018826723098754848,0.822940319776535,0.8041135966777802,4
7065,as6-fragment02-411,23,-0.03392513096332545,0.8208676278591156,0.7869424968957901,4
7065,as6-fragment02-411,37,-0.017763942480087225,0.8145740181207657,0.7968100756406784,4
7069,as6-fragment02-414,11,-0.0541874170303344,0.6508036851882935,0.596616268157959,1
7069,as6-fragment02-414,23,-0.0440707802772522,0.6918964385986328,0.6478256583213806,1
7069,as6-fragment02-414,37,-0.0512090921401977,0.6094709038734436,0.5582618117332458,1
7079,as6-fragment02-418,11,0.0095568895339965,0.92363840341568,0.9331952929496764,1
7079,as6-fragment02-418,23,-0.0204810500144958,0.9239758253097534,0.9034947752952576,1
7079,as6-fragment02-418,37,0.0651740431785583,0.8713713884353638,0.936545431613922,1
7080,as6-fragment02-418,11,-0.0014361143112182,0.7402574419975281,0.7388213276863098,1
7080,as6-fragment02-418,23,-0.0410705804824829,0.7205599546432495,0.6794893741607666,1
7080,as6-fragment02-418,37,0.0401309132575988,0.6864565014839172,0.7265874147415161,1
7102,as6-fragment02-422,11,0.019205659627914352,0.8621168434619904,0.8813225030899048,2
7102,as6-fragment02-422,23,0.009220957756042501,0.8717580139636993,0.8809789717197418,2
7102,as6-fragment02-422,37,0.013195663690567,0.8586075901985168,0.8718032538890839,2
7131,as6-fragment02-426,11,0.0001683235168457,0.8603407144546509,0.8605090379714966,1
7131,as6-fragment02-426,23,0.0155873298645019,0.8413208723068237,0.8569082021713257,1
7131,as6-fragment02-426,37,0.0118461847305297,0.8559873104095459,0.8678334951400757,1
7139,as6-fragment02-427,11,-0.0164828300476074,0.8238772749900818,0.8073944449424744,1
7139,as6-fragment02-427,23,0.0107067823410034,0.8049666881561279,0.8156734704971313,1
7139,as6-fragment02-427,37,0.0487579107284545,0.7140561938285828,0.7628141045570374,1
7147,as6-fragment02-429,11,0.0263466835021972,0.7933852076530457,0.8197318911552429,1
7147,as6-fragment02-429,23,-0.0001424551010131,0.7939828038215637,0.7938403487205505,1
7147,as6-fragment02-429,37,0.0443732142448425,0.7795609831809998,0.8239341974258423,1
7165,as6-fragment02-435,11,0.0057504177093505,0.8345781564712524,0.840328574180603,1
7165,as6-fragment02-435,23,0.019550621509552,0.8367802500724792,0.8563308715820312,1
7165,as6-fragment02-435,37,0.0158727169036865,0.8500765562057495,0.865949273109436,1
7174,as6-fragment02-438,11,-0.0071462988853454,0.8098468780517578,0.8027005791664124,1
7174,as6-fragment02-438,23,0.0487825870513916,0.7776901721954346,0.8264727592468262,1
7174,as6-fragment02-438,37,0.0596394538879394,0.7561550736427307,0.8157945275306702,1
7178,as6-fragment02-438,11,0.0227100849151611,0.7905020713806152,0.8132121562957764,1
7178,as6-fragment02-438,23,0.0759440064430236,0.7815955281257629,0.8575395345687866,1
7178,as6-fragment02-438,37,0.0208840370178222,0.816153347492218,0.8370373845100403,1
7193,as6-fragment02-441,11,-0.0246965885162353,0.8585487008094788,0.8338521122932434,1
7193,as6-fragment02-441,23,-0.0426459312438964,0.8709803819656372,0.8283344507217407,1
7193,as6-fragment02-441,37,-0.0444774627685546,0.8990634083747864,0.8545859456062317,1
7196,as6-fragment02-441,11,0.0172650218009948,0.7252680659294128,0.7425330877304077,1
7196,as6-fragment02-441,23,0.0588823556900024,0.7071306109428406,0.766012966632843,1
7196,as6-fragment02-441,37,0.0519441962242126,0.7114359140396118,0.7633801102638245,1
7201,b17-fragment02-175,11,0.1161576211452484,0.6251219213008881,0.7412795424461365,2
7201,b17-fragment02-175,23,0.09253129363059989,0.6551483273506165,0.7476796209812164,2
7201,b17-fragment02-175,37,0.087750494480133,0.6633185744285583,0.7510690689086914,2
7243,b17-fragment02-201,11,0.0783882141113281,0.6833353042602539,0.761723518371582,1
7243,b17-fragment02-201,23,0.0589743852615356,0.6798449158668518,0.7388193011283875,1
7243,b17-fragment02-201,37,0.0955778956413269,0.6728334426879883,0.7684113383293152,1
7247,b17-fragment02-202,11,-0.0027298331260681,0.7448301911354065,0.7421003580093384,1
7247,b17-fragment02-202,23,0.0403711199760437,0.7396371960639954,0.7800083160400391,1
7247,b17-fragment02-202,37,0.0264793634414672,0.7204769849777222,0.7469563484191895,1
7255,b17-fragment02-205,11,0.019876778125762946,0.7634362280368805,0.7833130061626434,2
7255,b17-fragment02-205,23,0.0193281471729278,0.7713707685470581,0.790698915719986,2
7255,b17-fragment02-205,37,0.0226625800132751,0.7910025119781494,0.8136650919914246,2
7259,b17-fragment02-205,11,-0.0255611538887023,0.4537496566772461,0.4281885027885437,1
7259,b17-fragment02-205,23,-0.0065978169441223,0.404991090297699,0.3983932733535766,1
7259,b17-fragment02-205,37,0.0060042738914489,0.4126817882061004,0.4186860620975494,1
7274,b17-fragment02-210,11,0.0560614168643951,0.6669912040233612,0.7230526208877563,2
7274,b17-fragment02-210,23,0.047773122787475544,0.6405969262123108,0.6883700489997864,2
7274,b17-fragment02-210,37,0.08337661623954765,0.635957807302475,0.7193344235420227,2
7280,b17-fragment02-212,11,0.0027702450752258,0.7089502811431885,0.7117205262184143,1
7280,b17-fragment02-212,23,0.0221893191337585,0.6712587475776672,0.6934480667114258,1
7280,b17-fragment02-212,37,0.0092253684997558,0.6995056867599487,0.7087310552597046,1
7282,b17-fragment02-213,11,0.0062209367752075,0.8133823275566101,0.8196032643318176,1
7282,b17-fragment02-213,23,-0.0082399845123291,0.8399228453636169,0.8316828608512878,1
7282,b17-fragment02-213,37,0.0131259560585021,0.8221250176429749,0.835250973701477,1
7301,b17-fragment02-223,11,-0.0490041971206665,0.7602065801620483,0.7112023830413818,1
7301,b17-fragment02-223,23,0.0114111304283142,0.764823853969574,0.7762349843978882,1
7301,b17-fragment02-223,37,-0.0029090642929077,0.7510241270065308,0.748115062713623,1
7325,b17-fragment02-231,11,0.0103642344474792,0.6022000710169474,0.6125643054644266,3
7325,b17-fragment02-231,23,0.0064345002174377676,0.5882426102956136,0.5946771105130514,3
7325,b17-fragment02-231,37,0.010944763819376634,0.5979012449582418,0.6088460087776184,3
7333,b17-fragment02-235,11,0.0227273702621459,0.8429419994354248,0.8656693696975708,1
7333,b17-fragment02-235,23,0.0513339638710022,0.8181083798408508,0.869442343711853,1
7333,b17-fragment02-235,37,0.0367794036865234,0.8129312992095947,0.8497107028961182,1
7350,b17-fragment02-246,11,-0.03012216091156,0.7999240159988403,0.7698018550872803,1
7350,b17-fragment02-246,23,-0.0083999037742614,0.7633227705955505,0.7549228668212891,1
7350,b17-fragment02-246,37,-0.0257555246353149,0.8021821975708008,0.7764266729354858,1
7361,b1g-fragment02-742,11,0.013613492250442501,0.5931239128112793,0.6067374050617218,2
7361,b1g-fragment02-742,23,-0.0365744829177856,0.5964982509613037,0.5599237680435181,2
7361,b1g-fragment02-742,37,0.0090323388576508,0.5875939726829529,0.5966263115406036,2
7364,b1g-fragment02-742,11,-0.0207869410514831,0.682466447353363,0.6616795063018799,1
7364,b1g-fragment02-742,23,-0.0031216144561767,0.6741831302642822,0.6710615158081055,1
7364,b1g-fragment02-742,37,0.0024166107177734,0.656465470790863,0.6588820815086365,1
7389,b1g-fragment02-748,11,-0.0455512404441833,0.7992038130760193,0.7536525726318359,1
7389,b1g-fragment02-748,23,-0.059045672416687,0.8143153786659241,0.7552697062492371,1
7389,b1g-fragment02-748,37,-0.0583823323249816,0.8020756244659424,0.7436932921409607,1
7436,b1g-fragment02-757,11,-0.00418436527252195,0.8177878260612488,0.8136034607887268,2
7436,b1g-fragment02-757,23,-0.01629289984703055,0.8362261652946472,0.8199332654476166,2
7436,b1g-fragment02-757,37,-0.01071700453758235,0.8296193182468414,0.818902313709259,2
7465,b1g-fragment02-763,11,-0.0181266069412231,0.7151351571083069,0.6970085501670837,1
7465,b1g-fragment02-763,23,-0.0109527111053466,0.729781985282898,0.7188292741775513,1
7465,b1g-fragment02-763,37,0.0123569965362548,0.7227154970169067,0.7350724935531616,1
7476,b1g-fragment02-1485,11,0.0080994963645935,0.6516868472099304,0.6597863435745239,1
7476,b1g-fragment02-1485,23,-0.02313894033432,0.7145234942436218,0.6913845539093018,1
7476,b1g-fragment02-1485,37,-0.0062806010246276,0.7088217735290527,0.702541172504425,1
7491,b1g-fragment02-1493,11,-0.0127886533737182,0.8436286449432373,0.830839991569519,1
7491,b1g-fragment02-1493,23,0.0090866684913635,0.8299951553344727,0.8390818238258362,1
7491,b1g-fragment02-1493,37,0.0161836743354797,0.789051353931427,0.8052350282669067,1
7506,b1g-fragment02-1498,11,0.1418812870979309,0.7054639458656311,0.847345232963562,1
7506,b1g-fragment02-1498,23,0.1246289610862732,0.6781348586082458,0.802763819694519,1
7506,b1g-fragment02-1498,37,0.1037435531616211,0.6922881603240967,0.7960317134857178,1
7508,b1g-fragment02-1498,11,0.0106406211853027,0.7996749877929688,0.8103156089782715,1
7508,b1g-fragment02-1498,23,-0.0049666166305541,0.8170895576477051,0.8121229410171509,1
7508,b1g-fragment02-1498,37,-0.0243062376976013,0.8313936591148376,0.8070874214172363,1
7536,b1g-fragment02-1508,11,0.0241292119026184,0.8354997038841248,0.8596289157867432,1
7536,b1g-fragment02-1508,23,-0.0114423632621765,0.870286762714386,0.8588443994522095,1
7536,b1g-fragment02-1508,37,-0.0044920444488525,0.8404276371002197,0.8359355926513672,1
7550,b1g-fragment02-1511,11,-0.0011910200119018,0.8095120191574097,0.8083209991455078,1
7550,b1g-fragment02-1511,23,-0.0006500482559204,0.8012149930000305,0.8005649447441101,1
7550,b1g-fragment02-1511,37,0.0081061720848083,0.7972792387008667,0.805385410785675,1
7554,b1g-fragment02-1512,11,0.017855167388916,0.7910445928573608,0.8088997602462769,1
7554,b1g-fragment02-1512,23,0.0194175839424133,0.7789317965507507,0.7983493804931641,1
7554,b1g-fragment02-1512,37,0.0075809359550476,0.8133145570755005,0.8208954930305481,1
7558,b1g-fragment02-1513,11,0.0358808636665344,0.4630393981933594,0.4989202618598938,1
7558,b1g-fragment02-1513,23,0.0826665461063385,0.4235093891620636,0.5061759352684021,1
7558,b1g-fragment02-1513,37,0.0606084167957305,0.4528371393680572,0.5134455561637878,1
7567,b1g-fragment02-1517,11,-0.017708420753479,0.7946791648864746,0.7769707441329956,1
7567,b1g-fragment02-1517,23,0.0022453069686889,0.7685652375221252,0.7708105444908142,1
7567,b1g-fragment02-1517,37,-0.0239003896713256,0.7713218927383423,0.7474215030670166,1
7572,b1g-fragment02-1521,11,-0.0294103026390075,0.6804155111312866,0.651005208492279,1
7572,b1g-fragment02-1521,23,0.0097483396530151,0.681727409362793,0.6914757490158081,1
7572,b1g-fragment02-1521,37,0.0099038481712341,0.6412248611450195,0.6511287093162537,1
7600,b1g-fragment02-1535,11,-0.0388038754463195,0.72296541929245,0.6841615438461304,1
7600,b1g-fragment02-1535,23,-0.0437634587287902,0.716471791267395,0.6727083325386047,1
7600,b1g-fragment02-1535,37,-0.0113224387168884,0.6749889254570007,0.6636664867401123,1
7608,b1g-fragment02-1537,11,-0.0126699209213256,0.8342019319534302,0.8215320110321045,1
7608,b1g-fragment02-1537,23,-0.0177822709083557,0.8365160226821899,0.8187337517738342,1
7608,b1g-fragment02-1537,37,0.0033966898918151,0.8410755395889282,0.8444722294807434,1
7631,b1g-fragment02-1548,11,0.07624040544033048,0.7568937093019485,0.833134114742279,4
7631,b1g-fragment02-1548,23,0.06810599565505975,0.7805576026439667,0.8486635982990265,4
7631,b1g-fragment02-1548,37,0.10338871181011194,0.7259853631258011,0.8293740749359131,4
7682,b1g-fragment02-1569,11,0.0332977175712585,0.6068095564842224,0.640107274055481,1
7682,b1g-fragment02-1569,23,-0.0080103278160095,0.6168325543403625,0.608822226524353,1
7682,b1g-fragment02-1569,37,0.0106115937232971,0.6009138226509094,0.6115254163742065,1
7689,b1g-fragment02-1570,11,-0.0104421377182006,0.6666696071624756,0.6562274694442749,1
7689,b1g-fragment02-1570,23,-0.0502592921257019,0.679076075553894,0.6288167834281921,1
7689,b1g-fragment02-1570,37,0.0116819143295288,0.6463093161582947,0.6579912304878235,1
7703,b1g-fragment02-1577,11,0.0005351305007934,0.820271372795105,0.8208065032958984,1
7703,b1g-fragment02-1577,23,-0.0030277371406555,0.8195786476135254,0.8165509104728699,1
7703,b1g-fragment02-1577,37,0.035672903060913,0.7835777997970581,0.8192507028579712,1
7737,bmw-fragment09-2549,11,-0.0159217715263366,0.6233734488487244,0.6074516773223877,1
7737,bmw-fragment09-2549,23,0.0029951333999633,0.6567161083221436,0.6597112417221069,1
7737,bmw-fragment09-2549,37,-0.0142410993576049,0.6825966835021973,0.6683555841445923,1
7747,bmw-fragment09-2553,11,0.0038439035415649,0.8047046065330505,0.8085485100746155,1
7747,bmw-fragment09-2553,23,0.0005627870559692,0.8520277738571167,0.8525905609130859,1
7747,bmw-fragment09-2553,37,-0.0025407671928405,0.8011676669120789,0.7986268997192383,1
7815,bmw-fragment09-2611,11,-0.00843460559844968,0.9252632141113282,0.9168286085128784,5
7815,bmw-fragment09-2611,23,-0.0081268787384033,0.9292803645133972,0.9211534857749939,5
7815,bmw-fragment09-2611,37,-0.01581016778945918,0.9321341991424561,0.9163240313529968,5
7820,bmw-fragment09-2614,11,0.0834049582481384,0.7204625010490417,0.8038674592971802,1
7820,bmw-fragment09-2614,23,0.0360971689224243,0.7213493585586548,0.7574465274810791,1
7820,bmw-fragment09-2614,37,0.0505437850952148,0.6965441703796387,0.7470879554748535,1
7839,bmw-fragment09-2623,11,0.01648995280265805,0.8824244439601898,0.8989143967628479,2
7839,bmw-fragment09-2623,23,0.027226895093917798,0.8752313554286957,0.9024582505226135,2
7839,bmw-fragment09-2623,37,0.02032744884490965,0.883781909942627,0.9041093587875366,2
7865,bmw-fragment09-2635,11,0.018199145793914767,0.8868745764096578,0.9050737222035726,3
7865,bmw-fragment09-2635,23,0.0108025272687276,0.8919424811999003,0.9027450084686279,3
7865,bmw-fragment09-2635,37,0.012918829917907701,0.88023841381073,0.8931572437286377,3
7872,bmw-fragment09-2641,11,-0.021049678325653,0.7995191812515259,0.7784695029258728,1
7872,bmw-fragment09-2641,23,-0.0073829293251037,0.7522408366203308,0.744857907295227,1
7872,bmw-fragment09-2641,37,-0.0054603219032287,0.7776854634284973,0.7722251415252686,1
7874,bmw-fragment09-2641,11,0.055686891078948954,0.8718888461589813,0.9275757372379303,2
7874,bmw-fragment09-2641,23,0.05039837956428525,0.8828267753124237,0.933225154876709,2
7874,bmw-fragment09-2641,37,0.0661121904850006,0.8797074854373932,0.9458196759223938,2
7902,bmw-fragment09-2681,11,0.0122270882129669,0.891675591468811,0.903902679681778,2
7902,bmw-fragment09-2681,23,0.0087006390094757,0.8955828845500946,0.9042835235595703,2
7902,bmw-fragment09-2681,37,0.0040321350097656,0.8997852206230164,0.903817355632782,2
7935,bmw-fragment09-2724,11,-0.0081973671913146,0.6314737796783447,0.62327641248703,1
7935,bmw-fragment09-2724,23,0.0047584176063537,0.6673526167869568,0.6721110343933105,1
7935,bmw-fragment09-2724,37,0.0240614414215087,0.6613680124282837,0.6854294538497925,1
7957,bmw-fragment09-2760,11,-0.0877829194068908,0.7789894938468933,0.6912065744400024,1
7957,bmw-fragment09-2760,23,-0.0701915621757507,0.8000370860099792,0.7298455238342285,1
7957,bmw-fragment09-2760,37,-0.0082323551177978,0.7201883792877197,0.7119560241699219,1
7985,bmw-fragment09-2783,11,0.0355377197265625,0.8377549648284912,0.8732926845550537,1
7985,bmw-fragment09-2783,23,0.0230169296264648,0.8622459769248962,0.8852629065513611,1
7985,bmw-fragment09-2783,37,-0.0122248530387878,0.8221904635429382,0.8099656105041504,1
7996,bmw-fragment09-2790,11,-0.0337952375411987,0.6777608394622803,0.6439656019210815,1
7996,bmw-fragment09-2790,23,0.0041340589523315,0.6854721307754517,0.6896061897277832,1
7996,bmw-fragment09-2790,37,0.0002089142799377,0.6663132309913635,0.6665221452713013,1
7998,bmw-fragment09-2793,11,0.0121933221817016,0.8075296878814697,0.8197230100631714,1
7998,bmw-fragment09-2793,23,-0.0025972723960876,0.786102831363678,0.7835055589675903,1
7998,bmw-fragment09-2793,37,0.0084097981452941,0.8052471876144409,0.8136569857597351,1
8060,bpa-fragment14-2037,11,0.00493350625038145,0.8911749422550201,0.8961084485054016,2
8060,bpa-fragment14-2037,23,0.02111995220184325,0.888303816318512,0.9094237685203552,2
8060,bpa-fragment14-2037,37,0.03364023566246025,0.8642956912517548,0.8979359269142151,2
8144,bpa-fragment14-2136,11,0.00550597906112665,0.9054960310459137,0.9110020101070404,2
8144,bpa-fragment14-2136,23,0.006512850522995,0.9056877791881561,0.9122006297111512,2
8144,bpa-fragment14-2136,37,0.0080313086509704,0.9006035625934601,0.9086348712444305,2
8162,bpa-fragment14-2154,11,0.061357885599136346,0.8778348565101624,0.9391927421092988,2
8162,bpa-fragment14-2154,23,0.06423437595367425,0.8717600107192993,0.9359943866729736,2
8162,bpa-fragment14-2154,37,0.0451816320419311,0.8832222521305084,0.9284038841724396,2
8216,bpa-fragment14-2241,11,0.0235467553138732,0.8122633695602417,0.835810124874115,1
8216,bpa-fragment14-2241,23,0.0699544548988342,0.8112527132034302,0.8812071681022644,1
8216,bpa-fragment14-2241,37,0.0358719229698181,0.8188453912734985,0.8547173142433167,1
8237,bpa-fragment14-2278,11,0.0353009700775146,0.887870212395986,0.9231711824735006,3
8237,bpa-fragment14-2278,23,0.03459042310714717,0.8736568689346313,0.9082472920417786,3
8237,bpa-fragment14-2278,37,0.05574003855387367,0.8683250546455383,0.924065093199412,3
8306,c8t-fragment01-10,11,0.0064702630043029,0.7797411680221558,0.7862114310264587,1
8306,c8t-fragment01-10,23,0.0015827417373657,0.7932534217834473,0.794836163520813,1
8306,c8t-fragment01-10,37,-0.0096251368522644,0.8318119049072266,0.8221867680549622,1
8311,c8t-fragment01-11,11,-0.0244249701499938,0.6957746744155884,0.6713497042655945,1
8311,c8t-fragment01-11,23,0.0023789405822753,0.6772615909576416,0.679640531539917,1
8311,c8t-fragment01-11,37,-0.0386567711830139,0.7043188214302063,0.6656620502471924,1
8316,c8t-fragment01-13,11,0.0025826096534729004,0.7479931712150574,0.7505757808685303,2
8316,c8t-fragment01-13,23,0.043159902095794594,0.715878963470459,0.7590388655662537,2
8316,c8t-fragment01-13,37,0.0416744947433471,0.710963249206543,0.7526377439498901,2
8333,c8t-fragment01-23,11,-0.0012940764427185,0.7109146118164062,0.7096205353736877,1
8333,c8t-fragment01-23,23,-0.0066522359848022,0.7659737467765808,0.7593215107917786,1
8333,c8t-fragment01-23,37,-0.009927749633789,0.7641433477401733,0.7542155981063843,1
8368,c8t-fragment01-48,11,-0.01101174950599665,0.9224516451358795,0.9114398956298828,2
8368,c8t-fragment01-48,23,-0.0149876475334167,0.9323350787162781,0.9173474311828612,2
8368,c8t-fragment01-48,37,-0.0070334672927856515,0.9189702868461609,0.9119368195533752,2
8423,c8t-fragment01-115,11,0.016251981258392324,0.8011781126260757,0.8174300938844681,4
8423,c8t-fragment01-115,23,-0.00543904304504395,0.8077413737773895,0.8023023307323456,4
8423,c8t-fragment01-115,37,0.006848528981208775,0.7990843206644058,0.8059328496456146,4
8442,c8t-fragment01-127,11,0.0086408853530883,0.9279699325561525,0.9366108179092408,1
8442,c8t-fragment01-127,23,-0.0128750205039978,0.9407896399497986,0.9279146194458008,1
8442,c8t-fragment01-127,37,-0.0135074257850646,0.923003911972046,0.9094964861869812,1
8454,cb5-fragment02-3185,11,0.0514123439788818,0.7656639218330383,0.8170762658119202,1
8454,cb5-fragment02-3185,23,0.0461950898170471,0.7665864825248718,0.812781572341919,1
8454,cb5-fragment02-3185,37,0.0516076683998107,0.7487973570823669,0.8004050254821777,1
8467,cb5-fragment02-3203,11,0.0951257944107055,0.9016310572624208,0.9967568516731262,1
8467,cb5-fragment02-3203,23,0.1232202053070068,0.874102771282196,0.9973229765892028,1
8467,cb5-fragment02-3203,37,0.1027458906173706,0.8996908664703369,1.0024367570877075,1
8540,cb5-fragment02-3329,11,0.03139959275722495,0.8532078415155411,0.8846074342727661,4
8540,cb5-fragment02-3329,23,0.03775505721569057,0.8375568836927414,0.875311940908432,4
8540,cb5-fragment02-3329,37,0.04483364522457117,0.8274054974317551,0.8722391426563263,4
8555,cb5-fragment02-3354,11,0.010741874575614874,0.8831189572811127,0.8938608318567276,4
8555,cb5-fragment02-3354,23,0.017110809683799702,0.872558519244194,0.8896693289279938,4
8555,cb5-fragment02-3354,37,0.0037819594144821,0.8794712722301483,0.8832532316446304,4
8591,cb5-fragment02-3415,11,0.0035756826400756,0.9091256856918336,0.9127013683319092,1
8591,cb5-fragment02-3415,23,0.0003420710563659,0.9275819659233092,0.9279240369796752,1
8591,cb5-fragment02-3415,37,-0.0062825083732604,0.9050764441490172,0.8987939357757568,1
8609,ccw-fragment03-1568,11,-0.0220075249671936,0.8565691709518433,0.8345616459846497,1
8609,ccw-fragment03-1568,23,-0.0109124779701232,0.817466139793396,0.8065536618232727,1
8609,ccw-fragment03-1568,37,0.015990138053894,0.8104766011238098,0.8264667391777039,1
8679,ccw-fragment03-1639,11,0.0199877023696899,0.7984165549278259,0.8184042572975159,1
8679,ccw-fragment03-1639,23,0.0390712618827819,0.7351865172386169,0.7742577791213989,1
8679,ccw-fragment03-1639,37,-0.0163220167160034,0.7726188898086548,0.7562968730926514,1
8684,ccw-fragment03-1640,11,0.0249603986740112,0.7622491121292114,0.7872095108032227,1
8684,ccw-fragment03-1640,23,0.0066732168197631,0.7526352405548096,0.7593084573745728,1
8684,ccw-fragment03-1640,37,-0.0194513797760009,0.7525740265846252,0.7331226468086243,1
8719,ccw-fragment04-1995,11,0.0011661648750305002,0.7356449365615845,0.736811101436615,2
8719,ccw-fragment04-1995,23,0.036970913410186754,0.7478974461555481,0.7848683595657349,2
8719,ccw-fragment04-1995,37,0.022629976272583,0.7733891606330872,0.7960191369056702,2
8747,ccw-fragment04-2036,11,0.01597145199775695,0.7913744747638702,0.8073459267616272,2
8747,ccw-fragment04-2036,23,-0.01834172010421745,0.8003363311290741,0.7819946110248566,2
8747,ccw-fragment04-2036,37,-0.01240655779838565,0.7962726354598999,0.7838660776615143,2
8763,ccw-fragment04-2051,11,-0.0041369398434956675,0.9026424288749695,0.8985054890314738,3
8763,ccw-fragment04-2051,23,-0.011274596055348633,0.9021776914596558,0.890903095404307,3
8763,ccw-fragment04-2051,37,-0.009339948495229034,0.9195529421170553,0.9102129936218262,3
8769,ccw-fragment04-2053,11,0.0093351006507873,0.9303611516952516,0.9396962523460388,1
8769,ccw-fragment04-2053,23,0.0073991417884826,0.920429527759552,0.9278286695480348,1
8769,ccw-fragment04-2053,37,-0.0019171833992004,0.9237348437309264,0.921817660331726,1
8805,ccw-fragment04-2095,11,-0.078852891921997,0.8355847597122192,0.7567318677902222,1
8805,ccw-fragment04-2095,23,-0.0358766317367553,0.8386198282241821,0.8027431964874268,1
8805,ccw-fragment04-2095,37,-0.0311972498893737,0.8722366690635681,0.8410394191741943,1
8875,cdb-fragment02-376,11,-0.0119061470031738,0.8887933492660522,0.8768872022628784,1
8875,cdb-fragment02-376,23,-0.0308525562286376,0.9360021352767944,0.9051495790481568,1
8875,cdb-fragment02-376,37,-0.0127157568931579,0.8996850252151489,0.886969268321991,1
8879,cdb-fragment02-387,11,0.07790855566660557,0.88754274447759,0.9654513001441956,3
8879,cdb-fragment02-387,23,0.05889012416203813,0.8967818220456442,0.9556719462076823,3
8879,cdb-fragment02-387,37,0.044971485932668,0.9116687973340353,0.9566402832667033,3
8913,cdb-fragment02-411,11,-0.0487457811832428,0.6555649638175964,0.6068191826343536,2
8913,cdb-fragment02-411,23,-0.04759603738784785,0.663529247045517,0.6159332096576691,2
8913,cdb-fragment02-411,37,-0.03662329912185665,0.6729441583156586,0.6363208591938019,2
8963,cdb-fragment02-457,11,0.063660979270935,0.7478640675544739,0.8115250468254089,1
8963,cdb-fragment02-457,23,-0.0161123275756835,0.7777136564254761,0.7616013288497925,1
8963,cdb-fragment02-457,37,0.0166105031967163,0.7056698799133301,0.7222803831100464,1
8968,cdb-fragment02-458,11,0.013325929641723652,0.8864139914512634,0.8997399210929871,2
8968,cdb-fragment02-458,23,0.01162847876548765,0.8930736184120178,0.9047020971775055,2
8968,cdb-fragment02-458,37,-3.09944152835067e-06,0.8915621340274811,0.8915590345859528,2
9024,cdb-fragment02-511,11,0.03478035330772395,0.8453867733478546,0.8801671266555786,2
9024,cdb-fragment02-511,23,0.0186715126037597,0.8549971580505371,0.8736686706542969,2
9024,cdb-fragment02-511,37,0.0006402134895324499,0.8509593307971954,0.8515995442867279,2
9072,cdb-fragment04-880,11,-0.009749472141265833,0.9054575761159261,0.8957081039746603,3
9072,cdb-fragment04-880,23,0.0065431197484333665,0.8933087587356567,0.8998518784840902,3
9072,cdb-fragment04-880,37,-0.0141398906707763,0.9168203075726827,0.9026804169019064,3
9120,cdb-fragment04-922,11,0.028843045234680148,0.8741241097450256,0.9029671549797058,2
9120,cdb-fragment04-922,23,0.012581348419189401,0.889532744884491,0.9021140933036804,2
9120,cdb-fragment04-922,37,0.04326260089874265,0.8552190661430359,0.8984816670417786,2
9164,cdb-fragment04-964,11,0.0483039021492004,0.7681053280830383,0.8164092302322388,1
9164,cdb-fragment04-964,23,-0.010415494441986,0.7959693670272827,0.7855538725852966,1
9164,cdb-fragment04-964,37,0.0368021130561828,0.7856360077857971,0.82243812084198,1
9168,cdb-fragment04-968,11,0.0080288648605346,0.9134111404418944,0.9214400053024292,1
9168,cdb-fragment04-968,23,-0.0042710304260253,0.9019184112548828,0.8976473808288574,1
9168,cdb-fragment04-968,37,0.0108112096786499,0.8767937421798706,0.8876049518585205,1
9172,cdb-fragment04-971,11,-0.0046176314353943,0.8498702347278595,0.8452526032924652,2
9172,cdb-fragment04-971,23,0.0019359886646270995,0.8503360152244568,0.8522720038890839,2
9172,cdb-fragment04-971,37,0.03962993621826165,0.8433709442615509,0.8830008804798126,2
9211,clp-fragment01-757,11,-0.02712982892990105,0.6960743367671967,0.6689445078372955,2
9211,clp-fragment01-757,23,-0.01698923110961915,0.7223058640956879,0.7053166329860687,2
9211,clp-fragment01-757,37,0.004756569862365699,0.6660835444927216,0.6708401143550873,2
9231,clp-fragment01-766,11,0.008720417817433634,0.7482508619626363,0.75697127978007,3
9231,clp-fragment01-766,23,0.005079964796702067,0.7268023093541464,0.7318822741508484,3
9231,clp-fragment01-766,37,0.007702648639678934,0.7216652433077494,0.7293678919474283,3
9249,clp-fragment01-772,11,0.0331419259309768,0.470904216170311,0.5040461421012878,2
9249,clp-fragment01-772,23,0.050211042165756205,0.4750995337963104,0.5253105759620667,2
9249,clp-fragment01-772,37,0.11251135170459745,0.4347888380289078,0.5473001897335052,2
9274,clp-fragment01-782,11,0.0540372729301452,0.644934356212616,0.6989716291427612,1
9274,clp-fragment01-782,23,0.0900559425354003,0.5534751415252686,0.643531084060669,1
9274,clp-fragment01-782,37,-0.0172368288040161,0.6647336483001709,0.6474968194961548,1
9306,clp-fragment01-790,11,-0.0125656723976135,0.8038670420646667,0.7913013696670532,3
9306,clp-fragment01-790,23,-0.02280535300572713,0.809651792049408,0.7868464390436808,3
9306,clp-fragment01-790,37,-0.0148279070854187,0.8135470747947693,0.7987191677093506,3
9312,clp-fragment01-792,11,0.022808164358139,0.7807753384113312,0.8035835027694702,2
9312,clp-fragment01-792,23,0.0222174227237701,0.780775785446167,0.8029932081699371,2
9312,clp-fragment01-792,37,0.0173422992229462,0.7866206169128418,0.803962916135788,2
9319,clp-fragment01-796,11,0.028245210647583,0.8183408975601196,0.8465861082077026,1
9319,clp-fragment01-796,23,0.0081568956375122,0.8375616669654846,0.8457185626029968,1
9319,clp-fragment01-796,37,-0.0193156003952026,0.8550798296928406,0.8357642292976379,1
9328,clp-fragment01-800,11,0.0718149542808532,0.6835082173347473,0.7553231716156006,1
9328,clp-fragment01-800,23,0.0943602323532104,0.653722882270813,0.7480831146240234,1
9328,clp-fragment01-800,37,0.0976755023002624,0.6995682120323181,0.7972437143325806,1
9364,clp-fragment01-812,11,-0.00655004382133485,0.7561463117599487,0.7495962679386139,2
9364,clp-fragment01-812,23,-0.013011604547500551,0.7425541281700134,0.7295425236225128,2
9364,clp-fragment01-812,37,-0.01365584135055535,0.751541018486023,0.7378851771354675,2
9371,clp-fragment01-815,11,0.093120276927948,0.8146340250968933,0.9077543020248412,1
9371,clp-fragment01-815,23,0.090800940990448,0.7959466576576233,0.8867475986480713,1
9371,clp-fragment01-815,37,0.0864894390106201,0.8196536302566528,0.906143069267273,1
9385,clp-fragment01-822,11,-0.0056089162826538,0.625807523727417,0.6201986074447632,1
9385,clp-fragment01-822,23,0.0018097758293151,0.6912693381309509,0.6930791139602661,1
9385,clp-fragment01-822,37,-0.0214952826499938,0.6936759948730469,0.672180712223053,1
9392,clp-fragment01-826,11,0.1126928329467773,0.5811589956283569,0.6938518285751343,1
9392,clp-fragment01-826,23,0.1050019860267639,0.5418505668640137,0.6468525528907776,1
9392,clp-fragment01-826,37,0.1119865775108337,0.5588234066963196,0.6708099842071533,1
9400,clp-fragment01-831,11,0.0193033814430236,0.8108048439025879,0.8301082253456116,1
9400,clp-fragment01-831,23,0.0232044458389282,0.7897558212280273,0.8129602670669556,1
9400,clp-fragment01-831,37,-0.006255567073822,0.8248567581176758,0.8186011910438538,1
9409,clp-fragment01-838,11,0.05641591548919675,0.8055543005466461,0.8619702160358429,2
9409,clp-fragment01-838,23,0.0487273931503295,0.7994278371334076,0.8481552302837372,2
9409,clp-fragment01-838,37,0.06739202141761776,0.7775630950927734,0.8449551165103912,2
9413,clp-fragment01-840,11,0.1022334098815918,0.6743730902671814,0.7766065001487732,1
9413,clp-fragment01-840,23,0.1043791770935058,0.695902407169342,0.8002815842628479,1
9413,clp-fragment01-840,37,0.0251031517982482,0.7134667038917542,0.7385698556900024,1
9441,clp-fragment01-852,11,0.0164422690868377,0.7827526926994324,0.7991949617862701,2
9441,clp-fragment01-852,23,0.02021300792694085,0.782316118478775,0.8025291264057159,2
9441,clp-fragment01-852,37,0.015909880399703952,0.792176216840744,0.808086097240448,2
9459,clp-fragment01-859,11,-0.0313894748687744,0.8120678067207336,0.7806783318519592,1
9459,clp-fragment01-859,23,-0.0037512779235839,0.7989909052848816,0.7952396273612976,1
9459,clp-fragment01-859,37,-0.0054883956909179,0.8098621964454651,0.8043738007545471,1
9467,clp-fragment01-863,11,0.0025050441424051832,0.6727388799190521,0.6752439240614573,6
9467,clp-fragment01-863,23,-0.02229130268096925,0.6868686775366465,0.6645773748556772,6
9467,clp-fragment01-863,37,0.008618285258611016,0.6579985320568085,0.6666168173154196,6
9477,clp-fragment01-870,11,-0.0009943842887878,0.8822149634361267,0.8812205791473389,1
9477,clp-fragment01-870,23,-0.0026513338088989,0.9112796783447266,0.9086283445358276,1
9477,clp-fragment01-870,37,0.0180160999298095,0.8915296792984009,0.9095457792282104,1
9478,clp-fragment01-870,11,0.06958719094594316,0.6987072825431824,0.7682944734891256,3
9478,clp-fragment01-870,23,0.06495650609334304,0.7271150350570679,0.792071541150411,3
9478,clp-fragment01-870,37,0.07105183601379393,0.7037041187286377,0.7747559547424316,3
9530,clp-fragment01-897,11,0.0303173661231994,0.6162295937538147,0.6465469598770142,1
9530,clp-fragment01-897,23,0.0366143584251403,0.6468098759651184,0.6834242343902588,1
9530,clp-fragment01-897,37,0.0190390348434448,0.6547977328300476,0.6738367676734924,1
9547,clw-fragment01-5,11,0.0078285932540893,0.6363760232925415,0.6442046165466309,1
9547,clw-fragment01-5,23,0.0034763216972351,0.6834977269172668,0.686974048614502,1
9547,clw-fragment01-5,37,-0.0209560990333557,0.6297142505645752,0.6087581515312195,1
9556,clw-fragment01-8,11,0.0031933784484863,0.7700790166854858,0.7732723951339722,1
9556,clw-fragment01-8,23,-0.0264453887939453,0.804172933101654,0.7777275443077087,1
9556,clw-fragment01-8,37,-0.0054236650466918,0.7670905590057373,0.7616668939590454,1
9585,clw-fragment01-21,11,0.0035596191883087,0.7897849678993225,0.7933445870876312,2
9585,clw-fragment01-21,23,0.01876139640808105,0.8101749420166016,0.8289363384246826,2
9585,clw-fragment01-21,37,0.0030616223812102994,0.781520426273346,0.7845820486545563,2
9597,clw-fragment01-25,11,-0.010710835456848148,0.6672050356864929,0.6564942002296448,2
9597,clw-fragment01-25,23,-0.06290224194526664,0.6713443100452423,0.6084420680999756,2
9597,clw-fragment01-25,37,-0.0733985602855682,0.6875827312469482,0.61418417096138,2
9608,clw-fragment01-28,11,0.0077338218688964,0.7504605054855347,0.7581943273544312,1
9608,clw-fragment01-28,23,0.0349135398864746,0.7895386219024658,0.8244521617889404,1
9608,clw-fragment01-28,37,-0.0019819140434265,0.7641355991363525,0.762153685092926,1
9647,clw-fragment01-45,11,0.0015338659286499,0.8161449432373047,0.8176788091659546,1
9647,clw-fragment01-45,23,0.0343658924102783,0.7974756360054016,0.8318415284156799,1
9647,clw-fragment01-45,37,0.0207198858261108,0.8153475522994995,0.8360674381256104,1
9649,clw-fragment01-47,11,0.0407315492630004,0.714817464351654,0.7555490136146545,1
9649,clw-fragment01-47,23,0.0141684412956237,0.7389640212059021,0.7531324625015259,1
9649,clw-fragment01-47,37,0.0192312002182006,0.6571732759475708,0.6764044761657715,1
9670,clw-fragment01-55,11,-0.0015949010848999,0.8665085434913635,0.8649136424064636,1
9670,clw-fragment01-55,23,-0.0017702579498291,0.8379724025726318,0.8362021446228027,1
9670,clw-fragment01-55,37,0.006985068321228,0.8522307872772217,0.8592158555984497,1
9705,clw-fragment01-65,11,0.010338515043258651,0.715677484869957,0.7260159999132156,4
9705,clw-fragment01-65,23,0.0092305988073349,0.7115778625011444,0.7208084613084793,4
9705,clw-fragment01-65,37,-0.005550518631935125,0.7268224507570267,0.7212719321250916,4
9727,clw-fragment01-72,11,0.09748667478561396,0.8723584711551666,0.9698451459407806,2
9727,clw-fragment01-72,23,0.09196844696998595,0.8845100998878479,0.9764785468578339,2
9727,clw-fragment01-72,37,0.1011155545711517,0.8624176383018494,0.963533192873001,2
9738,clw-fragment01-76,11,-0.0317522883415222,0.2816372513771057,0.2498849630355835,1
9738,clw-fragment01-76,23,0.1058655530214309,0.2338723689317703,0.3397379219532013,1
9738,clw-fragment01-76,37,-0.0622943341732025,0.3159098625183105,0.253615528345108,1
9768,clw-fragment01-83,11,0.0093287825584411,0.6823633909225464,0.6916921734809875,1
9768,clw-fragment01-83,23,0.0284433364868164,0.6608585715293884,0.6893019080162048,1
9768,clw-fragment01-83,37,-0.018994390964508,0.6746498346328735,0.6556554436683655,1
9791,clw-fragment01-93,11,-0.0173445343971252,0.8012829422950745,0.7839384078979492,2
9791,clw-fragment01-93,23,0.0055658221244811994,0.7850883603096008,0.790654182434082,2
9791,clw-fragment01-93,37,0.014755874872207652,0.7948773801326752,0.8096332550048828,2
9832,clw-fragment01-111,11,0.0036908388137817,0.8643959760665894,0.8680868148803711,1
9832,clw-fragment01-111,23,0.0369750261306762,0.819065511226654,0.8560405373573303,1
9832,clw-fragment01-111,37,-0.0288299322128295,0.8579369783401489,0.8291070461273193,1
9841,clw-fragment01-115,11,-0.0101014971733093,0.8693603873252869,0.8592588901519775,1
9841,clw-fragment01-115,23,-0.007130742073059,0.8543100357055664,0.8471792936325073,1
9841,clw-fragment01-115,37,0.0021572113037109,0.8634085059165955,0.8655657172203064,1
9845,clw-fragment01-116,11,0.0068998485803604,0.29225024580955505,0.29915009438991547,2
9845,clw-fragment01-116,23,-0.02063664793968195,0.2949838638305664,0.2743472158908844,2
9845,clw-fragment01-116,37,0.015240475535392699,0.28418695926666254,0.29942743480205536,2
9853,clw-fragment01-118,11,0.0593495965003967,0.7264507412910461,0.7858003377914429,1
9853,clw-fragment01-118,23,0.0139065980911254,0.7462761998176575,0.760182797908783,1
9853,clw-fragment01-118,37,0.0441499352455139,0.7465326189994812,0.7906825542449951,1
9857,clw-fragment01-119,11,0.057113051414489704,0.6830936968326569,0.7402067482471466,2
9857,clw-fragment01-119,23,0.07136577367782584,0.6820176541805267,0.7533834278583527,2
9857,clw-fragment01-119,37,0.04273018240928645,0.7141427993774414,0.7568729817867279,2
9869,clw-fragment01-123,11,0.0172407031059265,0.7456555366516113,0.7628962397575378,2
9869,clw-fragment01-123,23,0.0008744895458221501,0.7481564283370972,0.7490309178829193,2
9869,clw-fragment01-123,37,-0.014995068311691251,0.7716918289661407,0.7566967606544495,2
9891,clw-fragment01-132,11,-0.0821336954832077,0.2469024062156677,0.16476871073246,1
9891,clw-fragment01-132,23,0.0207032263278961,0.1882467716932296,0.2089499980211258,1
9891,clw-fragment01-132,37,0.0231981873512268,0.2402110993862152,0.263409286737442,1
9895,clw-fragment01-133,11,-0.0122008323669433,0.83771812915802,0.8255172967910767,1
9895,clw-fragment01-133,23,0.0114086866378784,0.8559567928314209,0.8673654794692993,1
9895,clw-fragment01-133,37,0.0004023313522338,0.8494977951049805,0.8499001264572144,1
9921,clw-fragment01-141,11,0.04863262176513665,0.7333126068115234,0.7819452285766602,2
9921,clw-fragment01-141,23,0.0558134019374847,0.7113510072231293,0.767164409160614,2
9921,clw-fragment01-141,37,0.0601924061775207,0.7304622530937195,0.7906546592712402,2
9926,clw-fragment01-141,11,-0.009742498397827152,0.718343585729599,0.7086010873317719,2
9926,clw-fragment01-141,23,0.020321309566497747,0.7262560427188873,0.7465773522853851,2
9926,clw-fragment01-141,37,0.0157791078090667,0.7297646701335907,0.7455437779426575,2
9941,clw-fragment01-148,11,0.0102914571762084,0.79483562707901,0.8051270842552185,1
9941,clw-fragment01-148,23,0.0095463991165161,0.7861196398735046,0.7956660389900208,1
9941,clw-fragment01-148,37,0.0119832754135131,0.7890253067016602,0.8010085821151733,1
9953,clw-fragment01-150,11,0.0269583463668823,0.7143679857254028,0.7413263320922852,2
9953,clw-fragment01-150,23,0.0443786978721618,0.6862232983112335,0.7306019961833954,2
9953,clw-fragment01-150,37,0.060007423162460244,0.714830219745636,0.7748376429080963,2
9997,clw-fragment01-161,11,-0.00827619433403015,0.7732104063034058,0.7649342119693756,2
9997,clw-fragment01-161,23,0.00597423315048215,0.7536930739879608,0.759667307138443,2
9997,clw-fragment01-161,37,-0.017772763967514,0.7821040749549866,0.7643313109874725,2
10021,crs-fragment01-6,11,-0.007957100868225,0.7628735303878784,0.7549164295196533,1
10021,crs-fragment01-6,23,-0.0236342549324035,0.8023401498794556,0.778705894947052,1
10021,crs-fragment01-6,37,0.0304265022277832,0.7582106590270996,0.7886371612548828,1
10034,crs-fragment01-10,11,-0.0006168484687805501,0.7103379666805267,0.7097211182117462,2
10034,crs-fragment01-10,23,-0.01114276051521295,0.6983419358730316,0.6871991753578186,2
10034,crs-fragment01-10,37,-0.00233966112136845,0.6996232569217682,0.6972835958003998,2
10067,crs-fragment01-37,11,-0.0256465077400207,0.8286360502243042,0.8029895424842834,1
10067,crs-fragment01-37,23,-0.0541555881500244,0.8038981556892395,0.7497425675392151,1
10067,crs-fragment01-37,37,-0.0373129248619079,0.8421688079833984,0.8048558831214905,1
10118,crs-fragment01-71,11,0.0487059354782104,0.8673655092716217,0.9160714447498322,2
10118,crs-fragment01-71,23,0.02390918135643005,0.8857360184192657,0.9096451997756958,2
10118,crs-fragment01-71,37,0.0466801822185516,0.8696029484272003,0.916283130645752,2
10138,crs-fragment01-85,11,0.029542982578277553,0.7704205513000488,0.7999635338783264,2
10138,crs-fragment01-85,23,-0.00265946984291075,0.7857348918914795,0.7830754220485687,2
10138,crs-fragment01-85,37,0.0039878487586975,0.7774267792701721,0.7814146280288696,2
10142,crs-fragment01-88,11,-0.0113022327423095,0.758833646774292,0.7475314140319824,1
10142,crs-fragment01-88,23,-0.0139647722244262,0.7592545747756958,0.7452898025512695,1
10142,crs-fragment01-88,37,0.0348759293556213,0.7524073123931885,0.7872832417488098,1
10187,cty-fragment03-463,11,-0.0148499011993408,0.8465573191642761,0.8317074179649353,1
10187,cty-fragment03-463,23,0.0105153918266296,0.8157005906105042,0.8262159824371338,1
10187,cty-fragment03-463,37,0.0491358041763305,0.7511156797409058,0.8002514839172363,1
10192,cty-fragment03-464,11,-0.011993408203125,0.749729573726654,0.737736165523529,1
10192,cty-fragment03-464,23,-0.0218020677566528,0.7300997972488403,0.7082977294921875,1
10192,cty-fragment03-464,37,-0.0193133354187011,0.7801462411880493,0.7608329057693481,1
10196,cty-fragment03-464,11,-0.0240617394447326,0.7427383065223694,0.7186765670776367,1
10196,cty-fragment03-464,23,-0.0316287279129028,0.7464389204978943,0.7148101925849915,1
10196,cty-fragment03-464,37,-0.0295252799987792,0.7534606456756592,0.7239353656768799,1
10200,cty-fragment03-467,11,0.0575555562973022,0.7431600093841553,0.8007155656814575,1
10200,cty-fragment03-467,23,0.0412989854812622,0.7927812337875366,0.8340802192687988,1
10200,cty-fragment03-467,37,0.0355037450790405,0.7701871395111084,0.8056908845901489,1
10212,cty-fragment03-469,11,0.0143019556999206,0.6832711696624756,0.6975731253623962,1
10212,cty-fragment03-469,23,0.0199769139289855,0.6767873764038086,0.6967642903327942,1
10212,cty-fragment03-469,37,-0.0080419778823852,0.6957991719245911,0.6877571940422058,1
10222,cty-fragment03-469,11,0.0105283260345458,0.668767511844635,0.6792958378791809,1
10222,cty-fragment03-469,23,-0.0073409080505371,0.6856818199157715,0.6783409118652344,1
10222,cty-fragment03-469,37,0.0260000228881835,0.6518789529800415,0.6778789758682251,1
10229,cty-fragment03-473,11,0.0124948620796203,0.8449050188064575,0.8573998808860779,1
10229,cty-fragment03-473,23,0.0125215053558349,0.8597192764282227,0.8722407817840576,1
10229,cty-fragment03-473,37,0.008146047592163,0.8565184473991394,0.8646644949913025,1
10255,cty-fragment03-479,11,-0.0234186649322509,0.8679920434951782,0.8445733785629272,1
10255,cty-fragment03-479,23,-0.0056584477424621,0.8762026429176331,0.8705441951751709,1
10255,cty-fragment03-479,37,-0.018852412700653,0.8577191829681396,0.8388667702674866,1
10265,cty-fragment03-481,11,-0.0139912366867065,0.7904294729232788,0.7764382362365723,1
10265,cty-fragment03-481,23,0.0142514109611511,0.7733187675476074,0.7875701785087585,1
10265,cty-fragment03-481,37,0.0183290243148803,0.8083542585372925,0.8266832828521729,1
10297,cty-fragment03-492,11,0.0303573012351989,0.7068569660186768,0.7372142672538757,1
10297,cty-fragment03-492,23,0.0131347775459289,0.6968061327934265,0.7099409103393555,1
10297,cty-fragment03-492,37,0.0345504879951477,0.698453426361084,0.7330039143562317,1
10312,cty-fragment03-494,11,0.0211434960365295,0.6971622705459595,0.718305766582489,1
10312,cty-fragment03-494,23,0.002030074596405,0.7036355137825012,0.7056655883789062,1
10312,cty-fragment03-494,37,-0.0257321000099182,0.7089015245437622,0.683169424533844,1
10318,cty-fragment03-495,11,0.02664911746978755,0.8018058836460114,0.828455001115799,2
10318,cty-fragment03-495,23,0.0107800364494324,0.7938416004180908,0.8046216368675232,2
10318,cty-fragment03-495,37,0.007659763097763051,0.8068890273571014,0.8145487904548645,2
10333,cty-fragment03-498,11,0.011305809020996,0.648466169834137,0.6597719788551331,1
10333,cty-fragment03-498,23,0.0264614224433898,0.6623913049697876,0.6888527274131775,1
10333,cty-fragment03-498,37,0.0088787674903869,0.7318361401557922,0.7407149076461792,1
10360,cty-fragment03-511,11,0.0112106204032897,0.7650296688079834,0.7762402892112732,1
10360,cty-fragment03-511,23,-0.06437748670578,0.7693533897399902,0.7049759030342102,1
10360,cty-fragment03-511,37,-0.0237818360328674,0.8085557222366333,0.7847738862037659,1
10368,cty-fragment03-514,11,0.04290801286697385,0.8849663436412811,0.927874356508255,2
10368,cty-fragment03-514,23,0.051496803760528495,0.8619159162044525,0.9134127199649811,2
10368,cty-fragment03-514,37,0.0491508841514587,0.869590699672699,0.9187415838241576,2
10371,cty-fragment03-516,11,-0.0072680711746215,0.9209573864936828,0.9136893153190612,1
10371,cty-fragment03-516,23,-0.0013894438743591,0.9225085377693176,0.9211190938949584,1
10371,cty-fragment03-516,37,0.0096939802169799,0.8967201113700867,0.9064140915870668,1
10376,cty-fragment03-517,11,-0.0021088421344756998,0.6616620421409607,0.659553200006485,2
10376,cty-fragment03-517,23,-0.0146440267562866,0.6588821411132812,0.6442381143569946,2
10376,cty-fragment03-517,37,9.56058502197e-05,0.6806165874004364,0.6807121932506561,2
10378,cty-fragment03-518,11,0.0226795077323913,0.7769012451171875,0.7995807528495789,1
10378,cty-fragment03-518,23,0.0092291235923767,0.7731175422668457,0.7823466658592224,1
10378,cty-fragment03-518,37,0.0177117586135864,0.7934222221374512,0.8111339807510376,1
10379,cty-fragment03-518,11,0.00134336948394775,0.8589749932289124,0.8603183627128601,2
10379,cty-fragment03-518,23,0.00973692536354065,0.8511446416378021,0.8608815670013428,2
10379,cty-fragment03-518,37,0.00769597291946405,0.8593967854976654,0.8670927584171295,2
10381,cty-fragment03-520,11,-0.0233206152915954,0.8656617403030396,0.8423411250114441,1
10381,cty-fragment03-520,23,-0.0088409781455993,0.8457033038139343,0.836862325668335,1
10381,cty-fragment03-520,37,-0.0085381865501403,0.8378987908363342,0.8293606042861938,1
10403,cty-fragment03-523,11,0.00419077277183535,0.7415665984153748,0.7457573711872101,2
10403,cty-fragment03-523,23,-0.0229885280132294,0.7772242426872253,0.754235714673996,2
10403,cty-fragment03-523,37,0.0319161713123321,0.7370087206363678,0.7689248919487,2
10446,cty-fragment03-531,11,0.029685616493225,0.540194034576416,0.5698796510696411,1
10446,cty-fragment03-531,23,-0.0282723307609558,0.5902103781700134,0.5619380474090576,1
10446,cty-fragment03-531,37,-0.001011848449707,0.6055816411972046,0.6045697927474976,1
10479,cty-fragment03-539,11,-0.0166332721710205,0.7888652682304382,0.7722319960594177,1
10479,cty-fragment03-539,23,-0.0423653125762939,0.7885733246803284,0.7462080121040344,1
10479,cty-fragment03-539,37,-0.0341274142265319,0.8036036491394043,0.7694762349128723,1
10490,cty-fragment03-542,11,0.02902975678443905,0.783994197845459,0.8130239546298981,2
10490,cty-fragment03-542,23,0.0121019184589386,0.7822791934013367,0.7943811118602753,2
10490,cty-fragment03-542,37,0.0016514956951141505,0.7928099930286407,0.7944614887237549,2
10491,cty-fragment03-542,11,0.0024589896202087,0.7647467851638794,0.7672057747840881,1
10491,cty-fragment03-542,23,-0.0080259442329406,0.7840101718902588,0.7759842276573181,1
10491,cty-fragment03-542,37,-0.0313740372657775,0.7933240532875061,0.7619500160217285,1
10495,cty-fragment03-543,11,-0.0350504517555236,0.6849006414413452,0.6498501896858215,1
10495,cty-fragment03-543,23,-0.0254554748535156,0.7158751487731934,0.6904196739196777,1
10495,cty-fragment03-543,37,-0.0526492595672607,0.7222472429275513,0.6695979833602905,1
