triple_id,i0,sentence_id,source_sid,genre,novelty,m_sentence,a_sentence,i_sentence,m_word,a_word,i_word,critical_start,m_critical_end,a_critical_end,i_critical_end,right_context_word_1,right_context_word_2,right_context_word_3,q3_right_context,m_prefix_q3,a_prefix_q3,i_prefix_q3
munch-judgement-0,0,1,a1e-fragment01-1,NEWS,0.03,"Latest corporate unbundler reveals laid-back approach: Roland Franklin, who is leading a 697m pound break-up bid for DRG, talks to Frank Kane","Latest corporate unbundler reveals laid-back method: Roland Franklin, who is leading a 697m pound break-up bid for DRG, talks to Frank Kane","Latest corporate unbundler reveals laid-back coming: Roland Franklin, who is leading a 697m pound break-up bid for DRG, talks to Frank Kane",approach,method,coming,45,53,51,51,Roland,"Franklin,",who,": Roland Franklin, who","Latest corporate unbundler reveals laid-back approach: Roland Franklin, who","Latest corporate unbundler reveals laid-back method: Roland Franklin, who","Latest corporate unbundler reveals laid-back coming: Roland Franklin, who"
munch-judgement-1,1,2,a1e-fragment01-1,NEWS,-0.03,"Latest corporate unbundler reveals laid-back approach: Roland Franklin, who is leading a 697m pound break-up bid for DRG, talks to Frank Kane","Latest corporate unbundler reveals laid-back approach: Roland Franklin, who is winning a 697m pound break-up bid for DRG, talks to Frank Kane","Latest corporate unbundler reveals laid-back approach: Roland Franklin, who is heading a 697m pound break-up bid for DRG, talks to Frank Kane",leading,winning,heading,79,86,86,86,a,697m,pound, a 697m pound,"Latest corporate unbundler reveals laid-back approach: Roland Franklin, who is leading a 697m pound","Latest corporate unbundler reveals laid-back approach: Roland Franklin, who is winning a 697m pound","Latest corporate unbundler reveals laid-back approach: Roland Franklin, who is heading a 697m pound"
munch-judgement-2,2,15,a1e-fragment01-7,NEWS,-0.265,"There are other things he has, on his own admission, not fully investigated, like the value of the DRG properties, or which part of the DRG business he would keep after the break up.","There are other things he has, on his own admission, not fully investigated, like the value of the DRG properties, or which section of the DRG business he would keep after the break up.","There are other things he has, on his own admission, not fully investigated, like the value of the DRG properties, or which portion of the DRG business he would keep after the break up.",part,section,portion,124,128,131,131,of,the,DRG, of the DRG,"There are other things he has, on his own admission, not fully investigated, like the value of the DRG properties, or which part of the DRG","There are other things he has, on his own admission, not fully investigated, like the value of the DRG properties, or which section of the DRG","There are other things he has, on his own admission, not fully investigated, like the value of the DRG properties, or which portion of the DRG"
munch-judgement-6,6,28,a1e-fragment01-15,NEWS,-0.176,"‘That point about the core business is very unfair,’ he says.","‘That detail about the core business is very unfair,’ he says.","‘That element about the core business is very unfair,’ he says.",point,detail,element,6,11,12,13,about,the,core, about the core,‘That point about the core,‘That detail about the core,‘That element about the core
munch-judgement-7,7,28,a1e-fragment01-15,NEWS,-0.176,"‘That point about the core business is very unfair,’ he says.","‘That detail about the core business is very unfair,’ he says.","‘That factor about the core business is very unfair,’ he says.",point,detail,factor,6,11,12,12,about,the,core, about the core,‘That point about the core,‘That detail about the core,‘That factor about the core
munch-judgement-8,8,28,a1e-fragment01-15,NEWS,-0.176,"‘That point about the core business is very unfair,’ he says.","‘That detail about the core business is very unfair,’ he says.","‘That ingredient about the core business is very unfair,’ he says.",point,detail,ingredient,6,11,12,16,about,the,core, about the core,‘That point about the core,‘That detail about the core,‘That ingredient about the core
munch-judgement-12,12,33,a1e-fragment01-22,NEWS,0.03,"Along with Sir James he found the US much more attractive, taking over and breaking up some fairly hefty US corporations.","Along with Sir James he considered the US much more attractive, taking over and breaking up some fairly hefty US corporations.","Along with Sir James he saw the US much more attractive, taking over and breaking up some fairly hefty US corporations.",found,considered,saw,24,29,34,27,the,US,much, the US much,Along with Sir James he found the US much,Along with Sir James he considered the US much,Along with Sir James he saw the US much
munch-judgement-13,13,37,a1e-fragment01-23,NEWS,0.0,He rejects charges that he was partly responsible for the ‘casino atmosphere’ that gripped US corporate life in the early 1980s.,He rejects accusations that he was partly responsible for the ‘casino atmosphere’ that gripped US corporate life in the early 1980s.,He rejects onsets that he was partly responsible for the ‘casino atmosphere’ that gripped US corporate life in the early 1980s.,charges,accusations,onsets,11,18,22,17,that,he,was, that he was,He rejects charges that he was,He rejects accusations that he was,He rejects onsets that he was
munch-judgement-14,14,37,a1e-fragment01-23,NEWS,0.0,He rejects charges that he was partly responsible for the ‘casino atmosphere’ that gripped US corporate life in the early 1980s.,He rejects accusations that he was partly responsible for the ‘casino atmosphere’ that gripped US corporate life in the early 1980s.,He rejects onrushes that he was partly responsible for the ‘casino atmosphere’ that gripped US corporate life in the early 1980s.,charges,accusations,onrushes,11,18,22,19,that,he,was, that he was,He rejects charges that he was,He rejects accusations that he was,He rejects onrushes that he was
munch-judgement-16,16,40,a1e-fragment01-23,NEWS,0.545,He rejects charges that he was partly responsible for the ‘casino atmosphere’ that gripped US corporate life in the early 1980s.,He rejects charges that he was partly responsible for the ‘casino atmosphere’ that encompassed US corporate life in the early 1980s.,He rejects charges that he was partly responsible for the ‘casino atmosphere’ that clutched US corporate life in the early 1980s.,gripped,encompassed,clutched,83,90,94,91,US,corporate,life, US corporate life,He rejects charges that he was partly responsible for the ‘casino atmosphere’ that gripped US corporate life,He rejects charges that he was partly responsible for the ‘casino atmosphere’ that encompassed US corporate life,He rejects charges that he was partly responsible for the ‘casino atmosphere’ that clutched US corporate life
munch-judgement-17,17,48,a1e-fragment01-28,NEWS,0.176,And there is always the ultimate unbundler's defence — that he will make money for his backers.,And there is always the ultimate unbundler's argument — that he will make money for his backers.,And there is always the ultimate unbundler's squad — that he will make money for his backers.,defence,argument,squad,45,52,53,50,that,he,will, — that he will,And there is always the ultimate unbundler's defence — that he will,And there is always the ultimate unbundler's argument — that he will,And there is always the ultimate unbundler's squad — that he will
munch-judgement-18,18,48,a1e-fragment01-28,NEWS,0.176,And there is always the ultimate unbundler's defence — that he will make money for his backers.,And there is always the ultimate unbundler's argument — that he will make money for his backers.,And there is always the ultimate unbundler's action — that he will make money for his backers.,defence,argument,action,45,52,53,51,that,he,will, — that he will,And there is always the ultimate unbundler's defence — that he will,And there is always the ultimate unbundler's argument — that he will,And there is always the ultimate unbundler's action — that he will
munch-judgement-20,20,52,a1e-fragment01-29,NEWS,0.412,"In a takeover campaign that has already seen vitriolic language, he responds to the charge that he is mounting the bid to enrich himself and his friends by saying: ‘Nobody could take that as a criticism — this is an investor group.","In a takeover campaign that has already seen vitriolic language, he responds to the charge that he is launching the bid to enrich himself and his friends by saying: ‘Nobody could take that as a criticism — this is an investor group.","In a takeover campaign that has already seen vitriolic language, he responds to the charge that he is attaching the bid to enrich himself and his friends by saying: ‘Nobody could take that as a criticism — this is an investor group.",mounting,launching,attaching,102,110,111,111,the,bid,to, the bid to,"In a takeover campaign that has already seen vitriolic language, he responds to the charge that he is mounting the bid to","In a takeover campaign that has already seen vitriolic language, he responds to the charge that he is launching the bid to","In a takeover campaign that has already seen vitriolic language, he responds to the charge that he is attaching the bid to"
munch-judgement-21,21,72,a1f-fragment07-152,NEWS,0.088,Labour hopes to transform the situation by increasing the number of A-levels to five for the brighter youngsters and providing grants for four-year training courses (two years in a Further Education college followed by two with an employer) for the rest.,Labour hopes to transform the situation by increasing the number of A-levels to five for the brighter youngsters and providing grants for four-year training courses (two years in a Further Education college accompanied by two with an employer) for the rest.,Labour hopes to transform the situation by increasing the number of A-levels to five for the brighter youngsters and providing grants for four-year training courses (two years in a Further Education college traveled by two with an employer) for the rest.,followed,accompanied,traveled,207,215,218,215,by,two,with, by two with,Labour hopes to transform the situation by increasing the number of A-levels to five for the brighter youngsters and providing grants for four-year training courses (two years in a Further Education college followed by two with,Labour hopes to transform the situation by increasing the number of A-levels to five for the brighter youngsters and providing grants for four-year training courses (two years in a Further Education college accompanied by two with,Labour hopes to transform the situation by increasing the number of A-levels to five for the brighter youngsters and providing grants for four-year training courses (two years in a Further Education college traveled by two with
munch-judgement-22,22,72,a1f-fragment07-152,NEWS,0.088,Labour hopes to transform the situation by increasing the number of A-levels to five for the brighter youngsters and providing grants for four-year training courses (two years in a Further Education college followed by two with an employer) for the rest.,Labour hopes to transform the situation by increasing the number of A-levels to five for the brighter youngsters and providing grants for four-year training courses (two years in a Further Education college accompanied by two with an employer) for the rest.,Labour hopes to transform the situation by increasing the number of A-levels to five for the brighter youngsters and providing grants for four-year training courses (two years in a Further Education college gone by two with an employer) for the rest.,followed,accompanied,gone,207,215,218,211,by,two,with, by two with,Labour hopes to transform the situation by increasing the number of A-levels to five for the brighter youngsters and providing grants for four-year training courses (two years in a Further Education college followed by two with,Labour hopes to transform the situation by increasing the number of A-levels to five for the brighter youngsters and providing grants for four-year training courses (two years in a Further Education college accompanied by two with,Labour hopes to transform the situation by increasing the number of A-levels to five for the brighter youngsters and providing grants for four-year training courses (two years in a Further Education college gone by two with
munch-judgement-23,23,72,a1f-fragment07-152,NEWS,0.088,Labour hopes to transform the situation by increasing the number of A-levels to five for the brighter youngsters and providing grants for four-year training courses (two years in a Further Education college followed by two with an employer) for the rest.,Labour hopes to transform the situation by increasing the number of A-levels to five for the brighter youngsters and providing grants for four-year training courses (two years in a Further Education college accompanied by two with an employer) for the rest.,Labour hopes to transform the situation by increasing the number of A-levels to five for the brighter youngsters and providing grants for four-year training courses (two years in a Further Education college moved by two with an employer) for the rest.,followed,accompanied,moved,207,215,218,212,by,two,with, by two with,Labour hopes to transform the situation by increasing the number of A-levels to five for the brighter youngsters and providing grants for four-year training courses (two years in a Further Education college followed by two with,Labour hopes to transform the situation by increasing the number of A-levels to five for the brighter youngsters and providing grants for four-year training courses (two years in a Further Education college accompanied by two with,Labour hopes to transform the situation by increasing the number of A-levels to five for the brighter youngsters and providing grants for four-year training courses (two years in a Further Education college moved by two with
munch-judgement-28,28,117,a1f-fragment09-170,NEWS,-0.125,"Labour law will always reflect the balance of power in society, and a fully fledged labour court system will not remove class and fundamental employer-employee differences.","Labour law will always reflect the balance of influence in society, and a fully fledged labour court system will not remove class and fundamental employer-employee differences.","Labour law will always reflect the balance of might in society, and a fully fledged labour court system will not remove class and fundamental employer-employee differences.",power,influence,might,46,51,55,51,in,"society,",and," in society, and","Labour law will always reflect the balance of power in society, and","Labour law will always reflect the balance of influence in society, and","Labour law will always reflect the balance of might in society, and"
munch-judgement-29,29,117,a1f-fragment09-170,NEWS,-0.125,"Labour law will always reflect the balance of power in society, and a fully fledged labour court system will not remove class and fundamental employer-employee differences.","Labour law will always reflect the balance of influence in society, and a fully fledged labour court system will not remove class and fundamental employer-employee differences.","Labour law will always reflect the balance of mightiness in society, and a fully fledged labour court system will not remove class and fundamental employer-employee differences.",power,influence,mightiness,46,51,55,56,in,"society,",and," in society, and","Labour law will always reflect the balance of power in society, and","Labour law will always reflect the balance of influence in society, and","Labour law will always reflect the balance of mightiness in society, and"
munch-judgement-31,31,141,a1f-fragment11-186,NEWS,0.394,"Now, it would appear from this article, that this ideal is shattered and a two-tiered Europe is on the cards.","Now, it would appear from this article, that this ideal is destroyed and a two-tiered Europe is on the cards.","Now, it would appear from this article, that this ideal is bust and a two-tiered Europe is on the cards.",shattered,destroyed,bust,59,68,68,63,and,a,two-tiered, and a two-tiered,"Now, it would appear from this article, that this ideal is shattered and a two-tiered","Now, it would appear from this article, that this ideal is destroyed and a two-tiered","Now, it would appear from this article, that this ideal is bust and a two-tiered"
munch-judgement-33,33,175,a1g-fragment27-410,NEWS,0.242,"What was surely the last ever Montenegrin ‘royal event’ was masterminded by the republic's new Communist leadership, which has abruptly stopped describing Nicholas as a class enemy, to ride the same wave of popular patriotism and royal fervour which swept Serbia in the recent celebrations of the 600th anniversary of the battle of Kosovo.","What was surely the last ever Montenegrin ‘royal event’ was masterminded by the republic's new Communist leadership, which has abruptly stopped describing Nicholas as a class enemy, to ride the same wave of popular patriotism and royal fervour which engulfed Serbia in the recent celebrations of the 600th anniversary of the battle of Kosovo.","What was surely the last ever Montenegrin ‘royal event’ was masterminded by the republic's new Communist leadership, which has abruptly stopped describing Nicholas as a class enemy, to ride the same wave of popular patriotism and royal fervour which broomed Serbia in the recent celebrations of the 600th anniversary of the battle of Kosovo.",swept,engulfed,broomed,250,255,258,257,Serbia,in,the, Serbia in the,"What was surely the last ever Montenegrin ‘royal event’ was masterminded by the republic's new Communist leadership, which has abruptly stopped describing Nicholas as a class enemy, to ride the same wave of popular patriotism and royal fervour which swept Serbia in the","What was surely the last ever Montenegrin ‘royal event’ was masterminded by the republic's new Communist leadership, which has abruptly stopped describing Nicholas as a class enemy, to ride the same wave of popular patriotism and royal fervour which engulfed Serbia in the","What was surely the last ever Montenegrin ‘royal event’ was masterminded by the republic's new Communist leadership, which has abruptly stopped describing Nicholas as a class enemy, to ride the same wave of popular patriotism and royal fervour which broomed Serbia in the"
munch-judgement-34,34,178,a1g-fragment27-412,NEWS,0.206,"‘If I die abroad in exile, let my body rest in a temporary grave until my mortal remains be transferred to our dear homeland,’ said the Montenegrin President, Branko Kostic, reading the royal will and testament to the crowds in Cetinje Square, who carried flags and portraits of Nicholas and his queen, Milena.","‘If I die abroad in exile, let my body rest in a temporary grave until my mortal remains be transferred to our dear homeland,’ said the Montenegrin President, Branko Kostic, reading the royal request and testament to the crowds in Cetinje Square, who carried flags and portraits of Nicholas and his queen, Milena.","‘If I die abroad in exile, let my body rest in a temporary grave until my mortal remains be transferred to our dear homeland,’ said the Montenegrin President, Branko Kostic, reading the royal purpose and testament to the crowds in Cetinje Square, who carried flags and portraits of Nicholas and his queen, Milena.",will,request,purpose,192,196,199,199,and,testament,to, and testament to,"‘If I die abroad in exile, let my body rest in a temporary grave until my mortal remains be transferred to our dear homeland,’ said the Montenegrin President, Branko Kostic, reading the royal will and testament to","‘If I die abroad in exile, let my body rest in a temporary grave until my mortal remains be transferred to our dear homeland,’ said the Montenegrin President, Branko Kostic, reading the royal request and testament to","‘If I die abroad in exile, let my body rest in a temporary grave until my mortal remains be transferred to our dear homeland,’ said the Montenegrin President, Branko Kostic, reading the royal purpose and testament to"
munch-judgement-35,35,178,a1g-fragment27-412,NEWS,0.206,"‘If I die abroad in exile, let my body rest in a temporary grave until my mortal remains be transferred to our dear homeland,’ said the Montenegrin President, Branko Kostic, reading the royal will and testament to the crowds in Cetinje Square, who carried flags and portraits of Nicholas and his queen, Milena.","‘If I die abroad in exile, let my body rest in a temporary grave until my mortal remains be transferred to our dear homeland,’ said the Montenegrin President, Branko Kostic, reading the royal request and testament to the crowds in Cetinje Square, who carried flags and portraits of Nicholas and his queen, Milena.","‘If I die abroad in exile, let my body rest in a temporary grave until my mortal remains be transferred to our dear homeland,’ said the Montenegrin President, Branko Kostic, reading the royal intent and testament to the crowds in Cetinje Square, who carried flags and portraits of Nicholas and his queen, Milena.",will,request,intent,192,196,199,198,and,testament,to, and testament to,"‘If I die abroad in exile, let my body rest in a temporary grave until my mortal remains be transferred to our dear homeland,’ said the Montenegrin President, Branko Kostic, reading the royal will and testament to","‘If I die abroad in exile, let my body rest in a temporary grave until my mortal remains be transferred to our dear homeland,’ said the Montenegrin President, Branko Kostic, reading the royal request and testament to","‘If I die abroad in exile, let my body rest in a temporary grave until my mortal remains be transferred to our dear homeland,’ said the Montenegrin President, Branko Kostic, reading the royal intent and testament to"
munch-judgement-37,37,197,a1g-fragment27-423,NEWS,0.118,This furthered his long-term ambition to rule a large ‘south Slav’ kingdom when the Ottoman Empire finally collapsed.,This furthered his long-term ambition to control a large ‘south Slav’ kingdom when the Ottoman Empire finally collapsed.,This furthered his long-term ambition to draw a large ‘south Slav’ kingdom when the Ottoman Empire finally collapsed.,rule,control,draw,41,45,48,45,a,large,‘south, a large ‘south,This furthered his long-term ambition to rule a large ‘south,This furthered his long-term ambition to control a large ‘south,This furthered his long-term ambition to draw a large ‘south
munch-judgement-38,38,200,a1g-fragment27-426,NEWS,0.235,He even persuaded 12 European powers to turn cottages into full embassies.,He even persuaded 12 European authorities to turn cottages into full embassies.,He even persuaded 12 European mights to turn cottages into full embassies.,powers,authorities,mights,30,36,41,36,to,turn,cottages, to turn cottages,He even persuaded 12 European powers to turn cottages,He even persuaded 12 European authorities to turn cottages,He even persuaded 12 European mights to turn cottages
munch-judgement-39,39,200,a1g-fragment27-426,NEWS,0.235,He even persuaded 12 European powers to turn cottages into full embassies.,He even persuaded 12 European authorities to turn cottages into full embassies.,He even persuaded 12 European mightinesses to turn cottages into full embassies.,powers,authorities,mightinesses,30,36,41,42,to,turn,cottages, to turn cottages,He even persuaded 12 European powers to turn cottages,He even persuaded 12 European authorities to turn cottages,He even persuaded 12 European mightinesses to turn cottages
munch-judgement-41,41,202,a1g-fragment27-427,NEWS,0.118,It was a fair achievement in a town which an earlier observer described as ‘44 hovels’.,It was a decent achievement in a town which an earlier observer described as ‘44 hovels’.,It was a bonny achievement in a town which an earlier observer described as ‘44 hovels’.,fair,decent,bonny,9,13,15,14,achievement,in,a, achievement in a,It was a fair achievement in a,It was a decent achievement in a,It was a bonny achievement in a
munch-judgement-42,42,202,a1g-fragment27-427,NEWS,0.118,It was a fair achievement in a town which an earlier observer described as ‘44 hovels’.,It was a decent achievement in a town which an earlier observer described as ‘44 hovels’.,It was a comely achievement in a town which an earlier observer described as ‘44 hovels’.,fair,decent,comely,9,13,15,15,achievement,in,a, achievement in a,It was a fair achievement in a,It was a decent achievement in a,It was a comely achievement in a
munch-judgement-44,44,206,a1h-fragment05-71,NEWS,0.086,"VIRGIL THOMSON was a composer and writer of originality, courage and wit formed by a unique mixture of American and French influences.","VIRGIL THOMSON was a composer and writer of originality, courage and wit formed by a unique blend of American and French influences.","VIRGIL THOMSON was a composer and writer of originality, courage and wit formed by a unique concoction of American and French influences.",mixture,blend,concoction,92,99,97,102,of,American,and, of American and,"VIRGIL THOMSON was a composer and writer of originality, courage and wit formed by a unique mixture of American and","VIRGIL THOMSON was a composer and writer of originality, courage and wit formed by a unique blend of American and","VIRGIL THOMSON was a composer and writer of originality, courage and wit formed by a unique concoction of American and"
munch-judgement-45,45,210,a1h-fragment05-73,NEWS,-0.139,"His Missouri childhood gave him access to Baptist hymns and church music, but at Harvard he was introduced to the writings of Gertrude Stein and the music of Erik Satie.","His Missouri childhood gave him access to Baptist hymns and church music, but at Harvard he was exposed to the writings of Gertrude Stein and the music of Erik Satie.","His Missouri childhood gave him access to Baptist hymns and church music, but at Harvard he was presented to the writings of Gertrude Stein and the music of Erik Satie.",introduced,exposed,presented,96,106,103,105,to,the,writings, to the writings,"His Missouri childhood gave him access to Baptist hymns and church music, but at Harvard he was introduced to the writings","His Missouri childhood gave him access to Baptist hymns and church music, but at Harvard he was exposed to the writings","His Missouri childhood gave him access to Baptist hymns and church music, but at Harvard he was presented to the writings"
munch-judgement-46,46,214,a1h-fragment05-74,NEWS,0.5,These influences laid the foundations for the blend of the naive and the sophisticated which is the hallmark of Thomson's maturity.,These influences laid the foundations for the blend of the naive and the sophisticated which is the trademark of Thomson's maturity.,These influences laid the foundations for the blend of the naive and the sophisticated which is the authentication of Thomson's maturity.,hallmark,trademark,authentication,100,108,109,114,of,Thomson's,maturity., of Thomson's maturity.,These influences laid the foundations for the blend of the naive and the sophisticated which is the hallmark of Thomson's maturity.,These influences laid the foundations for the blend of the naive and the sophisticated which is the trademark of Thomson's maturity.,These influences laid the foundations for the blend of the naive and the sophisticated which is the authentication of Thomson's maturity.
munch-judgement-47,47,223,a1h-fragment05-77,NEWS,-0.2,"First came Four Saints in Three Acts, produced in 1934, and then The Mother of Us All (1947), which demonstrated a new kind of plotless opera only now reaching a wider currency through the stage works of Philip Glass.","First came Four Saints in Three Acts, produced in 1934, and then The Mother of Us All (1947), which demonstrated a new kind of plotless opera only now attaining a wider currency through the stage works of Philip Glass.","First came Four Saints in Three Acts, produced in 1934, and then The Mother of Us All (1947), which demonstrated a new kind of plotless opera only now touching a wider currency through the stage works of Philip Glass.",reaching,attaining,touching,151,159,160,159,a,wider,currency, a wider currency,"First came Four Saints in Three Acts, produced in 1934, and then The Mother of Us All (1947), which demonstrated a new kind of plotless opera only now reaching a wider currency","First came Four Saints in Three Acts, produced in 1934, and then The Mother of Us All (1947), which demonstrated a new kind of plotless opera only now attaining a wider currency","First came Four Saints in Three Acts, produced in 1934, and then The Mother of Us All (1947), which demonstrated a new kind of plotless opera only now touching a wider currency"
munch-judgement-49,49,237,a1h-fragment05-80,NEWS,0.242,"But the resulting mixture of hymns, folksy tunes and recitatives — at times of intoxicating banality — was a sensation.","But the resulting combination of hymns, folksy tunes and recitatives — at times of intoxicating banality — was a sensation.","But the resulting concoction of hymns, folksy tunes and recitatives — at times of intoxicating banality — was a sensation.",mixture,combination,concoction,18,25,29,28,of,"hymns,",folksy," of hymns, folksy","But the resulting mixture of hymns, folksy","But the resulting combination of hymns, folksy","But the resulting concoction of hymns, folksy"
munch-judgement-50,50,243,a1h-fragment05-81,NEWS,0.216,"The opera, like Gershwin's Porgy and Bess the following year, used an all-Black cast and the staging and choreography gave it a British connection since it was by Frederick Ashton.","The opera, like Gershwin's Porgy and Bess the following year, used an all-Black cast and the staging and choreography gave it a British association since it was by Frederick Ashton.","The opera, like Gershwin's Porgy and Bess the following year, used an all-Black cast and the staging and choreography gave it a British link since it was by Frederick Ashton.",connection,association,link,136,146,147,140,since,it,was, since it was,"The opera, like Gershwin's Porgy and Bess the following year, used an all-Black cast and the staging and choreography gave it a British connection since it was","The opera, like Gershwin's Porgy and Bess the following year, used an all-Black cast and the staging and choreography gave it a British association since it was","The opera, like Gershwin's Porgy and Bess the following year, used an all-Black cast and the staging and choreography gave it a British link since it was"
munch-judgement-51,51,256,a1h-fragment05-87,NEWS,0.2,"Just as Thomson transferred Stein's literary abstraction to music, so these portraits unusually employ the painter's technique of drawing the sitter from life: an ideal combination of Thomson's habit of immediate response with an actual subject.","Just as Thomson transposed Stein's literary abstraction to music, so these portraits unusually employ the painter's technique of drawing the sitter from life: an ideal combination of Thomson's habit of immediate response with an actual subject.","Just as Thomson moved Stein's literary abstraction to music, so these portraits unusually employ the painter's technique of drawing the sitter from life: an ideal combination of Thomson's habit of immediate response with an actual subject.",transferred,transposed,moved,16,27,26,21,Stein's,literary,abstraction, Stein's literary abstraction,Just as Thomson transferred Stein's literary abstraction,Just as Thomson transposed Stein's literary abstraction,Just as Thomson moved Stein's literary abstraction
munch-judgement-52,52,269,a1h-fragment05-90,NEWS,-0.206,"He always felt that effective musical criticism began by being well written, and he never lost his liveliness.","He always believed that effective musical criticism began by being well written, and he never lost his liveliness.","He always experienced that effective musical criticism began by being well written, and he never lost his liveliness.",felt,believed,experienced,10,14,18,21,that,effective,musical, that effective musical,He always felt that effective musical,He always believed that effective musical,He always experienced that effective musical
munch-judgement-53,53,269,a1h-fragment05-90,NEWS,-0.206,"He always felt that effective musical criticism began by being well written, and he never lost his liveliness.","He always believed that effective musical criticism began by being well written, and he never lost his liveliness.","He always sensed that effective musical criticism began by being well written, and he never lost his liveliness.",felt,believed,sensed,10,14,18,16,that,effective,musical, that effective musical,He always felt that effective musical,He always believed that effective musical,He always sensed that effective musical
munch-judgement-55,55,274,a1h-fragment05-93,NEWS,0.088,From 1940 to 1954 he wrote regularly for the New York Herald Tribune and four volumes of his notices have appeared in book form.,From 1940 to 1954 he wrote regularly for the New York Herald Tribune and four volumes of his pieces have appeared in book form.,From 1940 to 1954 he wrote regularly for the New York Herald Tribune and four volumes of his observations have appeared in book form.,notices,pieces,observations,93,100,99,105,have,appeared,in, have appeared in,From 1940 to 1954 he wrote regularly for the New York Herald Tribune and four volumes of his notices have appeared in,From 1940 to 1954 he wrote regularly for the New York Herald Tribune and four volumes of his pieces have appeared in,From 1940 to 1954 he wrote regularly for the New York Herald Tribune and four volumes of his observations have appeared in
munch-judgement-56,56,274,a1h-fragment05-93,NEWS,0.088,From 1940 to 1954 he wrote regularly for the New York Herald Tribune and four volumes of his notices have appeared in book form.,From 1940 to 1954 he wrote regularly for the New York Herald Tribune and four volumes of his pieces have appeared in book form.,From 1940 to 1954 he wrote regularly for the New York Herald Tribune and four volumes of his observances have appeared in book form.,notices,pieces,observances,93,100,99,104,have,appeared,in, have appeared in,From 1940 to 1954 he wrote regularly for the New York Herald Tribune and four volumes of his notices have appeared in,From 1940 to 1954 he wrote regularly for the New York Herald Tribune and four volumes of his pieces have appeared in,From 1940 to 1954 he wrote regularly for the New York Herald Tribune and four volumes of his observances have appeared in
munch-judgement-64,64,289,a1h-fragment05-99,NEWS,0.265,"He made no secret of his Francophile enthusiasms, in reaction to the earlier domination of American music by Germans, and he was one of the first writers to register the importance of jazz.","He made no secret of his Francophile enthusiasms, in reaction to the earlier domination of American music by Germans, and he was one of the first writers to note the importance of jazz.","He made no secret of his Francophile enthusiasms, in reaction to the earlier domination of American music by Germans, and he was one of the first writers to file the importance of jazz.",register,note,file,157,165,161,161,the,importance,of, the importance of,"He made no secret of his Francophile enthusiasms, in reaction to the earlier domination of American music by Germans, and he was one of the first writers to register the importance of","He made no secret of his Francophile enthusiasms, in reaction to the earlier domination of American music by Germans, and he was one of the first writers to note the importance of","He made no secret of his Francophile enthusiasms, in reaction to the earlier domination of American music by Germans, and he was one of the first writers to file the importance of"
munch-judgement-65,65,345,a1h-fragment06-129,NEWS,0.059,He sat on the appropriate boards of the International Olympic Committee and was President of the General Assembly of International Sports Federations for 17 years.,He sat on the appropriate panels of the International Olympic Committee and was President of the General Assembly of International Sports Federations for 17 years.,He sat on the appropriate planks of the International Olympic Committee and was President of the General Assembly of International Sports Federations for 17 years.,boards,panels,planks,26,32,32,32,of,the,International, of the International,He sat on the appropriate boards of the International,He sat on the appropriate panels of the International,He sat on the appropriate planks of the International
munch-judgement-66,66,357,a1h-fragment06-133,NEWS,0.206,"Keller was made a Steward of Henley Royal Regatta in 1976, a time when the proliferation of new six-lane, still-water courses around the world, which had emerged under his guidance, seemed a threat to the regatta founded in 1829.","Keller was made a Steward of Henley Royal Regatta in 1976, a time when the proliferation of new six-lane, still-water conduits around the world, which had emerged under his guidance, seemed a threat to the regatta founded in 1829.","Keller was made a Steward of Henley Royal Regatta in 1976, a time when the proliferation of new six-lane, still-water paths around the world, which had emerged under his guidance, seemed a threat to the regatta founded in 1829.",courses,conduits,paths,118,125,126,123,around,the,"world,"," around the world,","Keller was made a Steward of Henley Royal Regatta in 1976, a time when the proliferation of new six-lane, still-water courses around the world,","Keller was made a Steward of Henley Royal Regatta in 1976, a time when the proliferation of new six-lane, still-water conduits around the world,","Keller was made a Steward of Henley Royal Regatta in 1976, a time when the proliferation of new six-lane, still-water paths around the world,"
munch-judgement-67,67,403,a1j-fragment33-499,NEWS,0.303,The only department which explicitly escapes unscathed is the one which Conservatives would most like to abolish: the Department of Energy.,The only department which explicitly leaves unscathed is the one which Conservatives would most like to abolish: the Department of Energy.,The only department which explicitly flees unscathed is the one which Conservatives would most like to abolish: the Department of Energy.,escapes,leaves,flees,37,44,43,42,unscathed,is,the, unscathed is the,The only department which explicitly escapes unscathed is the,The only department which explicitly leaves unscathed is the,The only department which explicitly flees unscathed is the
munch-judgement-68,68,403,a1j-fragment33-499,NEWS,0.303,The only department which explicitly escapes unscathed is the one which Conservatives would most like to abolish: the Department of Energy.,The only department which explicitly leaves unscathed is the one which Conservatives would most like to abolish: the Department of Energy.,The only department which explicitly flies unscathed is the one which Conservatives would most like to abolish: the Department of Energy.,escapes,leaves,flies,37,44,43,42,unscathed,is,the, unscathed is the,The only department which explicitly escapes unscathed is the,The only department which explicitly leaves unscathed is the,The only department which explicitly flies unscathed is the
munch-judgement-70,70,406,a1j-fragment33-500,NEWS,-0.111,"In virtually every case the aim of causing upheaval is explicitly declared, because Labour's aim would be to upset the bureaucratic order it inherits.","In virtually every case the aim of causing upheaval is explicitly declared, because Labour's aim would be to disrupt the bureaucratic order it inherits.","In virtually every case the aim of causing upheaval is explicitly declared, because Labour's aim would be to overturn the bureaucratic order it inherits.",upset,disrupt,overturn,109,114,116,117,the,bureaucratic,order, the bureaucratic order,"In virtually every case the aim of causing upheaval is explicitly declared, because Labour's aim would be to upset the bureaucratic order","In virtually every case the aim of causing upheaval is explicitly declared, because Labour's aim would be to disrupt the bureaucratic order","In virtually every case the aim of causing upheaval is explicitly declared, because Labour's aim would be to overturn the bureaucratic order"
munch-judgement-72,72,428,a1j-fragment33-507,NEWS,0.206,Labour policy has long sought to challenge the Treasury's dominance in government.,Labour policy has long sought to confront the Treasury's dominance in government.,Labour policy has long sought to invite the Treasury's dominance in government.,challenge,confront,invite,33,42,41,39,the,Treasury's,dominance, the Treasury's dominance,Labour policy has long sought to challenge the Treasury's dominance,Labour policy has long sought to confront the Treasury's dominance,Labour policy has long sought to invite the Treasury's dominance
munch-judgement-73,73,452,a1j-fragment33-516,NEWS,0.161,"While new departments are born and others extended, one of the oldest — the Home Office — would become a shadow of its present self.","While new departments are born and others extended, one of the oldest — the Home Office — would become a remnant of its present self.","While new departments are born and others extended, one of the oldest — the Home Office — would become a shade of its present self.",shadow,remnant,shade,105,111,112,110,of,its,present, of its present,"While new departments are born and others extended, one of the oldest — the Home Office — would become a shadow of its present","While new departments are born and others extended, one of the oldest — the Home Office — would become a remnant of its present","While new departments are born and others extended, one of the oldest — the Home Office — would become a shade of its present"
munch-judgement-74,74,490,a1j-fragment34-535,NEWS,0.114,AN IMPASSIONED appeal for Labour to back electoral reform was made by a leading Shadow Cabinet member yesterday after the national executive decided overwhelmingly to oppose a proportional representation motion.,AN IMPASSIONED appeal for Labour to back electoral reform was made by a leading Shadow Cabinet member yesterday after the national executive decided overwhelmingly to deny a proportional representation motion.,AN IMPASSIONED appeal for Labour to back electoral reform was made by a leading Shadow Cabinet member yesterday after the national executive decided overwhelmingly to counterbalance a proportional representation motion.,oppose,deny,counterbalance,167,173,171,181,a,proportional,representation, a proportional representation,AN IMPASSIONED appeal for Labour to back electoral reform was made by a leading Shadow Cabinet member yesterday after the national executive decided overwhelmingly to oppose a proportional representation,AN IMPASSIONED appeal for Labour to back electoral reform was made by a leading Shadow Cabinet member yesterday after the national executive decided overwhelmingly to deny a proportional representation,AN IMPASSIONED appeal for Labour to back electoral reform was made by a leading Shadow Cabinet member yesterday after the national executive decided overwhelmingly to counterbalance a proportional representation
munch-judgement-75,75,493,a1j-fragment34-536,NEWS,0.0,"Robin Cook, a member of the national executive and the health spokesman, said that a Labour government which sought to force its programme on an unwilling nation would be unsocialist.","Robin Cook, a member of the national executive and the health spokesman, said that a Labour government which sought to instill its programme on an unwilling nation would be unsocialist.","Robin Cook, a member of the national executive and the health spokesman, said that a Labour government which sought to push its programme on an unwilling nation would be unsocialist.",force,instill,push,119,124,126,123,its,programme,on, its programme on,"Robin Cook, a member of the national executive and the health spokesman, said that a Labour government which sought to force its programme on","Robin Cook, a member of the national executive and the health spokesman, said that a Labour government which sought to instill its programme on","Robin Cook, a member of the national executive and the health spokesman, said that a Labour government which sought to push its programme on"
munch-judgement-76,76,496,a1j-fragment34-538,NEWS,0.281,"It would also be necessary ‘to smash the decrepit, effete constitution that allows a minority to capture power, and then use it ruthlessly in the interests of the privileged few’.","It would also be necessary ‘to smash the dilapidated, effete constitution that allows a minority to capture power, and then use it ruthlessly in the interests of the privileged few’.","It would also be necessary ‘to smash the creaky, effete constitution that allows a minority to capture power, and then use it ruthlessly in the interests of the privileged few’.",decrepit,dilapidated,creaky,41,49,52,47,effete,constitution,that,", effete constitution that","It would also be necessary ‘to smash the decrepit, effete constitution that","It would also be necessary ‘to smash the dilapidated, effete constitution that","It would also be necessary ‘to smash the creaky, effete constitution that"
munch-judgement-77,77,496,a1j-fragment34-538,NEWS,0.281,"It would also be necessary ‘to smash the decrepit, effete constitution that allows a minority to capture power, and then use it ruthlessly in the interests of the privileged few’.","It would also be necessary ‘to smash the dilapidated, effete constitution that allows a minority to capture power, and then use it ruthlessly in the interests of the privileged few’.","It would also be necessary ‘to smash the flea-bitten, effete constitution that allows a minority to capture power, and then use it ruthlessly in the interests of the privileged few’.",decrepit,dilapidated,flea-bitten,41,49,52,52,effete,constitution,that,", effete constitution that","It would also be necessary ‘to smash the decrepit, effete constitution that","It would also be necessary ‘to smash the dilapidated, effete constitution that","It would also be necessary ‘to smash the flea-bitten, effete constitution that"
munch-judgement-78,78,496,a1j-fragment34-538,NEWS,0.281,"It would also be necessary ‘to smash the decrepit, effete constitution that allows a minority to capture power, and then use it ruthlessly in the interests of the privileged few’.","It would also be necessary ‘to smash the dilapidated, effete constitution that allows a minority to capture power, and then use it ruthlessly in the interests of the privileged few’.","It would also be necessary ‘to smash the run-down, effete constitution that allows a minority to capture power, and then use it ruthlessly in the interests of the privileged few’.",decrepit,dilapidated,run-down,41,49,52,49,effete,constitution,that,", effete constitution that","It would also be necessary ‘to smash the decrepit, effete constitution that","It would also be necessary ‘to smash the dilapidated, effete constitution that","It would also be necessary ‘to smash the run-down, effete constitution that"
munch-judgement-82,82,505,a1j-fragment34-539,NEWS,0.129,"Mr Cook argued that 10 years of Thatcherism had been forced on most people, who had never voted Conservative, and that many of those who opposed PR in the Labour Party wanted to use the same undemocratic power ‘to ram socialism down the throats of a majority who didn't vote for it’.","Mr Cook argued that 10 years of Thatcherism had been forced on most people, who had never voted Conservative, and that many of those who opposed PR in the Labour Party wanted to use the same undemocratic force ‘to ram socialism down the throats of a majority who didn't vote for it’.","Mr Cook argued that 10 years of Thatcherism had been forced on most people, who had never voted Conservative, and that many of those who opposed PR in the Labour Party wanted to use the same undemocratic mightiness ‘to ram socialism down the throats of a majority who didn't vote for it’.",power,force,mightiness,204,209,209,214,‘to,ram,socialism, ‘to ram socialism,"Mr Cook argued that 10 years of Thatcherism had been forced on most people, who had never voted Conservative, and that many of those who opposed PR in the Labour Party wanted to use the same undemocratic power ‘to ram socialism","Mr Cook argued that 10 years of Thatcherism had been forced on most people, who had never voted Conservative, and that many of those who opposed PR in the Labour Party wanted to use the same undemocratic force ‘to ram socialism","Mr Cook argued that 10 years of Thatcherism had been forced on most people, who had never voted Conservative, and that many of those who opposed PR in the Labour Party wanted to use the same undemocratic mightiness ‘to ram socialism"
munch-judgement-89,89,524,a1j-fragment34-544,NEWS,-0.062,"It seemed strange to make that argument, Mr Cook said, when it was clear the whole policy review process was designed to placate the centre ground.","It seemed strange to make that argument, Mr Cook said, when it was obvious the whole policy review process was designed to placate the centre ground.","It seemed strange to make that argument, Mr Cook said, when it was open the whole policy review process was designed to placate the centre ground.",clear,obvious,open,67,72,74,71,the,whole,policy, the whole policy,"It seemed strange to make that argument, Mr Cook said, when it was clear the whole policy","It seemed strange to make that argument, Mr Cook said, when it was obvious the whole policy","It seemed strange to make that argument, Mr Cook said, when it was open the whole policy"
munch-judgement-90,90,546,a1j-fragment34-552,NEWS,0.032,The only way to remove the Government was for Labour to win the next general election.,The only way to eliminate the Government was for Labour to win the next general election.,The only way to take the Government was for Labour to win the next general election.,remove,eliminate,take,16,22,25,20,the,Government,was, the Government was,The only way to remove the Government was,The only way to eliminate the Government was,The only way to take the Government was
munch-judgement-91,91,546,a1j-fragment34-552,NEWS,0.032,The only way to remove the Government was for Labour to win the next general election.,The only way to eliminate the Government was for Labour to win the next general election.,The only way to withdraw the Government was for Labour to win the next general election.,remove,eliminate,withdraw,16,22,25,24,the,Government,was, the Government was,The only way to remove the Government was,The only way to eliminate the Government was,The only way to withdraw the Government was
munch-judgement-103,103,558,a1j-fragment34-556,NEWS,0.029,The executive is recommending rejection of a motion calling for unilateral disarmament.,The executive is suggesting rejection of a motion calling for unilateral disarmament.,The executive is commending rejection of a motion calling for unilateral disarmament.,recommending,suggesting,commending,17,29,27,27,rejection,of,a, rejection of a,The executive is recommending rejection of a,The executive is suggesting rejection of a,The executive is commending rejection of a
munch-judgement-104,104,562,a1j-fragment34-557,NEWS,0.03,"It is also urging the conference to oppose a motion, supported by the National Union of Mineworkers, to commit a Labour government to abolishing all nuclear power within 15 years.","It is also urging the conference to oppose a motion, backed by the National Union of Mineworkers, to commit a Labour government to abolishing all nuclear power within 15 years.","It is also urging the conference to oppose a motion, held by the National Union of Mineworkers, to commit a Labour government to abolishing all nuclear power within 15 years.",supported,backed,held,53,62,59,57,by,the,National, by the National,"It is also urging the conference to oppose a motion, supported by the National","It is also urging the conference to oppose a motion, backed by the National","It is also urging the conference to oppose a motion, held by the National"
munch-judgement-105,105,562,a1j-fragment34-557,NEWS,0.03,"It is also urging the conference to oppose a motion, supported by the National Union of Mineworkers, to commit a Labour government to abolishing all nuclear power within 15 years.","It is also urging the conference to oppose a motion, backed by the National Union of Mineworkers, to commit a Labour government to abolishing all nuclear power within 15 years.","It is also urging the conference to oppose a motion, sustained by the National Union of Mineworkers, to commit a Labour government to abolishing all nuclear power within 15 years.",supported,backed,sustained,53,62,59,62,by,the,National, by the National,"It is also urging the conference to oppose a motion, supported by the National","It is also urging the conference to oppose a motion, backed by the National","It is also urging the conference to oppose a motion, sustained by the National"
munch-judgement-107,107,570,a1k-fragment02-30,NEWS,-0.182,GENERAL TIPS A general rule for pub rock patrons is that the quality of music will be in inverse proportion to the quality of the beer (except at Finsbury Park's Sir George Robey where an excellent music policy comes complete with a decent pint of Guinness).,GENERAL TIPS A general guideline for pub rock patrons is that the quality of music will be in inverse proportion to the quality of the beer (except at Finsbury Park's Sir George Robey where an excellent music policy comes complete with a decent pint of Guinness).,GENERAL TIPS A general ruler for pub rock patrons is that the quality of music will be in inverse proportion to the quality of the beer (except at Finsbury Park's Sir George Robey where an excellent music policy comes complete with a decent pint of Guinness).,rule,guideline,ruler,23,27,32,28,for,pub,rock, for pub rock,GENERAL TIPS A general rule for pub rock,GENERAL TIPS A general guideline for pub rock,GENERAL TIPS A general ruler for pub rock
munch-judgement-108,108,593,a1k-fragment02-39,NEWS,0.176,"PLAYING THIS WEEK TONIGHT Bop Brothers Blues Band The plethora of litigation surrounding Blues Brothers lookalikes almost matches that attached to the release of Wired, the unofficial biography of the original brother, John Belushi.","PLAYING THIS WEEK TONIGHT Bop Brothers Blues Band The plethora of litigation surrounding Blues Brothers lookalikes almost matches that attached to the launch of Wired, the unofficial biography of the original brother, John Belushi.","PLAYING THIS WEEK TONIGHT Bop Brothers Blues Band The plethora of litigation surrounding Blues Brothers lookalikes almost matches that attached to the liberation of Wired, the unofficial biography of the original brother, John Belushi.",release,launch,liberation,151,158,157,161,of,"Wired,",the," of Wired, the","PLAYING THIS WEEK TONIGHT Bop Brothers Blues Band The plethora of litigation surrounding Blues Brothers lookalikes almost matches that attached to the release of Wired, the","PLAYING THIS WEEK TONIGHT Bop Brothers Blues Band The plethora of litigation surrounding Blues Brothers lookalikes almost matches that attached to the launch of Wired, the","PLAYING THIS WEEK TONIGHT Bop Brothers Blues Band The plethora of litigation surrounding Blues Brothers lookalikes almost matches that attached to the liberation of Wired, the"
munch-judgement-109,109,593,a1k-fragment02-39,NEWS,0.176,"PLAYING THIS WEEK TONIGHT Bop Brothers Blues Band The plethora of litigation surrounding Blues Brothers lookalikes almost matches that attached to the release of Wired, the unofficial biography of the original brother, John Belushi.","PLAYING THIS WEEK TONIGHT Bop Brothers Blues Band The plethora of litigation surrounding Blues Brothers lookalikes almost matches that attached to the launch of Wired, the unofficial biography of the original brother, John Belushi.","PLAYING THIS WEEK TONIGHT Bop Brothers Blues Band The plethora of litigation surrounding Blues Brothers lookalikes almost matches that attached to the freeing of Wired, the unofficial biography of the original brother, John Belushi.",release,launch,freeing,151,158,157,158,of,"Wired,",the," of Wired, the","PLAYING THIS WEEK TONIGHT Bop Brothers Blues Band The plethora of litigation surrounding Blues Brothers lookalikes almost matches that attached to the release of Wired, the","PLAYING THIS WEEK TONIGHT Bop Brothers Blues Band The plethora of litigation surrounding Blues Brothers lookalikes almost matches that attached to the launch of Wired, the","PLAYING THIS WEEK TONIGHT Bop Brothers Blues Band The plethora of litigation surrounding Blues Brothers lookalikes almost matches that attached to the freeing of Wired, the"
munch-judgement-111,111,657,a1l-fragment01-8,NEWS,0.278,"The husband-and-wife partnership behind such classics as The Jolly Postman, Burglar Bill and The Baby's Catalogue win children over with ripping yarns and a wicked sense of humour.","The husband-and-wife partnership behind such classics as The Jolly Postman, Burglar Bill and The Baby's Catalogue win children over with ripping yarns and a playful sense of humour.","The husband-and-wife partnership behind such classics as The Jolly Postman, Burglar Bill and The Baby's Catalogue win children over with ripping yarns and a sinful sense of humour.",wicked,playful,sinful,157,163,164,163,sense,of,humour., sense of humour.,"The husband-and-wife partnership behind such classics as The Jolly Postman, Burglar Bill and The Baby's Catalogue win children over with ripping yarns and a wicked sense of humour.","The husband-and-wife partnership behind such classics as The Jolly Postman, Burglar Bill and The Baby's Catalogue win children over with ripping yarns and a playful sense of humour.","The husband-and-wife partnership behind such classics as The Jolly Postman, Burglar Bill and The Baby's Catalogue win children over with ripping yarns and a sinful sense of humour."
munch-judgement-112,112,657,a1l-fragment01-8,NEWS,0.278,"The husband-and-wife partnership behind such classics as The Jolly Postman, Burglar Bill and The Baby's Catalogue win children over with ripping yarns and a wicked sense of humour.","The husband-and-wife partnership behind such classics as The Jolly Postman, Burglar Bill and The Baby's Catalogue win children over with ripping yarns and a playful sense of humour.","The husband-and-wife partnership behind such classics as The Jolly Postman, Burglar Bill and The Baby's Catalogue win children over with ripping yarns and a unholy sense of humour.",wicked,playful,unholy,157,163,164,163,sense,of,humour., sense of humour.,"The husband-and-wife partnership behind such classics as The Jolly Postman, Burglar Bill and The Baby's Catalogue win children over with ripping yarns and a wicked sense of humour.","The husband-and-wife partnership behind such classics as The Jolly Postman, Burglar Bill and The Baby's Catalogue win children over with ripping yarns and a playful sense of humour.","The husband-and-wife partnership behind such classics as The Jolly Postman, Burglar Bill and The Baby's Catalogue win children over with ripping yarns and a unholy sense of humour."
munch-judgement-117,117,675,a1l-fragment01-17,NEWS,-0.176,"The way to look at Bye Bye Baby, they insist, is as a ‘light, surreal comedy’.","The manner to look at Bye Bye Baby, they insist, is as a ‘light, surreal comedy’.","The direction to look at Bye Bye Baby, they insist, is as a ‘light, surreal comedy’.",way,manner,direction,4,7,10,13,to,look,at, to look at,The way to look at,The manner to look at,The direction to look at
munch-judgement-118,118,683,a1l-fragment01-20,NEWS,-0.156,"The visual inspiration for the book was the famous advert for Start-rite shoes, showing a small boy and girl walking off down a tree-lined avenue — an innocent image if ever there was one.","The visual inspiration for the book was the famous advert for Start-rite shoes, depicting a small boy and girl walking off down a tree-lined avenue — an innocent image if ever there was one.","The visual inspiration for the book was the famous advert for Start-rite shoes, demoing a small boy and girl walking off down a tree-lined avenue — an innocent image if ever there was one.",showing,depicting,demoing,80,87,89,87,a,small,boy, a small boy,"The visual inspiration for the book was the famous advert for Start-rite shoes, showing a small boy","The visual inspiration for the book was the famous advert for Start-rite shoes, depicting a small boy","The visual inspiration for the book was the famous advert for Start-rite shoes, demoing a small boy"
munch-judgement-119,119,683,a1l-fragment01-20,NEWS,-0.156,"The visual inspiration for the book was the famous advert for Start-rite shoes, showing a small boy and girl walking off down a tree-lined avenue — an innocent image if ever there was one.","The visual inspiration for the book was the famous advert for Start-rite shoes, depicting a small boy and girl walking off down a tree-lined avenue — an innocent image if ever there was one.","The visual inspiration for the book was the famous advert for Start-rite shoes, demonstrating a small boy and girl walking off down a tree-lined avenue — an innocent image if ever there was one.",showing,depicting,demonstrating,80,87,89,93,a,small,boy, a small boy,"The visual inspiration for the book was the famous advert for Start-rite shoes, showing a small boy","The visual inspiration for the book was the famous advert for Start-rite shoes, depicting a small boy","The visual inspiration for the book was the famous advert for Start-rite shoes, demonstrating a small boy"
munch-judgement-122,122,752,a1m-fragment01-12,NEWS,0.094,"He reckons there are no shortages of possible uses — farmers can use it to do their accounts, women with child-care responsibilities can work in their own time on the word processors, publicity material for local craftsmen can be produced and so on.","He reckons there are no shortages of possible uses — farmers can use it to do their accounts, women with child-care responsibilities can work in their own time on the word processors, publicity paraphernalia for local craftsmen can be produced and so on.","He reckons there are no shortages of possible uses — farmers can use it to do their accounts, women with child-care responsibilities can work in their own time on the word processors, publicity fabric for local craftsmen can be produced and so on.",material,paraphernalia,fabric,194,202,207,200,for,local,craftsmen, for local craftsmen,"He reckons there are no shortages of possible uses — farmers can use it to do their accounts, women with child-care responsibilities can work in their own time on the word processors, publicity material for local craftsmen","He reckons there are no shortages of possible uses — farmers can use it to do their accounts, women with child-care responsibilities can work in their own time on the word processors, publicity paraphernalia for local craftsmen","He reckons there are no shortages of possible uses — farmers can use it to do their accounts, women with child-care responsibilities can work in their own time on the word processors, publicity fabric for local craftsmen"
munch-judgement-123,123,752,a1m-fragment01-12,NEWS,0.094,"He reckons there are no shortages of possible uses — farmers can use it to do their accounts, women with child-care responsibilities can work in their own time on the word processors, publicity material for local craftsmen can be produced and so on.","He reckons there are no shortages of possible uses — farmers can use it to do their accounts, women with child-care responsibilities can work in their own time on the word processors, publicity paraphernalia for local craftsmen can be produced and so on.","He reckons there are no shortages of possible uses — farmers can use it to do their accounts, women with child-care responsibilities can work in their own time on the word processors, publicity cloth for local craftsmen can be produced and so on.",material,paraphernalia,cloth,194,202,207,199,for,local,craftsmen, for local craftsmen,"He reckons there are no shortages of possible uses — farmers can use it to do their accounts, women with child-care responsibilities can work in their own time on the word processors, publicity material for local craftsmen","He reckons there are no shortages of possible uses — farmers can use it to do their accounts, women with child-care responsibilities can work in their own time on the word processors, publicity paraphernalia for local craftsmen","He reckons there are no shortages of possible uses — farmers can use it to do their accounts, women with child-care responsibilities can work in their own time on the word processors, publicity cloth for local craftsmen"
munch-judgement-124,124,752,a1m-fragment01-12,NEWS,0.094,"He reckons there are no shortages of possible uses — farmers can use it to do their accounts, women with child-care responsibilities can work in their own time on the word processors, publicity material for local craftsmen can be produced and so on.","He reckons there are no shortages of possible uses — farmers can use it to do their accounts, women with child-care responsibilities can work in their own time on the word processors, publicity paraphernalia for local craftsmen can be produced and so on.","He reckons there are no shortages of possible uses — farmers can use it to do their accounts, women with child-care responsibilities can work in their own time on the word processors, publicity textile for local craftsmen can be produced and so on.",material,paraphernalia,textile,194,202,207,201,for,local,craftsmen, for local craftsmen,"He reckons there are no shortages of possible uses — farmers can use it to do their accounts, women with child-care responsibilities can work in their own time on the word processors, publicity material for local craftsmen","He reckons there are no shortages of possible uses — farmers can use it to do their accounts, women with child-care responsibilities can work in their own time on the word processors, publicity paraphernalia for local craftsmen","He reckons there are no shortages of possible uses — farmers can use it to do their accounts, women with child-care responsibilities can work in their own time on the word processors, publicity textile for local craftsmen"
munch-judgement-128,128,753,a1m-fragment01-12,NEWS,0.029,"He reckons there are no shortages of possible uses — farmers can use it to do their accounts, women with child-care responsibilities can work in their own time on the word processors, publicity material for local craftsmen can be produced and so on.","He reckons there are no shortages of possible uses — farmers can use it to do their accounts, women with child-care responsibilities can work in their own time on the word processors, publicity material for local craftsmen can be made and so on.","He reckons there are no shortages of possible uses — farmers can use it to do their accounts, women with child-care responsibilities can work in their own time on the word processors, publicity material for local craftsmen can be created and so on.",produced,made,created,230,238,234,237,and,so,on., and so on.,"He reckons there are no shortages of possible uses — farmers can use it to do their accounts, women with child-care responsibilities can work in their own time on the word processors, publicity material for local craftsmen can be produced and so on.","He reckons there are no shortages of possible uses — farmers can use it to do their accounts, women with child-care responsibilities can work in their own time on the word processors, publicity material for local craftsmen can be made and so on.","He reckons there are no shortages of possible uses — farmers can use it to do their accounts, women with child-care responsibilities can work in their own time on the word processors, publicity material for local craftsmen can be created and so on."
munch-judgement-129,129,759,a1m-fragment01-17,NEWS,0.032,"The impact, according to Henning Albrechsten, president of Telecottages International who has been involved in their development since the outset, was immediate.","The effect, according to Henning Albrechsten, president of Telecottages International who has been involved in their development since the outset, was immediate.","The contact, according to Henning Albrechsten, president of Telecottages International who has been involved in their development since the outset, was immediate.",impact,effect,contact,4,10,10,11,according,to,Henning,", according to Henning","The impact, according to Henning","The effect, according to Henning","The contact, according to Henning"
munch-judgement-130,130,759,a1m-fragment01-17,NEWS,0.032,"The impact, according to Henning Albrechsten, president of Telecottages International who has been involved in their development since the outset, was immediate.","The effect, according to Henning Albrechsten, president of Telecottages International who has been involved in their development since the outset, was immediate.","The striking, according to Henning Albrechsten, president of Telecottages International who has been involved in their development since the outset, was immediate.",impact,effect,striking,4,10,10,12,according,to,Henning,", according to Henning","The impact, according to Henning","The effect, according to Henning","The striking, according to Henning"
munch-judgement-132,132,770,a1m-fragment01-22,NEWS,0.0,The most advanced is a plan for five in the north of Scotland which will be funded by the Highlands and Islands Development Board and British Telecom.,The most advanced is a scheme for five in the north of Scotland which will be funded by the Highlands and Islands Development Board and British Telecom.,The most advanced is a drawing for five in the north of Scotland which will be funded by the Highlands and Islands Development Board and British Telecom.,plan,scheme,drawing,23,27,29,30,for,five,in, for five in,The most advanced is a plan for five in,The most advanced is a scheme for five in,The most advanced is a drawing for five in
munch-judgement-133,133,772,a1m-fragment01-23,NEWS,-0.273,Colin Pavey of British Telecom hopes that they will be running by the end of the year.,Colin Pavey of British Telecom hopes that they will be running by the conclusion of the year.,Colin Pavey of British Telecom hopes that they will be running by the terminal of the year.,end,conclusion,terminal,70,73,80,78,of,the,year., of the year.,Colin Pavey of British Telecom hopes that they will be running by the end of the year.,Colin Pavey of British Telecom hopes that they will be running by the conclusion of the year.,Colin Pavey of British Telecom hopes that they will be running by the terminal of the year.
munch-judgement-134,134,772,a1m-fragment01-23,NEWS,-0.273,Colin Pavey of British Telecom hopes that they will be running by the end of the year.,Colin Pavey of British Telecom hopes that they will be running by the turn of the year.,Colin Pavey of British Telecom hopes that they will be running by the terminal of the year.,end,turn,terminal,70,73,74,78,of,the,year., of the year.,Colin Pavey of British Telecom hopes that they will be running by the end of the year.,Colin Pavey of British Telecom hopes that they will be running by the turn of the year.,Colin Pavey of British Telecom hopes that they will be running by the terminal of the year.
munch-judgement-137,137,809,a1m-fragment01-47,NEWS,0.0,"But the villages are dying, becoming suburbs or dormitories where few people work but many sleep.","But the villages are declining, becoming suburbs or dormitories where few people work but many sleep.","But the villages are going, becoming suburbs or dormitories where few people work but many sleep.",dying,declining,going,21,26,30,26,becoming,suburbs,or,", becoming suburbs or","But the villages are dying, becoming suburbs or","But the villages are declining, becoming suburbs or","But the villages are going, becoming suburbs or"
munch-judgement-138,138,809,a1m-fragment01-47,NEWS,0.0,"But the villages are dying, becoming suburbs or dormitories where few people work but many sleep.","But the villages are declining, becoming suburbs or dormitories where few people work but many sleep.","But the villages are exiting, becoming suburbs or dormitories where few people work but many sleep.",dying,declining,exiting,21,26,30,28,becoming,suburbs,or,", becoming suburbs or","But the villages are dying, becoming suburbs or","But the villages are declining, becoming suburbs or","But the villages are exiting, becoming suburbs or"
munch-judgement-139,139,809,a1m-fragment01-47,NEWS,0.0,"But the villages are dying, becoming suburbs or dormitories where few people work but many sleep.","But the villages are declining, becoming suburbs or dormitories where few people work but many sleep.","But the villages are expiring, becoming suburbs or dormitories where few people work but many sleep.",dying,declining,expiring,21,26,30,29,becoming,suburbs,or,", becoming suburbs or","But the villages are dying, becoming suburbs or","But the villages are declining, becoming suburbs or","But the villages are expiring, becoming suburbs or"
munch-judgement-140,140,809,a1m-fragment01-47,NEWS,0.0,"But the villages are dying, becoming suburbs or dormitories where few people work but many sleep.","But the villages are declining, becoming suburbs or dormitories where few people work but many sleep.","But the villages are choking, becoming suburbs or dormitories where few people work but many sleep.",dying,declining,choking,21,26,30,28,becoming,suburbs,or,", becoming suburbs or","But the villages are dying, becoming suburbs or","But the villages are declining, becoming suburbs or","But the villages are choking, becoming suburbs or"
munch-judgement-149,149,840,a1n-fragment09-201,NEWS,0.281,Rugby Union: Welsh horizon all turns black,Rugby Union: Welsh landscape all turns black,Rugby Union: Welsh skyline all turns black,horizon,landscape,skyline,19,26,28,26,all,turns,black, all turns black,Rugby Union: Welsh horizon all turns black,Rugby Union: Welsh landscape all turns black,Rugby Union: Welsh skyline all turns black
munch-judgement-151,151,882,a1n-fragment09-213,NEWS,0.176,"At Bridgend he looked in despair, and he almost admitted as much: ‘I hope we can pull it together but sometimes I have my doubts.’","At Bridgend he looked in despair, and he almost confessed as much: ‘I hope we can pull it together but sometimes I have my doubts.’","At Bridgend he looked in despair, and he almost intromited as much: ‘I hope we can pull it together but sometimes I have my doubts.’",admitted,confessed,intromited,48,56,57,58,as,much:,‘I, as much: ‘I,"At Bridgend he looked in despair, and he almost admitted as much: ‘I","At Bridgend he looked in despair, and he almost confessed as much: ‘I","At Bridgend he looked in despair, and he almost intromited as much: ‘I"
munch-judgement-152,152,901,a1n-fragment09-221,NEWS,-0.167,The backs were mainly pedestrian but the fundamental problem lay elsewhere.,The rears were mainly pedestrian but the fundamental problem lay elsewhere.,The dorsums were mainly pedestrian but the fundamental problem lay elsewhere.,backs,rears,dorsums,4,9,9,11,were,mainly,pedestrian, were mainly pedestrian,The backs were mainly pedestrian,The rears were mainly pedestrian,The dorsums were mainly pedestrian
munch-judgement-153,153,929,a1n-fragment09-228,NEWS,0.032,"He was scragged by Mike Budd, Jeremy Cooper came away with the ball, Owain Williams acted as the link, and Kevin Ellis scored: three back-row forwards and their scrum-half in perfect harmony.","He was scragged by Mike Budd, Jeremy Cooper came away with the ball, Owain Williams acted as the link, and Kevin Ellis succeeded: three back-row forwards and their scrum-half in perfect harmony.","He was scragged by Mike Budd, Jeremy Cooper came away with the ball, Owain Williams acted as the link, and Kevin Ellis marked: three back-row forwards and their scrum-half in perfect harmony.",scored,succeeded,marked,119,125,128,125,three,back-row,forwards,: three back-row forwards,"He was scragged by Mike Budd, Jeremy Cooper came away with the ball, Owain Williams acted as the link, and Kevin Ellis scored: three back-row forwards","He was scragged by Mike Budd, Jeremy Cooper came away with the ball, Owain Williams acted as the link, and Kevin Ellis succeeded: three back-row forwards","He was scragged by Mike Budd, Jeremy Cooper came away with the ball, Owain Williams acted as the link, and Kevin Ellis marked: three back-row forwards"
munch-judgement-155,155,996,a1n-fragment18-355,NEWS,-0.235,"They ought to have pocketed three points in the first half-hour but Tony Adams, a more threatening centre-forward on his forays than the current Alan Smith, missed the target with two headers and David Rocastle let Dave Beasant save a penalty, much as the stretch-version keeper had done for Wimbledon in the 1988 FA Cup final.","They ought to have pocketed three goals in the first half-hour but Tony Adams, a more threatening centre-forward on his forays than the current Alan Smith, missed the target with two headers and David Rocastle let Dave Beasant save a penalty, much as the stretch-version keeper had done for Wimbledon in the 1988 FA Cup final.","They ought to have pocketed three elements in the first half-hour but Tony Adams, a more threatening centre-forward on his forays than the current Alan Smith, missed the target with two headers and David Rocastle let Dave Beasant save a penalty, much as the stretch-version keeper had done for Wimbledon in the 1988 FA Cup final.",points,goals,elements,34,40,39,42,in,the,first, in the first,They ought to have pocketed three points in the first,They ought to have pocketed three goals in the first,They ought to have pocketed three elements in the first
munch-judgement-156,156,999,a1n-fragment18-355,NEWS,-0.156,"They ought to have pocketed three points in the first half-hour but Tony Adams, a more threatening centre-forward on his forays than the current Alan Smith, missed the target with two headers and David Rocastle let Dave Beasant save a penalty, much as the stretch-version keeper had done for Wimbledon in the 1988 FA Cup final.","They ought to have pocketed three points in the first half-hour but Tony Adams, a more threatening centre-forward on his forays than the current Alan Smith, missed the target with two headers and David Rocastle let Dave Beasant block a penalty, much as the stretch-version keeper had done for Wimbledon in the 1988 FA Cup final.","They ought to have pocketed three points in the first half-hour but Tony Adams, a more threatening centre-forward on his forays than the current Alan Smith, missed the target with two headers and David Rocastle let Dave Beasant preserve a penalty, much as the stretch-version keeper had done for Wimbledon in the 1988 FA Cup final.",save,block,preserve,228,232,233,236,a,"penalty,",much," a penalty, much","They ought to have pocketed three points in the first half-hour but Tony Adams, a more threatening centre-forward on his forays than the current Alan Smith, missed the target with two headers and David Rocastle let Dave Beasant save a penalty, much","They ought to have pocketed three points in the first half-hour but Tony Adams, a more threatening centre-forward on his forays than the current Alan Smith, missed the target with two headers and David Rocastle let Dave Beasant block a penalty, much","They ought to have pocketed three points in the first half-hour but Tony Adams, a more threatening centre-forward on his forays than the current Alan Smith, missed the target with two headers and David Rocastle let Dave Beasant preserve a penalty, much"
munch-judgement-157,157,1039,a1n-fragment18-370,NEWS,-0.118,"It should suit Tony Dorigo, the unblooded England left-back, though oddly his rival, Nigel Winterburn, did more rampaging on Saturday; neither, in truth, made the heart pound.","It should befit Tony Dorigo, the unblooded England left-back, though oddly his rival, Nigel Winterburn, did more rampaging on Saturday; neither, in truth, made the heart pound.","It should become Tony Dorigo, the unblooded England left-back, though oddly his rival, Nigel Winterburn, did more rampaging on Saturday; neither, in truth, made the heart pound.",suit,befit,become,10,14,15,16,Tony,"Dorigo,",the," Tony Dorigo, the","It should suit Tony Dorigo, the","It should befit Tony Dorigo, the","It should become Tony Dorigo, the"
munch-judgement-158,158,1049,a1n-fragment18-373,NEWS,0.121,"There was, however, one aspect that deserves commendation.","There was, however, one facet that deserves commendation.","There was, however, one vista that deserves commendation.",aspect,facet,vista,24,30,29,29,that,deserves,commendation., that deserves commendation.,"There was, however, one aspect that deserves commendation.","There was, however, one facet that deserves commendation.","There was, however, one vista that deserves commendation."
munch-judgement-159,159,1049,a1n-fragment18-373,NEWS,0.121,"There was, however, one aspect that deserves commendation.","There was, however, one facet that deserves commendation.","There was, however, one panorama that deserves commendation.",aspect,facet,panorama,24,30,29,32,that,deserves,commendation., that deserves commendation.,"There was, however, one aspect that deserves commendation.","There was, however, one facet that deserves commendation.","There was, however, one panorama that deserves commendation."
munch-judgement-161,161,1051,a1n-fragment18-374,NEWS,0.222,"After 16 minutes Graham Roberts was injured by a tackle for which Perry Groves was booked (Steve Clarke took over as sweeper, and is likely to have several weeks in which to build on a promising display).","After 16 minutes Graham Roberts was injured by a tackle for which Perry Groves was booked (Steve Clarke took over as defender, and is likely to have several weeks in which to build on a promising display).","After 16 minutes Graham Roberts was injured by a tackle for which Perry Groves was booked (Steve Clarke took over as employee, and is likely to have several weeks in which to build on a promising display).",sweeper,defender,employee,117,124,125,125,and,is,likely,", and is likely","After 16 minutes Graham Roberts was injured by a tackle for which Perry Groves was booked (Steve Clarke took over as sweeper, and is likely","After 16 minutes Graham Roberts was injured by a tackle for which Perry Groves was booked (Steve Clarke took over as defender, and is likely","After 16 minutes Graham Roberts was injured by a tackle for which Perry Groves was booked (Steve Clarke took over as employee, and is likely"
munch-judgement-162,162,1060,a1p-fragment01-4,NEWS,0.212,"But Dr Runcie's ideas of a limited primacy — recognising the Pope as a central figure in the Christian Church, who would exercise ‘a primacy for the sake of unity and mission’ — have been rejected as insufficient by the Pope.","But Dr Runcie's ideas of a limited primacy — recognising the Pope as a central figure in the Christian Church, who would wield ‘a primacy for the sake of unity and mission’ — have been rejected as insufficient by the Pope.","But Dr Runcie's ideas of a limited primacy — recognising the Pope as a central figure in the Christian Church, who would work ‘a primacy for the sake of unity and mission’ — have been rejected as insufficient by the Pope.",exercise,wield,work,121,129,126,125,‘a,primacy,for, ‘a primacy for,"But Dr Runcie's ideas of a limited primacy — recognising the Pope as a central figure in the Christian Church, who would exercise ‘a primacy for","But Dr Runcie's ideas of a limited primacy — recognising the Pope as a central figure in the Christian Church, who would wield ‘a primacy for","But Dr Runcie's ideas of a limited primacy — recognising the Pope as a central figure in the Christian Church, who would work ‘a primacy for"
munch-judgement-163,163,1062,a1p-fragment01-5,NEWS,0.091,"They have also aroused Protestant anger against Dr Runcie, at the same time as he has become involved in a row over his attack on the ‘Pharisees’ of British society.","They have also aroused Protestant anger against Dr Runcie, at the same time as he has become involved in a row over his remarks on the ‘Pharisees’ of British society.","They have also aroused Protestant anger against Dr Runcie, at the same time as he has become involved in a row over his onslaught on the ‘Pharisees’ of British society.",attack,remarks,onslaught,120,126,127,129,on,the,‘Pharisees’, on the ‘Pharisees’,"They have also aroused Protestant anger against Dr Runcie, at the same time as he has become involved in a row over his attack on the ‘Pharisees’","They have also aroused Protestant anger against Dr Runcie, at the same time as he has become involved in a row over his remarks on the ‘Pharisees’","They have also aroused Protestant anger against Dr Runcie, at the same time as he has become involved in a row over his onslaught on the ‘Pharisees’"
munch-judgement-164,164,1062,a1p-fragment01-5,NEWS,0.091,"They have also aroused Protestant anger against Dr Runcie, at the same time as he has become involved in a row over his attack on the ‘Pharisees’ of British society.","They have also aroused Protestant anger against Dr Runcie, at the same time as he has become involved in a row over his remarks on the ‘Pharisees’ of British society.","They have also aroused Protestant anger against Dr Runcie, at the same time as he has become involved in a row over his onset on the ‘Pharisees’ of British society.",attack,remarks,onset,120,126,127,125,on,the,‘Pharisees’, on the ‘Pharisees’,"They have also aroused Protestant anger against Dr Runcie, at the same time as he has become involved in a row over his attack on the ‘Pharisees’","They have also aroused Protestant anger against Dr Runcie, at the same time as he has become involved in a row over his remarks on the ‘Pharisees’","They have also aroused Protestant anger against Dr Runcie, at the same time as he has become involved in a row over his onset on the ‘Pharisees’"
munch-judgement-165,165,1062,a1p-fragment01-5,NEWS,0.091,"They have also aroused Protestant anger against Dr Runcie, at the same time as he has become involved in a row over his attack on the ‘Pharisees’ of British society.","They have also aroused Protestant anger against Dr Runcie, at the same time as he has become involved in a row over his remarks on the ‘Pharisees’ of British society.","They have also aroused Protestant anger against Dr Runcie, at the same time as he has become involved in a row over his onrush on the ‘Pharisees’ of British society.",attack,remarks,onrush,120,126,127,126,on,the,‘Pharisees’, on the ‘Pharisees’,"They have also aroused Protestant anger against Dr Runcie, at the same time as he has become involved in a row over his attack on the ‘Pharisees’","They have also aroused Protestant anger against Dr Runcie, at the same time as he has become involved in a row over his remarks on the ‘Pharisees’","They have also aroused Protestant anger against Dr Runcie, at the same time as he has become involved in a row over his onrush on the ‘Pharisees’"
munch-judgement-169,169,1081,a1p-fragment01-13,NEWS,0.032,"However, the Pope's account of the role of the papacy went a great deal farther than that: Christian unity, he said, must be founded on the faith in Christ that was handed on by the Apostles; what this faith is must be determined by the Roman Catholic Church.","However, the Pope's account of the job of the papacy went a great deal farther than that: Christian unity, he said, must be founded on the faith in Christ that was handed on by the Apostles; what this faith is must be determined by the Roman Catholic Church.","However, the Pope's account of the character of the papacy went a great deal farther than that: Christian unity, he said, must be founded on the faith in Christ that was handed on by the Apostles; what this faith is must be determined by the Roman Catholic Church.",role,job,character,35,39,38,44,of,the,papacy, of the papacy,"However, the Pope's account of the role of the papacy","However, the Pope's account of the job of the papacy","However, the Pope's account of the character of the papacy"
munch-judgement-170,170,1081,a1p-fragment01-13,NEWS,0.032,"However, the Pope's account of the role of the papacy went a great deal farther than that: Christian unity, he said, must be founded on the faith in Christ that was handed on by the Apostles; what this faith is must be determined by the Roman Catholic Church.","However, the Pope's account of the job of the papacy went a great deal farther than that: Christian unity, he said, must be founded on the faith in Christ that was handed on by the Apostles; what this faith is must be determined by the Roman Catholic Church.","However, the Pope's account of the persona of the papacy went a great deal farther than that: Christian unity, he said, must be founded on the faith in Christ that was handed on by the Apostles; what this faith is must be determined by the Roman Catholic Church.",role,job,persona,35,39,38,42,of,the,papacy, of the papacy,"However, the Pope's account of the role of the papacy","However, the Pope's account of the job of the papacy","However, the Pope's account of the persona of the papacy"
munch-judgement-172,172,1091,a1p-fragment01-15,NEWS,0.412,"The specific role of bishops which is to be exercised in communion with the see of Peter in ensuring the unity and continuity of the faith is vital if we are to hand on the faith of Peter, Gregory and Augustine.","The specific role of bishops which is to be exercised in tandem with the see of Peter in ensuring the unity and continuity of the faith is vital if we are to hand on the faith of Peter, Gregory and Augustine.","The specific role of bishops which is to be exercised in manduction with the see of Peter in ensuring the unity and continuity of the faith is vital if we are to hand on the faith of Peter, Gregory and Augustine.",communion,tandem,manduction,57,66,63,67,with,the,see, with the see,The specific role of bishops which is to be exercised in communion with the see,The specific role of bishops which is to be exercised in tandem with the see,The specific role of bishops which is to be exercised in manduction with the see
munch-judgement-173,173,1091,a1p-fragment01-15,NEWS,0.412,"The specific role of bishops which is to be exercised in communion with the see of Peter in ensuring the unity and continuity of the faith is vital if we are to hand on the faith of Peter, Gregory and Augustine.","The specific role of bishops which is to be exercised in conjunction with the see of Peter in ensuring the unity and continuity of the faith is vital if we are to hand on the faith of Peter, Gregory and Augustine.","The specific role of bishops which is to be exercised in manduction with the see of Peter in ensuring the unity and continuity of the faith is vital if we are to hand on the faith of Peter, Gregory and Augustine.",communion,conjunction,manduction,57,66,68,67,with,the,see, with the see,The specific role of bishops which is to be exercised in communion with the see,The specific role of bishops which is to be exercised in conjunction with the see,The specific role of bishops which is to be exercised in manduction with the see
munch-judgement-175,175,1132,a1p-fragment03-68,NEWS,-0.086,But it will not mean that we are abandoning them.,But it will not imply that we are abandoning them.,But it will not intend that we are abandoning them.,mean,imply,intend,16,20,21,22,that,we,are, that we are,But it will not mean that we are,But it will not imply that we are,But it will not intend that we are
munch-judgement-176,176,1132,a1p-fragment03-68,NEWS,-0.086,But it will not mean that we are abandoning them.,But it will not imply that we are abandoning them.,But it will not signify that we are abandoning them.,mean,imply,signify,16,20,21,23,that,we,are, that we are,But it will not mean that we are,But it will not imply that we are,But it will not signify that we are
munch-judgement-179,179,1196,a1u-fragment04-61,NEWS,0.156,"On this page, Nick Roe visits a plant which, despite strenuous public relations efforts, has failed to convince its neighbours that it has come clean.","On this page, Nick Roe visits a factory which, despite strenuous public relations efforts, has failed to convince its neighbours that it has come clean.","On this page, Nick Roe visits a flora which, despite strenuous public relations efforts, has failed to convince its neighbours that it has come clean.",plant,factory,flora,32,37,39,37,"which,",despite,strenuous," which, despite strenuous","On this page, Nick Roe visits a plant which, despite strenuous","On this page, Nick Roe visits a factory which, despite strenuous","On this page, Nick Roe visits a flora which, despite strenuous"
munch-judgement-181,181,1321,a1u-fragment04-128,NEWS,-0.188,"In 1986, according to Friends of the Earth, a survey of the homes clustered on the surrounding hills found that three-quarters of 800 residents were opposed to the Rechem plant.","In 1986, according to Friends of the Earth, a survey of the homes clustered on the surrounding hills discovered that three-quarters of 800 residents were opposed to the Rechem plant.","In 1986, according to Friends of the Earth, a survey of the homes clustered on the surrounding hills regained that three-quarters of 800 residents were opposed to the Rechem plant.",found,discovered,regained,101,106,111,109,that,three-quarters,of, that three-quarters of,"In 1986, according to Friends of the Earth, a survey of the homes clustered on the surrounding hills found that three-quarters of","In 1986, according to Friends of the Earth, a survey of the homes clustered on the surrounding hills discovered that three-quarters of","In 1986, according to Friends of the Earth, a survey of the homes clustered on the surrounding hills regained that three-quarters of"
munch-judgement-183,183,1328,a1u-fragment04-134,NEWS,-0.222,Regular soil and grass tests showed no difference between PCB contamination in the immediate area and elsewhere in Wales — though there are no established ‘safe’ levels for these.,Regular soil and grass tests revealed no difference between PCB contamination in the immediate area and elsewhere in Wales — though there are no established ‘safe’ levels for these.,Regular soil and grass tests demoed no difference between PCB contamination in the immediate area and elsewhere in Wales — though there are no established ‘safe’ levels for these.,showed,revealed,demoed,29,35,37,35,no,difference,between, no difference between,Regular soil and grass tests showed no difference between,Regular soil and grass tests revealed no difference between,Regular soil and grass tests demoed no difference between
munch-judgement-187,187,1333,a1u-fragment04-140,NEWS,0.029,"They, too, reacted with water, and a plant operator was burned by a cloud of acid gas.","They, too, reacted with water, and a factory operator was burned by a cloud of acid gas.","They, too, reacted with water, and a flora operator was burned by a cloud of acid gas.",plant,factory,flora,37,42,44,42,operator,was,burned, operator was burned,"They, too, reacted with water, and a plant operator was burned","They, too, reacted with water, and a factory operator was burned","They, too, reacted with water, and a flora operator was burned"
munch-judgement-188,188,1343,a1u-fragment04-148,NEWS,0.062,"Back along the waste chain, the Liverpool dockers who objected to the import of exactly this type of chemical should be aware that PCBs are moving about our roads all the time.","Back along the waste line, the Liverpool dockers who objected to the import of exactly this type of chemical should be aware that PCBs are moving about our roads all the time.","Back along the waste ligament, the Liverpool dockers who objected to the import of exactly this type of chemical should be aware that PCBs are moving about our roads all the time.",chain,line,ligament,21,26,25,29,the,Liverpool,dockers,", the Liverpool dockers","Back along the waste chain, the Liverpool dockers","Back along the waste line, the Liverpool dockers","Back along the waste ligament, the Liverpool dockers"
munch-judgement-189,189,1347,a1u-fragment04-151,NEWS,0.0,"Yet he did not oppose all toxic waste movement (after all, the same union represents workers at Rechem itself); he simply didn't like the idea that big industrial nations like Canada could dump their dirty problems on this country and his members.","Yet he did not oppose all toxic waste movement (after all, the same union represents workers at Rechem itself); he simply didn't like the idea that big industrial nations like Canada could dump their filthy problems on this country and his members.","Yet he did not oppose all toxic waste movement (after all, the same union represents workers at Rechem itself); he simply didn't like the idea that big industrial nations like Canada could dump their soiled problems on this country and his members.",dirty,filthy,soiled,200,205,206,206,problems,on,this, problems on this,"Yet he did not oppose all toxic waste movement (after all, the same union represents workers at Rechem itself); he simply didn't like the idea that big industrial nations like Canada could dump their dirty problems on this","Yet he did not oppose all toxic waste movement (after all, the same union represents workers at Rechem itself); he simply didn't like the idea that big industrial nations like Canada could dump their filthy problems on this","Yet he did not oppose all toxic waste movement (after all, the same union represents workers at Rechem itself); he simply didn't like the idea that big industrial nations like Canada could dump their soiled problems on this"
munch-judgement-190,190,1379,a1x-fragment04-165,NEWS,0.065,FADS for vitamin supplements have been overtaken by a vogue for minerals and trace elements.,FADS for vitamin supplements have been superseded by a vogue for minerals and trace elements.,FADS for vitamin supplements have been passed by a vogue for minerals and trace elements.,overtaken,superseded,passed,39,48,49,45,by,a,vogue, by a vogue,FADS for vitamin supplements have been overtaken by a vogue,FADS for vitamin supplements have been superseded by a vogue,FADS for vitamin supplements have been passed by a vogue
munch-judgement-191,191,1379,a1x-fragment04-165,NEWS,0.065,FADS for vitamin supplements have been overtaken by a vogue for minerals and trace elements.,FADS for vitamin supplements have been superseded by a vogue for minerals and trace elements.,FADS for vitamin supplements have been overhauled by a vogue for minerals and trace elements.,overtaken,superseded,overhauled,39,48,49,49,by,a,vogue, by a vogue,FADS for vitamin supplements have been overtaken by a vogue,FADS for vitamin supplements have been superseded by a vogue,FADS for vitamin supplements have been overhauled by a vogue
munch-judgement-193,193,1381,a1x-fragment04-166,NEWS,0.03,"Zinc is the latest: lack of it supposedly causes a range of problems, although little scientific evidence supports the link.","Zinc is the latest: lack of it supposedly causes a variety of problems, although little scientific evidence supports the link.","Zinc is the latest: lack of it supposedly causes a tract of problems, although little scientific evidence supports the link.",range,variety,tract,51,56,58,56,of,"problems,",although," of problems, although","Zinc is the latest: lack of it supposedly causes a range of problems, although","Zinc is the latest: lack of it supposedly causes a variety of problems, although","Zinc is the latest: lack of it supposedly causes a tract of problems, although"
munch-judgement-194,194,1381,a1x-fragment04-166,NEWS,0.03,"Zinc is the latest: lack of it supposedly causes a range of problems, although little scientific evidence supports the link.","Zinc is the latest: lack of it supposedly causes a variety of problems, although little scientific evidence supports the link.","Zinc is the latest: lack of it supposedly causes a parcel of problems, although little scientific evidence supports the link.",range,variety,parcel,51,56,58,57,of,"problems,",although," of problems, although","Zinc is the latest: lack of it supposedly causes a range of problems, although","Zinc is the latest: lack of it supposedly causes a variety of problems, although","Zinc is the latest: lack of it supposedly causes a parcel of problems, although"
munch-judgement-196,196,1390,a1x-fragment04-170,NEWS,-0.176,"In a study of nearly 500 women, they found that zinc supplements did not improve either foetal health or reduce the number of pre-term labours.","In a study of nearly 500 women, they found that zinc supplements did not improve either foetal health or lessen the number of pre-term labours.","In a study of nearly 500 women, they found that zinc supplements did not improve either foetal health or concentrate the number of pre-term labours.",reduce,lessen,concentrate,105,111,111,116,the,number,of, the number of,"In a study of nearly 500 women, they found that zinc supplements did not improve either foetal health or reduce the number of","In a study of nearly 500 women, they found that zinc supplements did not improve either foetal health or lessen the number of","In a study of nearly 500 women, they found that zinc supplements did not improve either foetal health or concentrate the number of"
munch-judgement-197,197,1393,a1x-fragment04-172,NEWS,-0.233,"They recognise, however, that the women in their study were largely middle-class, who might well have sufficiently large zinc stores because they were well nourished.","They recognise, however, that the women in their study were largely middle-class, who might well have sufficiently large zinc reserves because they were well nourished.","They recognise, however, that the women in their study were largely middle-class, who might well have sufficiently large zinc stocks because they were well nourished.",stores,reserves,stocks,126,132,134,132,because,they,were, because they were,"They recognise, however, that the women in their study were largely middle-class, who might well have sufficiently large zinc stores because they were","They recognise, however, that the women in their study were largely middle-class, who might well have sufficiently large zinc reserves because they were","They recognise, however, that the women in their study were largely middle-class, who might well have sufficiently large zinc stocks because they were"
munch-judgement-198,198,1393,a1x-fragment04-172,NEWS,-0.233,"They recognise, however, that the women in their study were largely middle-class, who might well have sufficiently large zinc stores because they were well nourished.","They recognise, however, that the women in their study were largely middle-class, who might well have sufficiently large zinc reserves because they were well nourished.","They recognise, however, that the women in their study were largely middle-class, who might well have sufficiently large zinc funds because they were well nourished.",stores,reserves,funds,126,132,134,131,because,they,were, because they were,"They recognise, however, that the women in their study were largely middle-class, who might well have sufficiently large zinc stores because they were","They recognise, however, that the women in their study were largely middle-class, who might well have sufficiently large zinc reserves because they were","They recognise, however, that the women in their study were largely middle-class, who might well have sufficiently large zinc funds because they were"
munch-judgement-200,200,1438,a2d-fragment05-35,NEWS,0.303,"The western is being revived, reinterpreted for the 1990s.","The western is being refreshed, reinterpreted for the 1990s.","The western is being resuscitated, reinterpreted for the 1990s.",revived,refreshed,resuscitated,21,28,30,33,reinterpreted,for,the,", reinterpreted for the","The western is being revived, reinterpreted for the","The western is being refreshed, reinterpreted for the","The western is being resuscitated, reinterpreted for the"
munch-judgement-202,202,1443,a2d-fragment05-38,NEWS,0.286,"A series of spoof or obsessively realistic 1960s westerns (Cat Balou, Butch Cassidy and the Sundance Kid, Soldier Blue, The Wild Bunch) stripped the mask from the Lone Ranger's face.","A series of spoof or obsessively realistic 1960s westerns (Cat Balou, Butch Cassidy and the Sundance Kid, Soldier Blue, The Wild Bunch) removed the mask from the Lone Ranger's face.","A series of spoof or obsessively realistic 1960s westerns (Cat Balou, Butch Cassidy and the Sundance Kid, Soldier Blue, The Wild Bunch) undressed the mask from the Lone Ranger's face.",stripped,removed,undressed,136,144,143,145,the,mask,from, the mask from,"A series of spoof or obsessively realistic 1960s westerns (Cat Balou, Butch Cassidy and the Sundance Kid, Soldier Blue, The Wild Bunch) stripped the mask from","A series of spoof or obsessively realistic 1960s westerns (Cat Balou, Butch Cassidy and the Sundance Kid, Soldier Blue, The Wild Bunch) removed the mask from","A series of spoof or obsessively realistic 1960s westerns (Cat Balou, Butch Cassidy and the Sundance Kid, Soldier Blue, The Wild Bunch) undressed the mask from"
munch-judgement-203,203,1443,a2d-fragment05-38,NEWS,0.286,"A series of spoof or obsessively realistic 1960s westerns (Cat Balou, Butch Cassidy and the Sundance Kid, Soldier Blue, The Wild Bunch) stripped the mask from the Lone Ranger's face.","A series of spoof or obsessively realistic 1960s westerns (Cat Balou, Butch Cassidy and the Sundance Kid, Soldier Blue, The Wild Bunch) removed the mask from the Lone Ranger's face.","A series of spoof or obsessively realistic 1960s westerns (Cat Balou, Butch Cassidy and the Sundance Kid, Soldier Blue, The Wild Bunch) disrobed the mask from the Lone Ranger's face.",stripped,removed,disrobed,136,144,143,144,the,mask,from, the mask from,"A series of spoof or obsessively realistic 1960s westerns (Cat Balou, Butch Cassidy and the Sundance Kid, Soldier Blue, The Wild Bunch) stripped the mask from","A series of spoof or obsessively realistic 1960s westerns (Cat Balou, Butch Cassidy and the Sundance Kid, Soldier Blue, The Wild Bunch) removed the mask from","A series of spoof or obsessively realistic 1960s westerns (Cat Balou, Butch Cassidy and the Sundance Kid, Soldier Blue, The Wild Bunch) disrobed the mask from"
munch-judgement-205,205,1458,a2d-fragment05-46,NEWS,-0.206,A part of the myth just didn't work after that.’,A section of the myth just didn't work after that.’,A piece of the myth just didn't work after that.’,part,section,piece,2,6,9,7,of,the,myth, of the myth,A part of the myth,A section of the myth,A piece of the myth
munch-judgement-207,207,1536,a31-fragment03-119,NEWS,-0.2,"As long as you can show that they owed you a legal duty to be careful and have been negligent, damages could come your way.","As long as you can demonstrate that they owed you a legal duty to be careful and have been negligent, damages could come your way.","As long as you can picture that they owed you a legal duty to be careful and have been negligent, damages could come your way.",show,demonstrate,picture,19,23,30,26,that,they,owed, that they owed,As long as you can show that they owed,As long as you can demonstrate that they owed,As long as you can picture that they owed
munch-judgement-208,208,1536,a31-fragment03-119,NEWS,-0.2,"As long as you can show that they owed you a legal duty to be careful and have been negligent, damages could come your way.","As long as you can demonstrate that they owed you a legal duty to be careful and have been negligent, damages could come your way.","As long as you can depict that they owed you a legal duty to be careful and have been negligent, damages could come your way.",show,demonstrate,depict,19,23,30,25,that,they,owed, that they owed,As long as you can show that they owed,As long as you can demonstrate that they owed,As long as you can depict that they owed
munch-judgement-209,209,1536,a31-fragment03-119,NEWS,-0.2,"As long as you can show that they owed you a legal duty to be careful and have been negligent, damages could come your way.","As long as you can demonstrate that they owed you a legal duty to be careful and have been negligent, damages could come your way.","As long as you can render that they owed you a legal duty to be careful and have been negligent, damages could come your way.",show,demonstrate,render,19,23,30,25,that,they,owed, that they owed,As long as you can show that they owed,As long as you can demonstrate that they owed,As long as you can render that they owed
munch-judgement-213,213,1545,a31-fragment03-124,NEWS,0.03,"The subject of a bad reference can sue the referee for libel but has to show the referee was up to no good: spite, ill-will or some improper motive will do.","The recipient of a bad reference can sue the referee for libel but has to show the referee was up to no good: spite, ill-will or some improper motive will do.","The content of a bad reference can sue the referee for libel but has to show the referee was up to no good: spite, ill-will or some improper motive will do.",subject,recipient,content,4,11,13,11,of,a,bad, of a bad,The subject of a bad,The recipient of a bad,The content of a bad
munch-judgement-214,214,1568,a31-fragment03-139,NEWS,0.412,"You can sue the solicitor for what you would have collected, had he done his job properly, because the law reckons he owed you, as well as his client, a duty of care.","You can sue the solicitor for what you would have collected, had he done his job properly, because the law thinks he owed you, as well as his client, a duty of care.","You can sue the solicitor for what you would have collected, had he done his job properly, because the law calculates he owed you, as well as his client, a duty of care.",reckons,thinks,calculates,107,114,113,117,he,owed,"you,"," he owed you,","You can sue the solicitor for what you would have collected, had he done his job properly, because the law reckons he owed you,","You can sue the solicitor for what you would have collected, had he done his job properly, because the law thinks he owed you,","You can sue the solicitor for what you would have collected, had he done his job properly, because the law calculates he owed you,"
munch-judgement-215,215,1568,a31-fragment03-139,NEWS,0.412,"You can sue the solicitor for what you would have collected, had he done his job properly, because the law reckons he owed you, as well as his client, a duty of care.","You can sue the solicitor for what you would have collected, had he done his job properly, because the law thinks he owed you, as well as his client, a duty of care.","You can sue the solicitor for what you would have collected, had he done his job properly, because the law ciphers he owed you, as well as his client, a duty of care.",reckons,thinks,ciphers,107,114,113,114,he,owed,"you,"," he owed you,","You can sue the solicitor for what you would have collected, had he done his job properly, because the law reckons he owed you,","You can sue the solicitor for what you would have collected, had he done his job properly, because the law thinks he owed you,","You can sue the solicitor for what you would have collected, had he done his job properly, because the law ciphers he owed you,"
munch-judgement-216,216,1568,a31-fragment03-139,NEWS,0.412,"You can sue the solicitor for what you would have collected, had he done his job properly, because the law reckons he owed you, as well as his client, a duty of care.","You can sue the solicitor for what you would have collected, had he done his job properly, because the law thinks he owed you, as well as his client, a duty of care.","You can sue the solicitor for what you would have collected, had he done his job properly, because the law computes he owed you, as well as his client, a duty of care.",reckons,thinks,computes,107,114,113,115,he,owed,"you,"," he owed you,","You can sue the solicitor for what you would have collected, had he done his job properly, because the law reckons he owed you,","You can sue the solicitor for what you would have collected, had he done his job properly, because the law thinks he owed you,","You can sue the solicitor for what you would have collected, had he done his job properly, because the law computes he owed you,"
munch-judgement-220,220,1577,a31-fragment03-146,NEWS,-0.294,Whoever attempts to hide behind a disclaimer must prove it is fair and reasonable to do so.,Whoever attempts to hide behind a disclaimer must prove it is just and reasonable to do so.,Whoever attempts to hide behind a disclaimer must prove it is bonny and reasonable to do so.,fair,just,bonny,62,66,66,67,and,reasonable,to, and reasonable to,Whoever attempts to hide behind a disclaimer must prove it is fair and reasonable to,Whoever attempts to hide behind a disclaimer must prove it is just and reasonable to,Whoever attempts to hide behind a disclaimer must prove it is bonny and reasonable to
munch-judgement-221,221,1577,a31-fragment03-146,NEWS,-0.294,Whoever attempts to hide behind a disclaimer must prove it is fair and reasonable to do so.,Whoever attempts to hide behind a disclaimer must prove it is just and reasonable to do so.,Whoever attempts to hide behind a disclaimer must prove it is comely and reasonable to do so.,fair,just,comely,62,66,66,68,and,reasonable,to, and reasonable to,Whoever attempts to hide behind a disclaimer must prove it is fair and reasonable to,Whoever attempts to hide behind a disclaimer must prove it is just and reasonable to,Whoever attempts to hide behind a disclaimer must prove it is comely and reasonable to
munch-judgement-223,223,1595,a36-fragment07-183,NEWS,-0.091,The book — which opens a projected sequence of novels that will cover the period from 1968 to the present day — aims to explore what the blurb describes as ‘the painful transition from youth to adulthood’.,The book — which opens a projected sequence of novels that will cover the period from 1968 to the present day — attempts to explore what the blurb describes as ‘the painful transition from youth to adulthood’.,The book — which opens a projected sequence of novels that will cover the period from 1968 to the present day — trains to explore what the blurb describes as ‘the painful transition from youth to adulthood’.,aims,attempts,trains,112,116,120,118,to,explore,what, to explore what,The book — which opens a projected sequence of novels that will cover the period from 1968 to the present day — aims to explore what,The book — which opens a projected sequence of novels that will cover the period from 1968 to the present day — attempts to explore what,The book — which opens a projected sequence of novels that will cover the period from 1968 to the present day — trains to explore what
munch-judgement-224,224,1595,a36-fragment07-183,NEWS,-0.091,The book — which opens a projected sequence of novels that will cover the period from 1968 to the present day — aims to explore what the blurb describes as ‘the painful transition from youth to adulthood’.,The book — which opens a projected sequence of novels that will cover the period from 1968 to the present day — seeks to explore what the blurb describes as ‘the painful transition from youth to adulthood’.,The book — which opens a projected sequence of novels that will cover the period from 1968 to the present day — trains to explore what the blurb describes as ‘the painful transition from youth to adulthood’.,aims,seeks,trains,112,116,117,118,to,explore,what, to explore what,The book — which opens a projected sequence of novels that will cover the period from 1968 to the present day — aims to explore what,The book — which opens a projected sequence of novels that will cover the period from 1968 to the present day — seeks to explore what,The book — which opens a projected sequence of novels that will cover the period from 1968 to the present day — trains to explore what
munch-judgement-226,226,1605,a36-fragment07-186,NEWS,0.484,What Andrew Motion presents us with here is a static and humourless mood-piece filled with over-elaborate imagery.,What Andrew Motion leaves us with here is a static and humourless mood-piece filled with over-elaborate imagery.,What Andrew Motion stages us with here is a static and humourless mood-piece filled with over-elaborate imagery.,presents,leaves,stages,19,27,25,25,us,with,here, us with here,What Andrew Motion presents us with here,What Andrew Motion leaves us with here,What Andrew Motion stages us with here
munch-judgement-227,227,1605,a36-fragment07-186,NEWS,0.484,What Andrew Motion presents us with here is a static and humourless mood-piece filled with over-elaborate imagery.,What Andrew Motion leaves us with here is a static and humourless mood-piece filled with over-elaborate imagery.,What Andrew Motion represents us with here is a static and humourless mood-piece filled with over-elaborate imagery.,presents,leaves,represents,19,27,25,29,us,with,here, us with here,What Andrew Motion presents us with here,What Andrew Motion leaves us with here,What Andrew Motion represents us with here
munch-judgement-229,229,1618,a36-fragment07-192,NEWS,0.229,"There is a refreshing simplicity and tenderness in Motion's account of the way Francis nurses her, but she herself is too sketchily drawn for the episode to carry much weight.","There is a exhilarating simplicity and tenderness in Motion's account of the way Francis nurses her, but she herself is too sketchily drawn for the episode to carry much weight.","There is a novel simplicity and tenderness in Motion's account of the way Francis nurses her, but she herself is too sketchily drawn for the episode to carry much weight.",refreshing,exhilarating,novel,11,21,23,16,simplicity,and,tenderness, simplicity and tenderness,There is a refreshing simplicity and tenderness,There is a exhilarating simplicity and tenderness,There is a novel simplicity and tenderness
munch-judgement-230,230,1625,a36-fragment07-193,NEWS,0.029,"Meanwhile, at his public school, Francis is conducting a love-affair with an older pupil named Keith Ogilvie.","Meanwhile, at his public school, Francis is having a love-affair with an older pupil named Keith Ogilvie.","Meanwhile, at his public school, Francis is leading a love-affair with an older pupil named Keith Ogilvie.",conducting,having,leading,44,54,50,51,a,love-affair,with, a love-affair with,"Meanwhile, at his public school, Francis is conducting a love-affair with","Meanwhile, at his public school, Francis is having a love-affair with","Meanwhile, at his public school, Francis is leading a love-affair with"
munch-judgement-231,231,1625,a36-fragment07-193,NEWS,0.029,"Meanwhile, at his public school, Francis is conducting a love-affair with an older pupil named Keith Ogilvie.","Meanwhile, at his public school, Francis is having a love-affair with an older pupil named Keith Ogilvie.","Meanwhile, at his public school, Francis is directing a love-affair with an older pupil named Keith Ogilvie.",conducting,having,directing,44,54,50,53,a,love-affair,with, a love-affair with,"Meanwhile, at his public school, Francis is conducting a love-affair with","Meanwhile, at his public school, Francis is having a love-affair with","Meanwhile, at his public school, Francis is directing a love-affair with"
munch-judgement-232,232,1625,a36-fragment07-193,NEWS,0.029,"Meanwhile, at his public school, Francis is conducting a love-affair with an older pupil named Keith Ogilvie.","Meanwhile, at his public school, Francis is having a love-affair with an older pupil named Keith Ogilvie.","Meanwhile, at his public school, Francis is guiding a love-affair with an older pupil named Keith Ogilvie.",conducting,having,guiding,44,54,50,51,a,love-affair,with, a love-affair with,"Meanwhile, at his public school, Francis is conducting a love-affair with","Meanwhile, at his public school, Francis is having a love-affair with","Meanwhile, at his public school, Francis is guiding a love-affair with"
munch-judgement-233,233,1625,a36-fragment07-193,NEWS,0.029,"Meanwhile, at his public school, Francis is conducting a love-affair with an older pupil named Keith Ogilvie.","Meanwhile, at his public school, Francis is having a love-affair with an older pupil named Keith Ogilvie.","Meanwhile, at his public school, Francis is performing a love-affair with an older pupil named Keith Ogilvie.",conducting,having,performing,44,54,50,54,a,love-affair,with, a love-affair with,"Meanwhile, at his public school, Francis is conducting a love-affair with","Meanwhile, at his public school, Francis is having a love-affair with","Meanwhile, at his public school, Francis is performing a love-affair with"
munch-judgement-240,240,1627,a36-fragment07-194,NEWS,0.176,"He is finally rejected by the devious, arrogant Keith, who informs him that he is ‘obsolete’ because he does not ‘know how to make things happen’.","He is finally rejected by the devious, arrogant Keith, who informs him that he is ‘outdated’ because he does not ‘know how to make things happen’.","He is finally rejected by the devious, arrogant Keith, who informs him that he is ‘disused’ because he does not ‘know how to make things happen’.",obsolete,outdated,disused,83,91,91,90,because,he,does,’ because he does,"He is finally rejected by the devious, arrogant Keith, who informs him that he is ‘obsolete’ because he does","He is finally rejected by the devious, arrogant Keith, who informs him that he is ‘outdated’ because he does","He is finally rejected by the devious, arrogant Keith, who informs him that he is ‘disused’ because he does"
munch-judgement-241,241,1639,a36-fragment07-196,NEWS,0.406,"This violent event, described at length in hysterically colourful terms, is the only piece of history to be woven convincingly into the plot.","This violent event, described at length in hysterically colourful terms, is the only piece of history to be incorporated convincingly into the plot.","This violent event, described at length in hysterically colourful terms, is the only piece of history to be tissued convincingly into the plot.",woven,incorporated,tissued,108,113,120,115,convincingly,into,the, convincingly into the,"This violent event, described at length in hysterically colourful terms, is the only piece of history to be woven convincingly into the","This violent event, described at length in hysterically colourful terms, is the only piece of history to be incorporated convincingly into the","This violent event, described at length in hysterically colourful terms, is the only piece of history to be tissued convincingly into the"
munch-judgement-242,242,1644,a36-fragment07-199,NEWS,-0.2,Motion will have to do better than this if he seriously intends his series of novels to capture the feel of a period.,Motion will have to do better than this if he seriously intends his series of novels to capture the atmosphere of a period.,Motion will have to do better than this if he seriously intends his series of novels to capture the property of a period.,feel,atmosphere,property,100,104,110,108,of,a,period., of a period.,Motion will have to do better than this if he seriously intends his series of novels to capture the feel of a period.,Motion will have to do better than this if he seriously intends his series of novels to capture the atmosphere of a period.,Motion will have to do better than this if he seriously intends his series of novels to capture the property of a period.
munch-judgement-244,244,1670,a38-fragment01-8,NEWS,0.286,This leads to premature wear and plumes of blue smoke spewing from the exhaust.,This leads to premature wear and clouds of blue smoke spewing from the exhaust.,This leads to premature wear and adornments of blue smoke spewing from the exhaust.,plumes,clouds,adornments,33,39,39,43,of,blue,smoke, of blue smoke,This leads to premature wear and plumes of blue smoke,This leads to premature wear and clouds of blue smoke,This leads to premature wear and adornments of blue smoke
munch-judgement-245,245,1672,a38-fragment01-9,NEWS,0.294,"The only effective remedy is to install hardened valve seats or a replacement cylinder head, both expensive options.","The only effective fix is to install hardened valve seats or a replacement cylinder head, both expensive options.","The only effective cure is to install hardened valve seats or a replacement cylinder head, both expensive options.",remedy,fix,cure,19,25,22,23,is,to,install, is to install,The only effective remedy is to install,The only effective fix is to install,The only effective cure is to install
munch-judgement-246,246,1672,a38-fragment01-9,NEWS,0.294,"The only effective remedy is to install hardened valve seats or a replacement cylinder head, both expensive options.","The only effective fix is to install hardened valve seats or a replacement cylinder head, both expensive options.","The only effective therapeutic is to install hardened valve seats or a replacement cylinder head, both expensive options.",remedy,fix,therapeutic,19,25,22,30,is,to,install, is to install,The only effective remedy is to install,The only effective fix is to install,The only effective therapeutic is to install
munch-judgement-247,247,1672,a38-fragment01-9,NEWS,0.294,"The only effective remedy is to install hardened valve seats or a replacement cylinder head, both expensive options.","The only effective solution is to install hardened valve seats or a replacement cylinder head, both expensive options.","The only effective cure is to install hardened valve seats or a replacement cylinder head, both expensive options.",remedy,solution,cure,19,25,27,23,is,to,install, is to install,The only effective remedy is to install,The only effective solution is to install,The only effective cure is to install
munch-judgement-248,248,1672,a38-fragment01-9,NEWS,0.294,"The only effective remedy is to install hardened valve seats or a replacement cylinder head, both expensive options.","The only effective solution is to install hardened valve seats or a replacement cylinder head, both expensive options.","The only effective therapeutic is to install hardened valve seats or a replacement cylinder head, both expensive options.",remedy,solution,therapeutic,19,25,27,30,is,to,install, is to install,The only effective remedy is to install,The only effective solution is to install,The only effective therapeutic is to install
munch-judgement-251,251,1674,a38-fragment01-9,NEWS,-0.147,"The only effective remedy is to install hardened valve seats or a replacement cylinder head, both expensive options.","The only effective remedy is to install hardened valve seats or a replacement cylinder gasket, both expensive options.","The only effective remedy is to install hardened valve seats or a replacement cylinder caput, both expensive options.",head,gasket,caput,87,91,93,92,both,expensive,options.,", both expensive options.","The only effective remedy is to install hardened valve seats or a replacement cylinder head, both expensive options.","The only effective remedy is to install hardened valve seats or a replacement cylinder gasket, both expensive options.","The only effective remedy is to install hardened valve seats or a replacement cylinder caput, both expensive options."
munch-judgement-252,252,1689,a38-fragment01-17,NEWS,0.212,"What is certain is that the pre-1989 Austin/MG range, all Skodas, Yugos and quite a few Lancias do not, which does not help already depressed resale prices.","What is certain is that the pre-1989 Austin/MG cars, all Skodas, Yugos and quite a few Lancias do not, which does not help already depressed resale prices.","What is certain is that the pre-1989 Austin/MG tract, all Skodas, Yugos and quite a few Lancias do not, which does not help already depressed resale prices.",range,cars,tract,47,52,51,52,all,"Skodas,",Yugos,", all Skodas, Yugos","What is certain is that the pre-1989 Austin/MG range, all Skodas, Yugos","What is certain is that the pre-1989 Austin/MG cars, all Skodas, Yugos","What is certain is that the pre-1989 Austin/MG tract, all Skodas, Yugos"
munch-judgement-253,253,1689,a38-fragment01-17,NEWS,0.212,"What is certain is that the pre-1989 Austin/MG range, all Skodas, Yugos and quite a few Lancias do not, which does not help already depressed resale prices.","What is certain is that the pre-1989 Austin/MG cars, all Skodas, Yugos and quite a few Lancias do not, which does not help already depressed resale prices.","What is certain is that the pre-1989 Austin/MG parcel, all Skodas, Yugos and quite a few Lancias do not, which does not help already depressed resale prices.",range,cars,parcel,47,52,51,53,all,"Skodas,",Yugos,", all Skodas, Yugos","What is certain is that the pre-1989 Austin/MG range, all Skodas, Yugos","What is certain is that the pre-1989 Austin/MG cars, all Skodas, Yugos","What is certain is that the pre-1989 Austin/MG parcel, all Skodas, Yugos"
munch-judgement-255,255,1693,a38-fragment01-18,NEWS,0.455,"A 1985 Lancia Y10 (lead only) sells for around £2,000 whereas the similar Fiat Uno 55 from the same year, converted to run on unleaded, is worth around £500 more.","A 1985 Lancia Y10 (lead only) sells for around £2,000 whereas the similar Fiat Uno 55 from the same year, adapted to run on unleaded, is worth around £500 more.","A 1985 Lancia Y10 (lead only) sells for around £2,000 whereas the similar Fiat Uno 55 from the same year, changed to run on unleaded, is worth around £500 more.",converted,adapted,changed,106,115,113,113,to,run,on, to run on,"A 1985 Lancia Y10 (lead only) sells for around £2,000 whereas the similar Fiat Uno 55 from the same year, converted to run on","A 1985 Lancia Y10 (lead only) sells for around £2,000 whereas the similar Fiat Uno 55 from the same year, adapted to run on","A 1985 Lancia Y10 (lead only) sells for around £2,000 whereas the similar Fiat Uno 55 from the same year, changed to run on"
munch-judgement-256,256,1721,a38-fragment01-33,NEWS,-0.294,"Prestige comes in the shape of a Mercedes with the 240D or ‘Stuttgart Taxi’, commanding £7,000 but returning unfailing reliability.","Prestige comes in the form of a Mercedes with the 240D or ‘Stuttgart Taxi’, commanding £7,000 but returning unfailing reliability.","Prestige comes in the configuration of a Mercedes with the 240D or ‘Stuttgart Taxi’, commanding £7,000 but returning unfailing reliability.",shape,form,configuration,22,27,26,35,of,a,Mercedes, of a Mercedes,Prestige comes in the shape of a Mercedes,Prestige comes in the form of a Mercedes,Prestige comes in the configuration of a Mercedes
munch-judgement-257,257,1721,a38-fragment01-33,NEWS,-0.294,"Prestige comes in the shape of a Mercedes with the 240D or ‘Stuttgart Taxi’, commanding £7,000 but returning unfailing reliability.","Prestige comes in the form of a Mercedes with the 240D or ‘Stuttgart Taxi’, commanding £7,000 but returning unfailing reliability.","Prestige comes in the contour of a Mercedes with the 240D or ‘Stuttgart Taxi’, commanding £7,000 but returning unfailing reliability.",shape,form,contour,22,27,26,29,of,a,Mercedes, of a Mercedes,Prestige comes in the shape of a Mercedes,Prestige comes in the form of a Mercedes,Prestige comes in the contour of a Mercedes
munch-judgement-259,259,1730,a39-fragment01-5,NEWS,0.471,The sales combine items of charm at fairly accessible prices with some rare treasures aimed at big-time collectors.,The sales combine items of character at fairly accessible prices with some rare treasures aimed at big-time collectors.,The sales combine items of appeal at fairly accessible prices with some rare treasures aimed at big-time collectors.,charm,character,appeal,27,32,36,33,at,fairly,accessible, at fairly accessible,The sales combine items of charm at fairly accessible,The sales combine items of character at fairly accessible,The sales combine items of appeal at fairly accessible
munch-judgement-260,260,1735,a39-fragment01-6,NEWS,-0.294,"Homely Persian pottery of the twelfth to thirteenth century combines animal and bird images with sinuous plant motifs and marks the beginning of lustre wares; they are mostly priced in the £500 to £1,000 range and rate high on charm.","Homely Persian pottery of the twelfth to thirteenth century combines animal and bird images with sinuous plant motifs and marks the beginning of lustre wares; they are mostly priced in the £500 to £1,000 bracket and rate high on charm.","Homely Persian pottery of the twelfth to thirteenth century combines animal and bird images with sinuous plant motifs and marks the beginning of lustre wares; they are mostly priced in the £500 to £1,000 tract and rate high on charm.",range,bracket,tract,204,209,211,209,and,rate,high, and rate high,"Homely Persian pottery of the twelfth to thirteenth century combines animal and bird images with sinuous plant motifs and marks the beginning of lustre wares; they are mostly priced in the £500 to £1,000 range and rate high","Homely Persian pottery of the twelfth to thirteenth century combines animal and bird images with sinuous plant motifs and marks the beginning of lustre wares; they are mostly priced in the £500 to £1,000 bracket and rate high","Homely Persian pottery of the twelfth to thirteenth century combines animal and bird images with sinuous plant motifs and marks the beginning of lustre wares; they are mostly priced in the £500 to £1,000 tract and rate high"
munch-judgement-261,261,1735,a39-fragment01-6,NEWS,-0.294,"Homely Persian pottery of the twelfth to thirteenth century combines animal and bird images with sinuous plant motifs and marks the beginning of lustre wares; they are mostly priced in the £500 to £1,000 range and rate high on charm.","Homely Persian pottery of the twelfth to thirteenth century combines animal and bird images with sinuous plant motifs and marks the beginning of lustre wares; they are mostly priced in the £500 to £1,000 bracket and rate high on charm.","Homely Persian pottery of the twelfth to thirteenth century combines animal and bird images with sinuous plant motifs and marks the beginning of lustre wares; they are mostly priced in the £500 to £1,000 parcel and rate high on charm.",range,bracket,parcel,204,209,211,210,and,rate,high, and rate high,"Homely Persian pottery of the twelfth to thirteenth century combines animal and bird images with sinuous plant motifs and marks the beginning of lustre wares; they are mostly priced in the £500 to £1,000 range and rate high","Homely Persian pottery of the twelfth to thirteenth century combines animal and bird images with sinuous plant motifs and marks the beginning of lustre wares; they are mostly priced in the £500 to £1,000 bracket and rate high","Homely Persian pottery of the twelfth to thirteenth century combines animal and bird images with sinuous plant motifs and marks the beginning of lustre wares; they are mostly priced in the £500 to £1,000 parcel and rate high"
munch-judgement-268,268,1803,a3c-fragment05-222,NEWS,0.265,"In Strasburg, they have been known to lace beer with Picon, thereby ruining both drinks (as Queen Victoria reputedly did with claret and malt whisky), but still the result is not especially quenching.","In Strasburg, they have been known to mix beer with Picon, thereby ruining both drinks (as Queen Victoria reputedly did with claret and malt whisky), but still the result is not especially quenching.","In Strasburg, they have been known to tie beer with Picon, thereby ruining both drinks (as Queen Victoria reputedly did with claret and malt whisky), but still the result is not especially quenching.",lace,mix,tie,38,42,41,41,beer,with,"Picon,"," beer with Picon,","In Strasburg, they have been known to lace beer with Picon,","In Strasburg, they have been known to mix beer with Picon,","In Strasburg, they have been known to tie beer with Picon,"
munch-judgement-269,269,1823,a3c-fragment05-246,NEWS,-0.273,"These are sensuous pleasures at their most enjoyable when we ritualise them, but how do we feel when we desire them?","These are sensuous pleasures at their most enjoyable when we ritualise them, but how do we react when we desire them?","These are sensuous pleasures at their most enjoyable when we ritualise them, but how do we sense when we desire them?",feel,react,sense,91,95,96,96,when,we,desire, when we desire,"These are sensuous pleasures at their most enjoyable when we ritualise them, but how do we feel when we desire","These are sensuous pleasures at their most enjoyable when we ritualise them, but how do we react when we desire","These are sensuous pleasures at their most enjoyable when we ritualise them, but how do we sense when we desire"
munch-judgement-270,270,1832,a3e-fragment02-10,NEWS,0.029,"The summer's sprawl begins to be oppressive at this stage in the year and trigger fingers are itching to snip back overgrown mallows, clear out the mildewing foliage of golden rod and reduce the overpowering bulk of bullyboy ground cover.","The summer's sprawl begins to be oppressive at this time in the year and trigger fingers are itching to snip back overgrown mallows, clear out the mildewing foliage of golden rod and reduce the overpowering bulk of bullyboy ground cover.","The summer's sprawl begins to be oppressive at this platform in the year and trigger fingers are itching to snip back overgrown mallows, clear out the mildewing foliage of golden rod and reduce the overpowering bulk of bullyboy ground cover.",stage,time,platform,52,57,56,60,in,the,year, in the year,The summer's sprawl begins to be oppressive at this stage in the year,The summer's sprawl begins to be oppressive at this time in the year,The summer's sprawl begins to be oppressive at this platform in the year
munch-judgement-271,271,1834,a3e-fragment02-10,NEWS,0.242,"The summer's sprawl begins to be oppressive at this stage in the year and trigger fingers are itching to snip back overgrown mallows, clear out the mildewing foliage of golden rod and reduce the overpowering bulk of bullyboy ground cover.","The summer's sprawl begins to be oppressive at this stage in the year and trigger fingers are dying to snip back overgrown mallows, clear out the mildewing foliage of golden rod and reduce the overpowering bulk of bullyboy ground cover.","The summer's sprawl begins to be oppressive at this stage in the year and trigger fingers are hurting to snip back overgrown mallows, clear out the mildewing foliage of golden rod and reduce the overpowering bulk of bullyboy ground cover.",itching,dying,hurting,94,101,99,101,to,snip,back, to snip back,The summer's sprawl begins to be oppressive at this stage in the year and trigger fingers are itching to snip back,The summer's sprawl begins to be oppressive at this stage in the year and trigger fingers are dying to snip back,The summer's sprawl begins to be oppressive at this stage in the year and trigger fingers are hurting to snip back
munch-judgement-278,278,1847,a3e-fragment02-22,NEWS,0.545,Summer bedding is looking tired and should be removed so that the ground can be cleaned and fed ready for spring bulbs or wallflowers.,Summer soil is looking tired and should be removed so that the ground can be cleaned and fed ready for spring bulbs or wallflowers.,Summer bedclothes is looking tired and should be removed so that the ground can be cleaned and fed ready for spring bulbs or wallflowers.,bedding,soil,bedclothes,7,14,11,17,is,looking,tired, is looking tired,Summer bedding is looking tired,Summer soil is looking tired,Summer bedclothes is looking tired
munch-judgement-279,279,1853,a3e-fragment03-23,NEWS,0.0,"In the Garden: Planning to beat a leafy retreat at home: In the first of a series for novice gardeners, Anna Pavord stresses the value of careful forethought","In the Garden: Planning to beat a leafy retreat at home: In the first of a series for beginner gardeners, Anna Pavord stresses the value of careful forethought","In the Garden: Planning to beat a leafy retreat at home: In the first of a series for novitiate gardeners, Anna Pavord stresses the value of careful forethought",novice,beginner,novitiate,86,92,94,95,"gardeners,",Anna,Pavord," gardeners, Anna Pavord","In the Garden: Planning to beat a leafy retreat at home: In the first of a series for novice gardeners, Anna Pavord","In the Garden: Planning to beat a leafy retreat at home: In the first of a series for beginner gardeners, Anna Pavord","In the Garden: Planning to beat a leafy retreat at home: In the first of a series for novitiate gardeners, Anna Pavord"
munch-judgement-280,280,1861,a3e-fragment03-26,NEWS,-0.156,There are many things to think about before even the first tentative daffodil bulb is sunk into the ground.,There are many issues to think about before even the first tentative daffodil bulb is sunk into the ground.,There are many entities to think about before even the first tentative daffodil bulb is sunk into the ground.,things,issues,entities,15,21,21,23,to,think,about, to think about,There are many things to think about,There are many issues to think about,There are many entities to think about
munch-judgement-281,281,1871,a3e-fragment03-31,NEWS,0.206,"Some novice gardeners may not want to do much actual gardening at all, but conversely, do not want to look out every day over a scene of threadbare grass and rotting fence.","Some beginner gardeners may not want to do much actual gardening at all, but conversely, do not want to look out every day over a scene of threadbare grass and rotting fence.","Some novitiate gardeners may not want to do much actual gardening at all, but conversely, do not want to look out every day over a scene of threadbare grass and rotting fence.",novice,beginner,novitiate,5,11,13,14,gardeners,may,not, gardeners may not,Some novice gardeners may not,Some beginner gardeners may not,Some novitiate gardeners may not
munch-judgement-283,283,1891,a3e-fragment03-47,NEWS,-0.118,Closet countrysiders may want to pretend their patch is actually a corner of some Sussex meadow and picture it swagged with honeysuckle and waving with ox-eye daisies and scabious.,Closet countrysiders may want to pretend their patch is actually a corner of some Sussex meadow and imagine it swagged with honeysuckle and waving with ox-eye daisies and scabious.,Closet countrysiders may want to pretend their patch is actually a corner of some Sussex meadow and render it swagged with honeysuckle and waving with ox-eye daisies and scabious.,picture,imagine,render,100,107,107,106,it,swagged,with, it swagged with,Closet countrysiders may want to pretend their patch is actually a corner of some Sussex meadow and picture it swagged with,Closet countrysiders may want to pretend their patch is actually a corner of some Sussex meadow and imagine it swagged with,Closet countrysiders may want to pretend their patch is actually a corner of some Sussex meadow and render it swagged with
munch-judgement-284,284,1891,a3e-fragment03-47,NEWS,-0.118,Closet countrysiders may want to pretend their patch is actually a corner of some Sussex meadow and picture it swagged with honeysuckle and waving with ox-eye daisies and scabious.,Closet countrysiders may want to pretend their patch is actually a corner of some Sussex meadow and imagine it swagged with honeysuckle and waving with ox-eye daisies and scabious.,Closet countrysiders may want to pretend their patch is actually a corner of some Sussex meadow and show it swagged with honeysuckle and waving with ox-eye daisies and scabious.,picture,imagine,show,100,107,107,104,it,swagged,with, it swagged with,Closet countrysiders may want to pretend their patch is actually a corner of some Sussex meadow and picture it swagged with,Closet countrysiders may want to pretend their patch is actually a corner of some Sussex meadow and imagine it swagged with,Closet countrysiders may want to pretend their patch is actually a corner of some Sussex meadow and show it swagged with
munch-judgement-286,286,1911,a3e-fragment03-55,NEWS,-0.029,"It may be clipped classical, random cottage, modern high-tech, or some intensely personal vision of Byzantium, that no one has ever imagined before, but which exists in your head and wants to get out.","It may be clipped classical, random cottage, modern high-tech, or some intensely personal vision of Byzantium, that no one has ever imagined previously, but which exists in your head and wants to get out.","It may be clipped classical, random cottage, modern high-tech, or some intensely personal vision of Byzantium, that no one has ever imagined ahead, but which exists in your head and wants to get out.",before,previously,ahead,141,147,151,146,but,which,exists,", but which exists","It may be clipped classical, random cottage, modern high-tech, or some intensely personal vision of Byzantium, that no one has ever imagined before, but which exists","It may be clipped classical, random cottage, modern high-tech, or some intensely personal vision of Byzantium, that no one has ever imagined previously, but which exists","It may be clipped classical, random cottage, modern high-tech, or some intensely personal vision of Byzantium, that no one has ever imagined ahead, but which exists"
munch-judgement-287,287,1922,a3k-fragment11-115,NEWS,0.171,"As is the case almost everywhere else, the market in Devon is depressed and selling has not been easy.","As is the case almost everywhere else, the economy in Devon is depressed and selling has not been easy.","As is the case almost everywhere else, the grocery in Devon is depressed and selling has not been easy.",market,economy,grocery,43,49,50,50,in,Devon,is, in Devon is,"As is the case almost everywhere else, the market in Devon is","As is the case almost everywhere else, the economy in Devon is","As is the case almost everywhere else, the grocery in Devon is"
munch-judgement-288,288,1938,a3k-fragment11-121,NEWS,0.176,"Bristol and West claims these auctions will help to bring some action to an otherwise slow market, and says it was overwhelmed by the response from people wanting to sell in this way.","Bristol and West claims these auctions will help to bring some action to an otherwise slow market, and says it was overwhelmed by the feedback from people wanting to sell in this way.","Bristol and West claims these auctions will help to bring some action to an otherwise slow market, and says it was overwhelmed by the answer from people wanting to sell in this way.",response,feedback,answer,134,142,142,140,from,people,wanting, from people wanting,"Bristol and West claims these auctions will help to bring some action to an otherwise slow market, and says it was overwhelmed by the response from people wanting","Bristol and West claims these auctions will help to bring some action to an otherwise slow market, and says it was overwhelmed by the feedback from people wanting","Bristol and West claims these auctions will help to bring some action to an otherwise slow market, and says it was overwhelmed by the answer from people wanting"
munch-judgement-289,289,1948,a3k-fragment11-127,NEWS,0.281,"‘Many people have suffered from sales falling through and from house-buying chains, and some of our vendors feel that now's as good a time as any to sell.’","‘Many people have suffered from sales falling through and from house-buying companies, and some of our vendors feel that now's as good a time as any to sell.’","‘Many people have suffered from sales falling through and from house-buying ligaments, and some of our vendors feel that now's as good a time as any to sell.’",chains,companies,ligaments,76,82,85,85,and,some,of,", and some of","‘Many people have suffered from sales falling through and from house-buying chains, and some of","‘Many people have suffered from sales falling through and from house-buying companies, and some of","‘Many people have suffered from sales falling through and from house-buying ligaments, and some of"
munch-judgement-290,290,1975,a3k-fragment11-136,NEWS,0.03,"‘We're trying to smooth the path for purchasers, and streamline the system,’ says Graham Harrison, pointing out that live telephone bidding will also be available for those unable to attend.","‘We're trying to smooth the process for purchasers, and streamline the system,’ says Graham Harrison, pointing out that live telephone bidding will also be available for those unable to attend.","‘We're trying to smooth the itinerary for purchasers, and streamline the system,’ says Graham Harrison, pointing out that live telephone bidding will also be available for those unable to attend.",path,process,itinerary,28,32,35,37,for,"purchasers,",and," for purchasers, and","‘We're trying to smooth the path for purchasers, and","‘We're trying to smooth the process for purchasers, and","‘We're trying to smooth the itinerary for purchasers, and"
munch-judgement-291,291,2001,a3k-fragment11-149,NEWS,-0.125,"In addition, agents may charge slightly more commission than usual for a successful sale.","In addition, agents may levy slightly more commission than usual for a successful sale.","In addition, agents may rush slightly more commission than usual for a successful sale.",charge,levy,rush,24,30,28,28,slightly,more,commission, slightly more commission,"In addition, agents may charge slightly more commission","In addition, agents may levy slightly more commission","In addition, agents may rush slightly more commission"
munch-judgement-293,293,2020,a3k-fragment11-158,NEWS,0.0,"Peter Crowther, managing director of a Leeds business centre, recently bought two semi-detached stone cottages in Bramhope, on the outskirts of Leeds, at an auction in the village pub.","Peter Crowther, managing director of a Leeds business hub, recently bought two semi-detached stone cottages in Bramhope, on the outskirts of Leeds, at an auction in the village pub.","Peter Crowther, managing director of a Leeds business middle, recently bought two semi-detached stone cottages in Bramhope, on the outskirts of Leeds, at an auction in the village pub.",centre,hub,middle,54,60,57,60,recently,bought,two,", recently bought two","Peter Crowther, managing director of a Leeds business centre, recently bought two","Peter Crowther, managing director of a Leeds business hub, recently bought two","Peter Crowther, managing director of a Leeds business middle, recently bought two"
munch-judgement-294,294,2020,a3k-fragment11-158,NEWS,0.0,"Peter Crowther, managing director of a Leeds business centre, recently bought two semi-detached stone cottages in Bramhope, on the outskirts of Leeds, at an auction in the village pub.","Peter Crowther, managing director of a Leeds business hub, recently bought two semi-detached stone cottages in Bramhope, on the outskirts of Leeds, at an auction in the village pub.","Peter Crowther, managing director of a Leeds business heart, recently bought two semi-detached stone cottages in Bramhope, on the outskirts of Leeds, at an auction in the village pub.",centre,hub,heart,54,60,57,59,recently,bought,two,", recently bought two","Peter Crowther, managing director of a Leeds business centre, recently bought two","Peter Crowther, managing director of a Leeds business hub, recently bought two","Peter Crowther, managing director of a Leeds business heart, recently bought two"
munch-judgement-295,295,2020,a3k-fragment11-158,NEWS,0.0,"Peter Crowther, managing director of a Leeds business centre, recently bought two semi-detached stone cottages in Bramhope, on the outskirts of Leeds, at an auction in the village pub.","Peter Crowther, managing director of a Leeds business hub, recently bought two semi-detached stone cottages in Bramhope, on the outskirts of Leeds, at an auction in the village pub.","Peter Crowther, managing director of a Leeds business eye, recently bought two semi-detached stone cottages in Bramhope, on the outskirts of Leeds, at an auction in the village pub.",centre,hub,eye,54,60,57,57,recently,bought,two,", recently bought two","Peter Crowther, managing director of a Leeds business centre, recently bought two","Peter Crowther, managing director of a Leeds business hub, recently bought two","Peter Crowther, managing director of a Leeds business eye, recently bought two"
munch-judgement-299,299,2038,a3m-fragment02-48,NEWS,0.097,"Sleek, solidly built, gentle on the environment, they are often an ideal form of city transport.","Smooth, solidly built, gentle on the environment, they are often an ideal form of city transport.","Satiny, solidly built, gentle on the environment, they are often an ideal form of city transport.",Sleek,Smooth,Satiny,0,5,6,6,solidly,"built,",gentle,", solidly built, gentle","Sleek, solidly built, gentle","Smooth, solidly built, gentle","Satiny, solidly built, gentle"
munch-judgement-300,300,2038,a3m-fragment02-48,NEWS,0.097,"Sleek, solidly built, gentle on the environment, they are often an ideal form of city transport.","Smooth, solidly built, gentle on the environment, they are often an ideal form of city transport.","Silky, solidly built, gentle on the environment, they are often an ideal form of city transport.",Sleek,Smooth,Silky,0,5,6,5,solidly,"built,",gentle,", solidly built, gentle","Sleek, solidly built, gentle","Smooth, solidly built, gentle","Silky, solidly built, gentle"
munch-judgement-302,302,2044,a3m-fragment02-50,NEWS,0.0,"Single-car, articulated or double-decker, trams are one of the most reliable and enduring forms of public transport invented.","Single-car, articulated or double-decker, trams are one of the most reliable and enduring methods of public transport invented.","Single-car, articulated or double-decker, trams are one of the most reliable and enduring contours of public transport invented.",forms,methods,contours,90,95,97,98,of,public,transport, of public transport,"Single-car, articulated or double-decker, trams are one of the most reliable and enduring forms of public transport","Single-car, articulated or double-decker, trams are one of the most reliable and enduring methods of public transport","Single-car, articulated or double-decker, trams are one of the most reliable and enduring contours of public transport"
munch-judgement-303,303,2055,a3m-fragment02-55,NEWS,0.0,"Destined to run in Manchester, they will relieve traffic congestion and help to reduce the levels of carbon monoxide in the city centre, outlying suburbs and satellite towns of Bury, Altrincham, Salford, Oldham and Rochdale.","Destined to run in Manchester, they will relieve traffic congestion and help to lower the levels of carbon monoxide in the city centre, outlying suburbs and satellite towns of Bury, Altrincham, Salford, Oldham and Rochdale.","Destined to run in Manchester, they will relieve traffic congestion and help to concentrate the levels of carbon monoxide in the city centre, outlying suburbs and satellite towns of Bury, Altrincham, Salford, Oldham and Rochdale.",reduce,lower,concentrate,80,86,85,91,the,levels,of, the levels of,"Destined to run in Manchester, they will relieve traffic congestion and help to reduce the levels of","Destined to run in Manchester, they will relieve traffic congestion and help to lower the levels of","Destined to run in Manchester, they will relieve traffic congestion and help to concentrate the levels of"
munch-judgement-304,304,2101,a3m-fragment02-77,NEWS,0.171,"Artists' impressions show a tram that has more in common with the flat-faced, characterless light trains of the toy-like Docklands Light Railway.","Artists' impressions show a tram that has more in common with the flat-faced, characterless small trains of the toy-like Docklands Light Railway.","Artists' impressions show a tram that has more in common with the flat-faced, characterless light-colored trains of the toy-like Docklands Light Railway.",light,small,light-colored,92,97,97,105,trains,of,the, trains of the,"Artists' impressions show a tram that has more in common with the flat-faced, characterless light trains of the","Artists' impressions show a tram that has more in common with the flat-faced, characterless small trains of the","Artists' impressions show a tram that has more in common with the flat-faced, characterless light-colored trains of the"
munch-judgement-306,306,2132,a3p-fragment09-159,NEWS,0.242,The churches built on wool: Angela Lambert enjoys the riches at the heart of East Anglia,The churches built on wool: Angela Lambert enjoys the riches at the centre of East Anglia,The churches built on wool: Angela Lambert enjoys the riches at the pump of East Anglia,heart,centre,pump,68,73,74,72,of,East,Anglia, of East Anglia,The churches built on wool: Angela Lambert enjoys the riches at the heart of East Anglia,The churches built on wool: Angela Lambert enjoys the riches at the centre of East Anglia,The churches built on wool: Angela Lambert enjoys the riches at the pump of East Anglia
munch-judgement-307,307,2132,a3p-fragment09-159,NEWS,0.242,The churches built on wool: Angela Lambert enjoys the riches at the heart of East Anglia,The churches built on wool: Angela Lambert enjoys the riches at the centre of East Anglia,The churches built on wool: Angela Lambert enjoys the riches at the ticker of East Anglia,heart,centre,ticker,68,73,74,74,of,East,Anglia, of East Anglia,The churches built on wool: Angela Lambert enjoys the riches at the heart of East Anglia,The churches built on wool: Angela Lambert enjoys the riches at the centre of East Anglia,The churches built on wool: Angela Lambert enjoys the riches at the ticker of East Anglia
munch-judgement-309,309,2143,a3p-fragment09-172,NEWS,-0.147,"The hotel lies in five acres of fields and garden, and the Slingos, who own it, make the most of their beautiful surroundings by running painting courses for about £200 a week (including breakfast and dinner), or £90 for a long weekend.","The hotel lies in five acres of fields and garden, and the Slingos, who own it, make the most of their beautiful surroundings by running painting lessons for about £200 a week (including breakfast and dinner), or £90 for a long weekend.","The hotel lies in five acres of fields and garden, and the Slingos, who own it, make the most of their beautiful surroundings by running painting paths for about £200 a week (including breakfast and dinner), or £90 for a long weekend.",courses,lessons,paths,146,153,153,151,for,about,£200, for about £200,"The hotel lies in five acres of fields and garden, and the Slingos, who own it, make the most of their beautiful surroundings by running painting courses for about £200","The hotel lies in five acres of fields and garden, and the Slingos, who own it, make the most of their beautiful surroundings by running painting lessons for about £200","The hotel lies in five acres of fields and garden, and the Slingos, who own it, make the most of their beautiful surroundings by running painting paths for about £200"
munch-judgement-310,310,2143,a3p-fragment09-172,NEWS,-0.147,"The hotel lies in five acres of fields and garden, and the Slingos, who own it, make the most of their beautiful surroundings by running painting courses for about £200 a week (including breakfast and dinner), or £90 for a long weekend.","The hotel lies in five acres of fields and garden, and the Slingos, who own it, make the most of their beautiful surroundings by running painting lessons for about £200 a week (including breakfast and dinner), or £90 for a long weekend.","The hotel lies in five acres of fields and garden, and the Slingos, who own it, make the most of their beautiful surroundings by running painting tracks for about £200 a week (including breakfast and dinner), or £90 for a long weekend.",courses,lessons,tracks,146,153,153,152,for,about,£200, for about £200,"The hotel lies in five acres of fields and garden, and the Slingos, who own it, make the most of their beautiful surroundings by running painting courses for about £200","The hotel lies in five acres of fields and garden, and the Slingos, who own it, make the most of their beautiful surroundings by running painting lessons for about £200","The hotel lies in five acres of fields and garden, and the Slingos, who own it, make the most of their beautiful surroundings by running painting tracks for about £200"
munch-judgement-311,311,2143,a3p-fragment09-172,NEWS,-0.147,"The hotel lies in five acres of fields and garden, and the Slingos, who own it, make the most of their beautiful surroundings by running painting courses for about £200 a week (including breakfast and dinner), or £90 for a long weekend.","The hotel lies in five acres of fields and garden, and the Slingos, who own it, make the most of their beautiful surroundings by running painting classes for about £200 a week (including breakfast and dinner), or £90 for a long weekend.","The hotel lies in five acres of fields and garden, and the Slingos, who own it, make the most of their beautiful surroundings by running painting paths for about £200 a week (including breakfast and dinner), or £90 for a long weekend.",courses,classes,paths,146,153,153,151,for,about,£200, for about £200,"The hotel lies in five acres of fields and garden, and the Slingos, who own it, make the most of their beautiful surroundings by running painting courses for about £200","The hotel lies in five acres of fields and garden, and the Slingos, who own it, make the most of their beautiful surroundings by running painting classes for about £200","The hotel lies in five acres of fields and garden, and the Slingos, who own it, make the most of their beautiful surroundings by running painting paths for about £200"
munch-judgement-312,312,2143,a3p-fragment09-172,NEWS,-0.147,"The hotel lies in five acres of fields and garden, and the Slingos, who own it, make the most of their beautiful surroundings by running painting courses for about £200 a week (including breakfast and dinner), or £90 for a long weekend.","The hotel lies in five acres of fields and garden, and the Slingos, who own it, make the most of their beautiful surroundings by running painting classes for about £200 a week (including breakfast and dinner), or £90 for a long weekend.","The hotel lies in five acres of fields and garden, and the Slingos, who own it, make the most of their beautiful surroundings by running painting tracks for about £200 a week (including breakfast and dinner), or £90 for a long weekend.",courses,classes,tracks,146,153,153,152,for,about,£200, for about £200,"The hotel lies in five acres of fields and garden, and the Slingos, who own it, make the most of their beautiful surroundings by running painting courses for about £200","The hotel lies in five acres of fields and garden, and the Slingos, who own it, make the most of their beautiful surroundings by running painting classes for about £200","The hotel lies in five acres of fields and garden, and the Slingos, who own it, make the most of their beautiful surroundings by running painting tracks for about £200"
munch-judgement-315,315,2172,a3p-fragment09-188,NEWS,-0.091,"The much-thumbed book is deeply moving, and sets the tone for a walk round this glorious building, which has seen the christenings, marriages and burials of the folk of the village for more than 600 years.","The much-thumbed book is deeply moving, and sets the mood for a walk round this glorious building, which has seen the christenings, marriages and burials of the folk of the village for more than 600 years.","The much-thumbed book is deeply moving, and sets the speech for a walk round this glorious building, which has seen the christenings, marriages and burials of the folk of the village for more than 600 years.",tone,mood,speech,53,57,57,59,for,a,walk, for a walk,"The much-thumbed book is deeply moving, and sets the tone for a walk","The much-thumbed book is deeply moving, and sets the mood for a walk","The much-thumbed book is deeply moving, and sets the speech for a walk"
munch-judgement-316,316,2172,a3p-fragment09-188,NEWS,-0.091,"The much-thumbed book is deeply moving, and sets the tone for a walk round this glorious building, which has seen the christenings, marriages and burials of the folk of the village for more than 600 years.","The much-thumbed book is deeply moving, and sets the mood for a walk round this glorious building, which has seen the christenings, marriages and burials of the folk of the village for more than 600 years.","The much-thumbed book is deeply moving, and sets the delivery for a walk round this glorious building, which has seen the christenings, marriages and burials of the folk of the village for more than 600 years.",tone,mood,delivery,53,57,57,61,for,a,walk, for a walk,"The much-thumbed book is deeply moving, and sets the tone for a walk","The much-thumbed book is deeply moving, and sets the mood for a walk","The much-thumbed book is deeply moving, and sets the delivery for a walk"
munch-judgement-318,318,2173,a3p-fragment09-188,NEWS,0.0,"The much-thumbed book is deeply moving, and sets the tone for a walk round this glorious building, which has seen the christenings, marriages and burials of the folk of the village for more than 600 years.","The much-thumbed book is deeply moving, and sets the tone for a walk round this glorious building, which has witnessed the christenings, marriages and burials of the folk of the village for more than 600 years.","The much-thumbed book is deeply moving, and sets the tone for a walk round this glorious building, which has perceived the christenings, marriages and burials of the folk of the village for more than 600 years.",seen,witnessed,perceived,109,113,118,118,the,"christenings,",marriages," the christenings, marriages","The much-thumbed book is deeply moving, and sets the tone for a walk round this glorious building, which has seen the christenings, marriages","The much-thumbed book is deeply moving, and sets the tone for a walk round this glorious building, which has witnessed the christenings, marriages","The much-thumbed book is deeply moving, and sets the tone for a walk round this glorious building, which has perceived the christenings, marriages"
munch-judgement-319,319,2173,a3p-fragment09-188,NEWS,0.0,"The much-thumbed book is deeply moving, and sets the tone for a walk round this glorious building, which has seen the christenings, marriages and burials of the folk of the village for more than 600 years.","The much-thumbed book is deeply moving, and sets the tone for a walk round this glorious building, which has witnessed the christenings, marriages and burials of the folk of the village for more than 600 years.","The much-thumbed book is deeply moving, and sets the tone for a walk round this glorious building, which has comprehended the christenings, marriages and burials of the folk of the village for more than 600 years.",seen,witnessed,comprehended,109,113,118,121,the,"christenings,",marriages," the christenings, marriages","The much-thumbed book is deeply moving, and sets the tone for a walk round this glorious building, which has seen the christenings, marriages","The much-thumbed book is deeply moving, and sets the tone for a walk round this glorious building, which has witnessed the christenings, marriages","The much-thumbed book is deeply moving, and sets the tone for a walk round this glorious building, which has comprehended the christenings, marriages"
munch-judgement-321,321,2181,a3p-fragment09-193,NEWS,-0.062,"It is an image of the world we have lost, its gently sloping streets converging upon the market place.","It is an image of the world we have lost, its gradually sloping streets converging upon the market place.","It is an image of the world we have lost, its softly sloping streets converging upon the market place.",gently,gradually,softly,46,52,55,52,sloping,streets,converging, sloping streets converging,"It is an image of the world we have lost, its gently sloping streets converging","It is an image of the world we have lost, its gradually sloping streets converging","It is an image of the world we have lost, its softly sloping streets converging"
munch-judgement-322,322,2206,a4d-fragment02-80,NEWS,0.059,The project was controversial and the power station was only permitted providing the smoke was clean and the building did not challenge the visual dominance of St Paul's.,The project was controversial and the power station was only permitted providing the smoke was clean and the building did not obstruct the visual dominance of St Paul's.,The project was controversial and the power station was only permitted providing the smoke was clean and the building did not invite the visual dominance of St Paul's.,challenge,obstruct,invite,126,135,134,132,the,visual,dominance, the visual dominance,The project was controversial and the power station was only permitted providing the smoke was clean and the building did not challenge the visual dominance,The project was controversial and the power station was only permitted providing the smoke was clean and the building did not obstruct the visual dominance,The project was controversial and the power station was only permitted providing the smoke was clean and the building did not invite the visual dominance
munch-judgement-323,323,2206,a4d-fragment02-80,NEWS,0.059,The project was controversial and the power station was only permitted providing the smoke was clean and the building did not challenge the visual dominance of St Paul's.,The project was controversial and the power station was only permitted providing the smoke was clean and the building did not obstruct the visual dominance of St Paul's.,The project was controversial and the power station was only permitted providing the smoke was clean and the building did not bid the visual dominance of St Paul's.,challenge,obstruct,bid,126,135,134,129,the,visual,dominance, the visual dominance,The project was controversial and the power station was only permitted providing the smoke was clean and the building did not challenge the visual dominance,The project was controversial and the power station was only permitted providing the smoke was clean and the building did not obstruct the visual dominance,The project was controversial and the power station was only permitted providing the smoke was clean and the building did not bid the visual dominance
munch-judgement-325,325,2216,a4d-fragment02-90,NEWS,0.118,"Scott's first venture into this unlikely field of design was at Battersea where, in 1930, he was wheeled in as a famous knighted architect by the London Power Company to try to make acceptable the coal-fired monster power station to which the residents of Chelsea and Westminster were taking strong exception.","Scott's first venture into this unlikely area of design was at Battersea where, in 1930, he was wheeled in as a famous knighted architect by the London Power Company to try to make acceptable the coal-fired monster power station to which the residents of Chelsea and Westminster were taking strong exception.","Scott's first venture into this unlikely tract of design was at Battersea where, in 1930, he was wheeled in as a famous knighted architect by the London Power Company to try to make acceptable the coal-fired monster power station to which the residents of Chelsea and Westminster were taking strong exception.",field,area,tract,41,46,45,46,of,design,was, of design was,Scott's first venture into this unlikely field of design was,Scott's first venture into this unlikely area of design was,Scott's first venture into this unlikely tract of design was
munch-judgement-326,326,2216,a4d-fragment02-90,NEWS,0.118,"Scott's first venture into this unlikely field of design was at Battersea where, in 1930, he was wheeled in as a famous knighted architect by the London Power Company to try to make acceptable the coal-fired monster power station to which the residents of Chelsea and Westminster were taking strong exception.","Scott's first venture into this unlikely area of design was at Battersea where, in 1930, he was wheeled in as a famous knighted architect by the London Power Company to try to make acceptable the coal-fired monster power station to which the residents of Chelsea and Westminster were taking strong exception.","Scott's first venture into this unlikely parcel of design was at Battersea where, in 1930, he was wheeled in as a famous knighted architect by the London Power Company to try to make acceptable the coal-fired monster power station to which the residents of Chelsea and Westminster were taking strong exception.",field,area,parcel,41,46,45,47,of,design,was, of design was,Scott's first venture into this unlikely field of design was,Scott's first venture into this unlikely area of design was,Scott's first venture into this unlikely parcel of design was
munch-judgement-328,328,2242,a4d-fragment02-107,NEWS,0.176,"Such re-use is, of course, much encouraged by a building being listed, something which, until recently, was not possible with architecture of so recent a date.","Such re-use is, of course, much motivated by a building being listed, something which, until recently, was not possible with architecture of so recent a date.","Such re-use is, of course, much inspired by a building being listed, something which, until recently, was not possible with architecture of so recent a date.",encouraged,motivated,inspired,32,42,41,40,by,a,building, by a building,"Such re-use is, of course, much encouraged by a building","Such re-use is, of course, much motivated by a building","Such re-use is, of course, much inspired by a building"
munch-judgement-329,329,2242,a4d-fragment02-107,NEWS,0.176,"Such re-use is, of course, much encouraged by a building being listed, something which, until recently, was not possible with architecture of so recent a date.","Such re-use is, of course, much motivated by a building being listed, something which, until recently, was not possible with architecture of so recent a date.","Such re-use is, of course, much animated by a building being listed, something which, until recently, was not possible with architecture of so recent a date.",encouraged,motivated,animated,32,42,41,40,by,a,building, by a building,"Such re-use is, of course, much encouraged by a building","Such re-use is, of course, much motivated by a building","Such re-use is, of course, much animated by a building"
munch-judgement-331,331,2256,a4d-fragment02-114,NEWS,0.303,"Earlier this year, in my capacity as chairman of the Thirties Society, I asked Caithness's successor, Virginia Bottomley, to reconsider English Heritage's recommendation of Bankside for listing.","Earlier this year, in my role as chairman of the Thirties Society, I asked Caithness's successor, Virginia Bottomley, to reconsider English Heritage's recommendation of Bankside for listing.","Earlier this year, in my content as chairman of the Thirties Society, I asked Caithness's successor, Virginia Bottomley, to reconsider English Heritage's recommendation of Bankside for listing.",capacity,role,content,25,33,29,32,as,chairman,of, as chairman of,"Earlier this year, in my capacity as chairman of","Earlier this year, in my role as chairman of","Earlier this year, in my content as chairman of"
munch-judgement-332,332,2258,a4d-fragment02-116,NEWS,0.088,"Furthermore, the listing of Battersea had ensured the building's survival for conversion to a new use — in that case, as an entertainment centre which the Prime Minister herself had praised and inaugurated.","Furthermore, the listing of Battersea had ensured the building's survival for conversion to a new use — in that case, as an entertainment establishment which the Prime Minister herself had praised and inaugurated.","Furthermore, the listing of Battersea had ensured the building's survival for conversion to a new use — in that case, as an entertainment middle which the Prime Minister herself had praised and inaugurated.",centre,establishment,middle,138,144,151,144,which,the,Prime, which the Prime,"Furthermore, the listing of Battersea had ensured the building's survival for conversion to a new use — in that case, as an entertainment centre which the Prime","Furthermore, the listing of Battersea had ensured the building's survival for conversion to a new use — in that case, as an entertainment establishment which the Prime","Furthermore, the listing of Battersea had ensured the building's survival for conversion to a new use — in that case, as an entertainment middle which the Prime"
munch-judgement-333,333,2258,a4d-fragment02-116,NEWS,0.088,"Furthermore, the listing of Battersea had ensured the building's survival for conversion to a new use — in that case, as an entertainment centre which the Prime Minister herself had praised and inaugurated.","Furthermore, the listing of Battersea had ensured the building's survival for conversion to a new use — in that case, as an entertainment establishment which the Prime Minister herself had praised and inaugurated.","Furthermore, the listing of Battersea had ensured the building's survival for conversion to a new use — in that case, as an entertainment heart which the Prime Minister herself had praised and inaugurated.",centre,establishment,heart,138,144,151,143,which,the,Prime, which the Prime,"Furthermore, the listing of Battersea had ensured the building's survival for conversion to a new use — in that case, as an entertainment centre which the Prime","Furthermore, the listing of Battersea had ensured the building's survival for conversion to a new use — in that case, as an entertainment establishment which the Prime","Furthermore, the listing of Battersea had ensured the building's survival for conversion to a new use — in that case, as an entertainment heart which the Prime"
munch-judgement-334,334,2258,a4d-fragment02-116,NEWS,0.088,"Furthermore, the listing of Battersea had ensured the building's survival for conversion to a new use — in that case, as an entertainment centre which the Prime Minister herself had praised and inaugurated.","Furthermore, the listing of Battersea had ensured the building's survival for conversion to a new use — in that case, as an entertainment establishment which the Prime Minister herself had praised and inaugurated.","Furthermore, the listing of Battersea had ensured the building's survival for conversion to a new use — in that case, as an entertainment eye which the Prime Minister herself had praised and inaugurated.",centre,establishment,eye,138,144,151,141,which,the,Prime, which the Prime,"Furthermore, the listing of Battersea had ensured the building's survival for conversion to a new use — in that case, as an entertainment centre which the Prime","Furthermore, the listing of Battersea had ensured the building's survival for conversion to a new use — in that case, as an entertainment establishment which the Prime","Furthermore, the listing of Battersea had ensured the building's survival for conversion to a new use — in that case, as an entertainment eye which the Prime"
munch-judgement-335,335,2258,a4d-fragment02-116,NEWS,0.088,"Furthermore, the listing of Battersea had ensured the building's survival for conversion to a new use — in that case, as an entertainment centre which the Prime Minister herself had praised and inaugurated.","Furthermore, the listing of Battersea had ensured the building's survival for conversion to a new use — in that case, as an entertainment establishment which the Prime Minister herself had praised and inaugurated.","Furthermore, the listing of Battersea had ensured the building's survival for conversion to a new use — in that case, as an entertainment midpoint which the Prime Minister herself had praised and inaugurated.",centre,establishment,midpoint,138,144,151,146,which,the,Prime, which the Prime,"Furthermore, the listing of Battersea had ensured the building's survival for conversion to a new use — in that case, as an entertainment centre which the Prime","Furthermore, the listing of Battersea had ensured the building's survival for conversion to a new use — in that case, as an entertainment establishment which the Prime","Furthermore, the listing of Battersea had ensured the building's survival for conversion to a new use — in that case, as an entertainment midpoint which the Prime"
munch-judgement-342,342,2271,a4d-fragment02-124,NEWS,-0.172,"In the case of Bankside Power Station, the ultimate ‘temple of power’ and a masterpiece of industrial architecture by a major twentieth-century British architect, our historic building system is being perverted for purely political reasons.","In the case of Bankside Power Station, the ultimate ‘temple of energy’ and a masterpiece of industrial architecture by a major twentieth-century British architect, our historic building system is being perverted for purely political reasons.","In the case of Bankside Power Station, the ultimate ‘temple of might’ and a masterpiece of industrial architecture by a major twentieth-century British architect, our historic building system is being perverted for purely political reasons.",power,energy,might,63,68,69,68,and,a,masterpiece,’ and a masterpiece,"In the case of Bankside Power Station, the ultimate ‘temple of power’ and a masterpiece","In the case of Bankside Power Station, the ultimate ‘temple of energy’ and a masterpiece","In the case of Bankside Power Station, the ultimate ‘temple of might’ and a masterpiece"
munch-judgement-343,343,2271,a4d-fragment02-124,NEWS,-0.172,"In the case of Bankside Power Station, the ultimate ‘temple of power’ and a masterpiece of industrial architecture by a major twentieth-century British architect, our historic building system is being perverted for purely political reasons.","In the case of Bankside Power Station, the ultimate ‘temple of energy’ and a masterpiece of industrial architecture by a major twentieth-century British architect, our historic building system is being perverted for purely political reasons.","In the case of Bankside Power Station, the ultimate ‘temple of mightiness’ and a masterpiece of industrial architecture by a major twentieth-century British architect, our historic building system is being perverted for purely political reasons.",power,energy,mightiness,63,68,69,73,and,a,masterpiece,’ and a masterpiece,"In the case of Bankside Power Station, the ultimate ‘temple of power’ and a masterpiece","In the case of Bankside Power Station, the ultimate ‘temple of energy’ and a masterpiece","In the case of Bankside Power Station, the ultimate ‘temple of mightiness’ and a masterpiece"
munch-judgement-345,345,2274,a5e-fragment06-147,NEWS,0.333,"And towering above these stage cliches is, of course, the driven genius whose music can not be stemmed by the forces of reaction.","And towering above these stage cliches is, of course, the driven genius whose music can not be restrained by the forces of reaction.","And towering above these stage cliches is, of course, the driven genius whose music can not be stanched by the forces of reaction.",stemmed,restrained,stanched,95,102,105,103,by,the,forces, by the forces,"And towering above these stage cliches is, of course, the driven genius whose music can not be stemmed by the forces","And towering above these stage cliches is, of course, the driven genius whose music can not be restrained by the forces","And towering above these stage cliches is, of course, the driven genius whose music can not be stanched by the forces"
munch-judgement-346,346,2274,a5e-fragment06-147,NEWS,0.333,"And towering above these stage cliches is, of course, the driven genius whose music can not be stemmed by the forces of reaction.","And towering above these stage cliches is, of course, the driven genius whose music can not be restrained by the forces of reaction.","And towering above these stage cliches is, of course, the driven genius whose music can not be staunched by the forces of reaction.",stemmed,restrained,staunched,95,102,105,104,by,the,forces, by the forces,"And towering above these stage cliches is, of course, the driven genius whose music can not be stemmed by the forces","And towering above these stage cliches is, of course, the driven genius whose music can not be restrained by the forces","And towering above these stage cliches is, of course, the driven genius whose music can not be staunched by the forces"
munch-judgement-351,351,2329,a5e-fragment06-179,NEWS,0.091,"Of the two prototype rock songwriters, it's the more worldly Chuck Berry you turn to for the authentic picture of teenage pleasures in Eisenhower's America: ‘Gon na write a little letter, Gon na mail it to my local deejay.’","Of the two prototype rock songwriters, it's the more worldly Chuck Berry you turn to for the authentic image of teenage pleasures in Eisenhower's America: ‘Gon na write a little letter, Gon na mail it to my local deejay.’","Of the two prototype rock songwriters, it's the more worldly Chuck Berry you turn to for the authentic icon of teenage pleasures in Eisenhower's America: ‘Gon na write a little letter, Gon na mail it to my local deejay.’",picture,image,icon,103,110,108,107,of,teenage,pleasures, of teenage pleasures,"Of the two prototype rock songwriters, it's the more worldly Chuck Berry you turn to for the authentic picture of teenage pleasures","Of the two prototype rock songwriters, it's the more worldly Chuck Berry you turn to for the authentic image of teenage pleasures","Of the two prototype rock songwriters, it's the more worldly Chuck Berry you turn to for the authentic icon of teenage pleasures"
munch-judgement-352,352,2338,a5e-fragment06-184,NEWS,0.147,"The voice of rock'n'roll, in contrast, is almost unrelievedly soupy.","The tone of rock'n'roll, in contrast, is almost unrelievedly soupy.","The vocalization of rock'n'roll, in contrast, is almost unrelievedly soupy.",voice,tone,vocalization,4,9,8,16,of,"rock'n'roll,",in," of rock'n'roll, in","The voice of rock'n'roll, in","The tone of rock'n'roll, in","The vocalization of rock'n'roll, in"
munch-judgement-353,353,2379,a5e-fragment06-198,NEWS,-0.176,"And surely any dramatist ought to be able to move us with that final night of Holly's life, when his musicians (including Waylon Jennings) gave their places on the ‘plane to the Big Bopper and Ritchie Valens.","And surely any dramatist ought to be able to touch us with that final night of Holly's life, when his musicians (including Waylon Jennings) gave their places on the ‘plane to the Big Bopper and Ritchie Valens.","And surely any dramatist ought to be able to locomote us with that final night of Holly's life, when his musicians (including Waylon Jennings) gave their places on the ‘plane to the Big Bopper and Ritchie Valens.",move,touch,locomote,45,49,50,53,us,with,that, us with that,And surely any dramatist ought to be able to move us with that,And surely any dramatist ought to be able to touch us with that,And surely any dramatist ought to be able to locomote us with that
munch-judgement-354,354,2385,a5e-fragment06-201,NEWS,0.441,"That, after all, is what Don McLean did so brilliantly in ‘American Pie’, a personal reaction to ‘the day the music died’.","That, after all, is what Don McLean did so amazingly in ‘American Pie’, a personal reaction to ‘the day the music died’.","That, after all, is what Don McLean did so brightly in ‘American Pie’, a personal reaction to ‘the day the music died’.",brilliantly,amazingly,brightly,43,54,52,51,in,‘American,"Pie’,"," in ‘American Pie’,","That, after all, is what Don McLean did so brilliantly in ‘American Pie’,","That, after all, is what Don McLean did so amazingly in ‘American Pie’,","That, after all, is what Don McLean did so brightly in ‘American Pie’,"
munch-judgement-371,371,2392,a6u-fragment02-167,ACPROSE,-0.03,The work of previously marginalised artists has become an area of rich speculation among art dealers priced out of the ‘modern masters’ market.,The work of previously marginalised artists has become an area of much speculation among art dealers priced out of the ‘modern masters’ market.,The work of previously marginalised artists has become an area of fat speculation among art dealers priced out of the ‘modern masters’ market.,rich,much,fat,66,70,70,69,speculation,among,art, speculation among art,The work of previously marginalised artists has become an area of rich speculation among art,The work of previously marginalised artists has become an area of much speculation among art,The work of previously marginalised artists has become an area of fat speculation among art
munch-judgement-372,372,2395,a6u-fragment02-168,ACPROSE,0.441,"Almost every year has witnessed the discovery of new artistic terrain — graffiti art, Soviet art, Australian art, the art of Latin America.","Almost every year has witnessed the discovery of new artistic category — graffiti art, Soviet art, Australian art, the art of Latin America.","Almost every year has witnessed the discovery of new artistic parcel — graffiti art, Soviet art, Australian art, the art of Latin America.",terrain,category,parcel,62,69,70,68,graffiti,"art,",Soviet," — graffiti art, Soviet","Almost every year has witnessed the discovery of new artistic terrain — graffiti art, Soviet","Almost every year has witnessed the discovery of new artistic category — graffiti art, Soviet","Almost every year has witnessed the discovery of new artistic parcel — graffiti art, Soviet"
munch-judgement-373,373,2399,a6u-fragment02-169,ACPROSE,-0.091,The major auction houses have moved with the times and have found new ways of selling works which in both form and content would have proved an unstable investment a decade ago.,The major auction houses have moved with the times and have found new ways of selling works which in both form and details would have proved an unstable investment a decade ago.,The major auction houses have moved with the times and have found new ways of selling works which in both form and collection would have proved an unstable investment a decade ago.,content,details,collection,115,122,122,125,would,have,proved, would have proved,The major auction houses have moved with the times and have found new ways of selling works which in both form and content would have proved,The major auction houses have moved with the times and have found new ways of selling works which in both form and details would have proved,The major auction houses have moved with the times and have found new ways of selling works which in both form and collection would have proved
munch-judgement-374,374,2399,a6u-fragment02-169,ACPROSE,-0.091,The major auction houses have moved with the times and have found new ways of selling works which in both form and content would have proved an unstable investment a decade ago.,The major auction houses have moved with the times and have found new ways of selling works which in both form and details would have proved an unstable investment a decade ago.,The major auction houses have moved with the times and have found new ways of selling works which in both form and aggregation would have proved an unstable investment a decade ago.,content,details,aggregation,115,122,122,126,would,have,proved, would have proved,The major auction houses have moved with the times and have found new ways of selling works which in both form and content would have proved,The major auction houses have moved with the times and have found new ways of selling works which in both form and details would have proved,The major auction houses have moved with the times and have found new ways of selling works which in both form and aggregation would have proved
munch-judgement-375,375,2399,a6u-fragment02-169,ACPROSE,-0.091,The major auction houses have moved with the times and have found new ways of selling works which in both form and content would have proved an unstable investment a decade ago.,The major auction houses have moved with the times and have found new ways of selling works which in both form and details would have proved an unstable investment a decade ago.,The major auction houses have moved with the times and have found new ways of selling works which in both form and accumulation would have proved an unstable investment a decade ago.,content,details,accumulation,115,122,122,127,would,have,proved, would have proved,The major auction houses have moved with the times and have found new ways of selling works which in both form and content would have proved,The major auction houses have moved with the times and have found new ways of selling works which in both form and details would have proved,The major auction houses have moved with the times and have found new ways of selling works which in both form and accumulation would have proved
munch-judgement-376,376,2399,a6u-fragment02-169,ACPROSE,-0.091,The major auction houses have moved with the times and have found new ways of selling works which in both form and content would have proved an unstable investment a decade ago.,The major auction houses have moved with the times and have found new ways of selling works which in both form and details would have proved an unstable investment a decade ago.,The major auction houses have moved with the times and have found new ways of selling works which in both form and assemblage would have proved an unstable investment a decade ago.,content,details,assemblage,115,122,122,125,would,have,proved, would have proved,The major auction houses have moved with the times and have found new ways of selling works which in both form and content would have proved,The major auction houses have moved with the times and have found new ways of selling works which in both form and details would have proved,The major auction houses have moved with the times and have found new ways of selling works which in both form and assemblage would have proved
munch-judgement-383,383,2406,a6u-fragment02-171,ACPROSE,0.03,"Once known primarily as the wife of Diego Rivera, her reputation outside of Mexico now far supercedes his: since 1919, sale room estimates of her work have risen from $40,000 to over $1 million, and in 1990 a work by Kahlo broke all records at Sotheby's New York for a Latin American artist.","Once known primarily as the wife of Diego Rivera, her reputation outside of Mexico now far supercedes his: since 1919, sale room estimates of her work have risen from $40,000 to over $1 million, and in 1990 a work by Kahlo smashed all records at Sotheby's New York for a Latin American artist.","Once known primarily as the wife of Diego Rivera, her reputation outside of Mexico now far supercedes his: since 1919, sale room estimates of her work have risen from $40,000 to over $1 million, and in 1990 a work by Kahlo separated all records at Sotheby's New York for a Latin American artist.",broke,smashed,separated,223,228,230,232,all,records,at, all records at,"Once known primarily as the wife of Diego Rivera, her reputation outside of Mexico now far supercedes his: since 1919, sale room estimates of her work have risen from $40,000 to over $1 million, and in 1990 a work by Kahlo broke all records at","Once known primarily as the wife of Diego Rivera, her reputation outside of Mexico now far supercedes his: since 1919, sale room estimates of her work have risen from $40,000 to over $1 million, and in 1990 a work by Kahlo smashed all records at","Once known primarily as the wife of Diego Rivera, her reputation outside of Mexico now far supercedes his: since 1919, sale room estimates of her work have risen from $40,000 to over $1 million, and in 1990 a work by Kahlo separated all records at"
munch-judgement-384,384,2418,a6u-fragment02-175,ACPROSE,-0.229,"In May 1989 Elle magazine ran a 16 page feature on Frida Kahlo as the ‘spirit of Mexico’ (Fig. 1), while in Vogue (Feb. 1990) there was a 10 page interpretation of ‘the romance of Frida Kahlo's Mexico’ (Fig. 2).","In May 1989 Elle magazine published a 16 page feature on Frida Kahlo as the ‘spirit of Mexico’ (Fig. 1), while in Vogue (Feb. 1990) there was a 10 page interpretation of ‘the romance of Frida Kahlo's Mexico’ (Fig. 2).","In May 1989 Elle magazine sped a 16 page feature on Frida Kahlo as the ‘spirit of Mexico’ (Fig. 1), while in Vogue (Feb. 1990) there was a 10 page interpretation of ‘the romance of Frida Kahlo's Mexico’ (Fig. 2).",ran,published,sped,26,29,35,30,a,16,page, a 16 page,In May 1989 Elle magazine ran a 16 page,In May 1989 Elle magazine published a 16 page,In May 1989 Elle magazine sped a 16 page
munch-judgement-385,385,2418,a6u-fragment02-175,ACPROSE,-0.229,"In May 1989 Elle magazine ran a 16 page feature on Frida Kahlo as the ‘spirit of Mexico’ (Fig. 1), while in Vogue (Feb. 1990) there was a 10 page interpretation of ‘the romance of Frida Kahlo's Mexico’ (Fig. 2).","In May 1989 Elle magazine published a 16 page feature on Frida Kahlo as the ‘spirit of Mexico’ (Fig. 1), while in Vogue (Feb. 1990) there was a 10 page interpretation of ‘the romance of Frida Kahlo's Mexico’ (Fig. 2).","In May 1989 Elle magazine hurried a 16 page feature on Frida Kahlo as the ‘spirit of Mexico’ (Fig. 1), while in Vogue (Feb. 1990) there was a 10 page interpretation of ‘the romance of Frida Kahlo's Mexico’ (Fig. 2).",ran,published,hurried,26,29,35,33,a,16,page, a 16 page,In May 1989 Elle magazine ran a 16 page,In May 1989 Elle magazine published a 16 page,In May 1989 Elle magazine hurried a 16 page
munch-judgement-386,386,2418,a6u-fragment02-175,ACPROSE,-0.229,"In May 1989 Elle magazine ran a 16 page feature on Frida Kahlo as the ‘spirit of Mexico’ (Fig. 1), while in Vogue (Feb. 1990) there was a 10 page interpretation of ‘the romance of Frida Kahlo's Mexico’ (Fig. 2).","In May 1989 Elle magazine published a 16 page feature on Frida Kahlo as the ‘spirit of Mexico’ (Fig. 1), while in Vogue (Feb. 1990) there was a 10 page interpretation of ‘the romance of Frida Kahlo's Mexico’ (Fig. 2).","In May 1989 Elle magazine zipped a 16 page feature on Frida Kahlo as the ‘spirit of Mexico’ (Fig. 1), while in Vogue (Feb. 1990) there was a 10 page interpretation of ‘the romance of Frida Kahlo's Mexico’ (Fig. 2).",ran,published,zipped,26,29,35,32,a,16,page, a 16 page,In May 1989 Elle magazine ran a 16 page,In May 1989 Elle magazine published a 16 page,In May 1989 Elle magazine zipped a 16 page
munch-judgement-390,390,2432,a6u-fragment02-181,ACPROSE,0.25,"While Kahlo's art helped her to deal with the vicissitudes of her life, for most audiences it is her life story which allows access to her art.","While Kahlo's art helped her to deal with the vicissitudes of her life, for most viewers it is her life story which allows access to her art.","While Kahlo's art helped her to deal with the vicissitudes of her life, for most gatherings it is her life story which allows access to her art.",audiences,viewers,gatherings,81,90,88,91,it,is,her, it is her,"While Kahlo's art helped her to deal with the vicissitudes of her life, for most audiences it is her","While Kahlo's art helped her to deal with the vicissitudes of her life, for most viewers it is her","While Kahlo's art helped her to deal with the vicissitudes of her life, for most gatherings it is her"
munch-judgement-391,391,2435,a6u-fragment02-182,ACPROSE,-0.265,"In this one can draw obvious parallels to the appeal of Van Gogh, a traditionally popular artist recently made fashionable by the media attention generated during the centennial of his death.","In this one can conclude obvious parallels to the appeal of Van Gogh, a traditionally popular artist recently made fashionable by the media attention generated during the centennial of his death.","In this one can pull obvious parallels to the appeal of Van Gogh, a traditionally popular artist recently made fashionable by the media attention generated during the centennial of his death.",draw,conclude,pull,16,20,24,20,obvious,parallels,to, obvious parallels to,In this one can draw obvious parallels to,In this one can conclude obvious parallels to,In this one can pull obvious parallels to
munch-judgement-392,392,2452,a6u-fragment02-187,ACPROSE,0.029,The Elle feature transposed the ‘Kahlo style’ to Kahlo lookalikes in contemporary clothing balanced around segments of Herrera's biography of the artist.,The Elle feature transposed the ‘Kahlo style’ to Kahlo lookalikes in contemporary clothing balanced around Portions of Herrera's biography of the artist.,The Elle feature transposed the ‘Kahlo style’ to Kahlo lookalikes in contemporary clothing balanced around sections of Herrera's biography of the artist.,segments,Portions,sections,107,115,115,115,of,Herrera's,biography, of Herrera's biography,The Elle feature transposed the ‘Kahlo style’ to Kahlo lookalikes in contemporary clothing balanced around segments of Herrera's biography,The Elle feature transposed the ‘Kahlo style’ to Kahlo lookalikes in contemporary clothing balanced around Portions of Herrera's biography,The Elle feature transposed the ‘Kahlo style’ to Kahlo lookalikes in contemporary clothing balanced around sections of Herrera's biography
munch-judgement-393,393,2456,a6u-fragment02-189,ACPROSE,0.088,"There is a poignant irony in the way clothing, which on one level served to hide Kahlo's broken body, falls or is lifted by the model to reveal a luxuriantly perfect physique (Fig. 4).","There is a poignant irony in the manner clothing, which on one level served to hide Kahlo's broken body, falls or is lifted by the model to reveal a luxuriantly perfect physique (Fig. 4).","There is a poignant irony in the direction clothing, which on one level served to hide Kahlo's broken body, falls or is lifted by the model to reveal a luxuriantly perfect physique (Fig. 4).",way,manner,direction,33,36,39,42,"clothing,",which,on," clothing, which on","There is a poignant irony in the way clothing, which on","There is a poignant irony in the manner clothing, which on","There is a poignant irony in the direction clothing, which on"
munch-judgement-395,395,2493,a6u-fragment02-206,ACPROSE,0.088,"The ‘impossibility’ stemmed from the failure of such followers to recognise the symbolic importance of Kahlo's choice of clothing, a failure also intrinsic to her recent magazine appearances.","The ‘impossibility’ stemmed from the failure of such followers to acknowledge the symbolic importance of Kahlo's choice of clothing, a failure also intrinsic to her recent magazine appearances.","The ‘impossibility’ stemmed from the failure of such followers to distinguish the symbolic importance of Kahlo's choice of clothing, a failure also intrinsic to her recent magazine appearances.",recognise,acknowledge,distinguish,66,75,77,77,the,symbolic,importance, the symbolic importance,The ‘impossibility’ stemmed from the failure of such followers to recognise the symbolic importance,The ‘impossibility’ stemmed from the failure of such followers to acknowledge the symbolic importance,The ‘impossibility’ stemmed from the failure of such followers to distinguish the symbolic importance
munch-judgement-396,396,2504,a6u-fragment02-212,ACPROSE,-0.121,"The ostensibly matriarchal society of Tehuantepec led to the adoption of the Tehuana, in post-revolutionary Mexico, as the image of the strong Indian woman; the undefeated counterpart to the despised ‘Chingada’, who, conversely is the female embodiment of Mexico's hybrid post-conquest culture.","The ostensibly matriarchal society of Tehuantepec led to the adoption of the Tehuana, in post-revolutionary Mexico, as the portrayal of the strong Indian woman; the undefeated counterpart to the despised ‘Chingada’, who, conversely is the female embodiment of Mexico's hybrid post-conquest culture.","The ostensibly matriarchal society of Tehuantepec led to the adoption of the Tehuana, in post-revolutionary Mexico, as the picture of the strong Indian woman; the undefeated counterpart to the despised ‘Chingada’, who, conversely is the female embodiment of Mexico's hybrid post-conquest culture.",image,portrayal,picture,123,128,132,130,of,the,strong, of the strong,"The ostensibly matriarchal society of Tehuantepec led to the adoption of the Tehuana, in post-revolutionary Mexico, as the image of the strong","The ostensibly matriarchal society of Tehuantepec led to the adoption of the Tehuana, in post-revolutionary Mexico, as the portrayal of the strong","The ostensibly matriarchal society of Tehuantepec led to the adoption of the Tehuana, in post-revolutionary Mexico, as the picture of the strong"
munch-judgement-397,397,2504,a6u-fragment02-212,ACPROSE,-0.121,"The ostensibly matriarchal society of Tehuantepec led to the adoption of the Tehuana, in post-revolutionary Mexico, as the image of the strong Indian woman; the undefeated counterpart to the despised ‘Chingada’, who, conversely is the female embodiment of Mexico's hybrid post-conquest culture.","The ostensibly matriarchal society of Tehuantepec led to the adoption of the Tehuana, in post-revolutionary Mexico, as the portrayal of the strong Indian woman; the undefeated counterpart to the despised ‘Chingada’, who, conversely is the female embodiment of Mexico's hybrid post-conquest culture.","The ostensibly matriarchal society of Tehuantepec led to the adoption of the Tehuana, in post-revolutionary Mexico, as the icon of the strong Indian woman; the undefeated counterpart to the despised ‘Chingada’, who, conversely is the female embodiment of Mexico's hybrid post-conquest culture.",image,portrayal,icon,123,128,132,127,of,the,strong, of the strong,"The ostensibly matriarchal society of Tehuantepec led to the adoption of the Tehuana, in post-revolutionary Mexico, as the image of the strong","The ostensibly matriarchal society of Tehuantepec led to the adoption of the Tehuana, in post-revolutionary Mexico, as the portrayal of the strong","The ostensibly matriarchal society of Tehuantepec led to the adoption of the Tehuana, in post-revolutionary Mexico, as the icon of the strong"
munch-judgement-399,399,2508,a6u-fragment02-213,ACPROSE,0.059,"In a culture where sexual metaphors are frequently used to convey racial and political conflict, the Tehuana represents that aspect of Mexico's indigenous tradition unbowed by centuries of colonial and male rule.","In a culture where sexual metaphors are frequently used to convey racial and political conflict, the Tehuana represents that part of Mexico's indigenous tradition unbowed by centuries of colonial and male rule.","In a culture where sexual metaphors are frequently used to convey racial and political conflict, the Tehuana represents that panorama of Mexico's indigenous tradition unbowed by centuries of colonial and male rule.",aspect,part,panorama,125,131,129,133,of,Mexico's,indigenous, of Mexico's indigenous,"In a culture where sexual metaphors are frequently used to convey racial and political conflict, the Tehuana represents that aspect of Mexico's indigenous","In a culture where sexual metaphors are frequently used to convey racial and political conflict, the Tehuana represents that part of Mexico's indigenous","In a culture where sexual metaphors are frequently used to convey racial and political conflict, the Tehuana represents that panorama of Mexico's indigenous"
munch-judgement-400,400,2512,a6u-fragment02-214,ACPROSE,0.294,"Kahlo's adoption of Tehuana dress, while being an attractive disguise of what she saw as a less than perfect body, asserted both a feminist and an anti-colonialist position.","Kahlo's use of Tehuana dress, while being an attractive disguise of what she saw as a less than perfect body, asserted both a feminist and an anti-colonialist position.","Kahlo's proceeding of Tehuana dress, while being an attractive disguise of what she saw as a less than perfect body, asserted both a feminist and an anti-colonialist position.",adoption,use,proceeding,8,16,11,18,of,Tehuana,"dress,"," of Tehuana dress,","Kahlo's adoption of Tehuana dress,","Kahlo's use of Tehuana dress,","Kahlo's proceeding of Tehuana dress,"
munch-judgement-401,401,2527,a6u-fragment02-222,ACPROSE,0.031,"The fascination with functions of the body, the analogies between artistic and physical creative processes, self-portraiture used to reveal the female body as the site of patriarchal aesthetic discourse; all of these mirror the concerns of many women painters of the 1980s.","The fascination with functions of the body, the analogies between artistic and physical creative processes, self-portraiture used to show the female body as the site of patriarchal aesthetic discourse; all of these mirror the concerns of many women painters of the 1980s.","The fascination with functions of the body, the analogies between artistic and physical creative processes, self-portraiture used to uncover the female body as the site of patriarchal aesthetic discourse; all of these mirror the concerns of many women painters of the 1980s.",reveal,show,uncover,133,139,137,140,the,female,body, the female body,"The fascination with functions of the body, the analogies between artistic and physical creative processes, self-portraiture used to reveal the female body","The fascination with functions of the body, the analogies between artistic and physical creative processes, self-portraiture used to show the female body","The fascination with functions of the body, the analogies between artistic and physical creative processes, self-portraiture used to uncover the female body"
munch-judgement-402,402,2536,a6u-fragment02-234,ACPROSE,0.219,"In their formal language, Kahlo's works are exemplary of certain feminist arguments; the adoption of the decorative, the intimate and non-fine art mediums reveals the restrictive nature of traditional definitions of ‘high art’.","In their formal language, Kahlo's works are exemplary of certain feminist arguments; the adoption of the decorative, the intimate and non-fine art mediums reveals the restrictive essence of traditional definitions of ‘high art’.","In their formal language, Kahlo's works are exemplary of certain feminist arguments; the adoption of the decorative, the intimate and non-fine art mediums reveals the restrictive trait of traditional definitions of ‘high art’.",nature,essence,trait,179,185,186,184,of,traditional,definitions, of traditional definitions,"In their formal language, Kahlo's works are exemplary of certain feminist arguments; the adoption of the decorative, the intimate and non-fine art mediums reveals the restrictive nature of traditional definitions","In their formal language, Kahlo's works are exemplary of certain feminist arguments; the adoption of the decorative, the intimate and non-fine art mediums reveals the restrictive essence of traditional definitions","In their formal language, Kahlo's works are exemplary of certain feminist arguments; the adoption of the decorative, the intimate and non-fine art mediums reveals the restrictive trait of traditional definitions"
munch-judgement-403,403,2544,a6u-fragment02-237,ACPROSE,-0.206,"More problematic is the way in which such a dislocation has led to the acceptance of her ‘Mexicanness’ as mere decoration of the essentially feminist themes of her work, thereby defusing a substantial part of the art described by Breton as a ‘ribbon round a bomb’.","More problematic is the manner in which such a dislocation has led to the acceptance of her ‘Mexicanness’ as mere decoration of the essentially feminist themes of her work, thereby defusing a substantial part of the art described by Breton as a ‘ribbon round a bomb’.","More problematic is the direction in which such a dislocation has led to the acceptance of her ‘Mexicanness’ as mere decoration of the essentially feminist themes of her work, thereby defusing a substantial part of the art described by Breton as a ‘ribbon round a bomb’.",way,manner,direction,24,27,30,33,in,which,such, in which such,More problematic is the way in which such,More problematic is the manner in which such,More problematic is the direction in which such
munch-judgement-404,404,2561,a6u-fragment02-243,ACPROSE,0.152,"In Kahlo's painting, the figure falls from the fantasy world she has inhabited to the harsh bloodspattered reality of the street, literally coming down to earth.","In Kahlo's painting, the figure falls from the fantasy realm she has inhabited to the harsh bloodspattered reality of the street, literally coming down to earth.","In Kahlo's painting, the figure falls from the fantasy Earth she has inhabited to the harsh bloodspattered reality of the street, literally coming down to earth.",world,realm,Earth,55,60,60,60,she,has,inhabited, she has inhabited,"In Kahlo's painting, the figure falls from the fantasy world she has inhabited","In Kahlo's painting, the figure falls from the fantasy realm she has inhabited","In Kahlo's painting, the figure falls from the fantasy Earth she has inhabited"
munch-judgement-405,405,2561,a6u-fragment02-243,ACPROSE,0.152,"In Kahlo's painting, the figure falls from the fantasy world she has inhabited to the harsh bloodspattered reality of the street, literally coming down to earth.","In Kahlo's painting, the figure falls from the fantasy realm she has inhabited to the harsh bloodspattered reality of the street, literally coming down to earth.","In Kahlo's painting, the figure falls from the fantasy globe she has inhabited to the harsh bloodspattered reality of the street, literally coming down to earth.",world,realm,globe,55,60,60,60,she,has,inhabited, she has inhabited,"In Kahlo's painting, the figure falls from the fantasy world she has inhabited","In Kahlo's painting, the figure falls from the fantasy realm she has inhabited","In Kahlo's painting, the figure falls from the fantasy globe she has inhabited"
munch-judgement-407,407,2568,a6u-fragment02-244,ACPROSE,0.588,"Hale's eyes stare knowingly at the viewer, a human sacrifice to an alienated and consumerist culture.","Hale's eyes stare knowingly at the viewer, a human sacrifice to an ostracised and consumerist culture.","Hale's eyes stare knowingly at the viewer, a human sacrifice to an disoriented and consumerist culture.",alienated,ostracised,disoriented,67,76,77,78,and,consumerist,culture., and consumerist culture.,"Hale's eyes stare knowingly at the viewer, a human sacrifice to an alienated and consumerist culture.","Hale's eyes stare knowingly at the viewer, a human sacrifice to an ostracised and consumerist culture.","Hale's eyes stare knowingly at the viewer, a human sacrifice to an disoriented and consumerist culture."
munch-judgement-411,411,2580,a6u-fragment02-253,ACPROSE,-0.206,"On one level this work deals with a generalised ‘woman's experience’, yet the metaphorical power of Dorothy Hale's dress derives from Kahlo's use of clothing in her own self-portraits.","On one hand this work deals with a generalised ‘woman's experience’, yet the metaphorical power of Dorothy Hale's dress derives from Kahlo's use of clothing in her own self-portraits.","On one altitude this work deals with a generalised ‘woman's experience’, yet the metaphorical power of Dorothy Hale's dress derives from Kahlo's use of clothing in her own self-portraits.",level,hand,altitude,7,12,11,15,this,work,deals, this work deals,On one level this work deals,On one hand this work deals,On one altitude this work deals
munch-judgement-412,412,2580,a6u-fragment02-253,ACPROSE,-0.206,"On one level this work deals with a generalised ‘woman's experience’, yet the metaphorical power of Dorothy Hale's dress derives from Kahlo's use of clothing in her own self-portraits.","On one hand this work deals with a generalised ‘woman's experience’, yet the metaphorical power of Dorothy Hale's dress derives from Kahlo's use of clothing in her own self-portraits.","On one height this work deals with a generalised ‘woman's experience’, yet the metaphorical power of Dorothy Hale's dress derives from Kahlo's use of clothing in her own self-portraits.",level,hand,height,7,12,11,13,this,work,deals, this work deals,On one level this work deals,On one hand this work deals,On one height this work deals
munch-judgement-414,414,2588,a6u-fragment02-256,ACPROSE,-0.167,"In those paintings where Kahlo wears European dress she is passive, weak and unable to control her own destiny, but in the Tehuana costume she is strong, powerful, hopeful.","In those paintings where Kahlo wears European dress she is passive, weak and unable to influence her own destiny, but in the Tehuana costume she is strong, powerful, hopeful.","In those paintings where Kahlo wears European dress she is passive, weak and unable to operate her own destiny, but in the Tehuana costume she is strong, powerful, hopeful.",control,influence,operate,87,94,96,94,her,own,"destiny,"," her own destiny,","In those paintings where Kahlo wears European dress she is passive, weak and unable to control her own destiny,","In those paintings where Kahlo wears European dress she is passive, weak and unable to influence her own destiny,","In those paintings where Kahlo wears European dress she is passive, weak and unable to operate her own destiny,"
munch-judgement-416,416,2601,a6u-fragment02-259,ACPROSE,-0.071,"The ‘inner’ Frida is controlled by modern society far more than the clothed Frida, who often marks her deviation from the norm by defiantly returning the gaze of the viewer.","The ‘inner’ Frida is curtailed by modern society far more than the clothed Frida, who often marks her deviation from the norm by defiantly returning the gaze of the viewer.","The ‘inner’ Frida is operated by modern society far more than the clothed Frida, who often marks her deviation from the norm by defiantly returning the gaze of the viewer.",controlled,curtailed,operated,21,31,30,29,by,modern,society, by modern society,The ‘inner’ Frida is controlled by modern society,The ‘inner’ Frida is curtailed by modern society,The ‘inner’ Frida is operated by modern society
munch-judgement-417,417,2603,a6u-fragment02-259,ACPROSE,-0.061,"The ‘inner’ Frida is controlled by modern society far more than the clothed Frida, who often marks her deviation from the norm by defiantly returning the gaze of the viewer.","The ‘inner’ Frida is controlled by modern society far more than the clothed Frida, who often expresses her deviation from the norm by defiantly returning the gaze of the viewer.","The ‘inner’ Frida is controlled by modern society far more than the clothed Frida, who often changes her deviation from the norm by defiantly returning the gaze of the viewer.",marks,expresses,changes,93,98,102,100,her,deviation,from, her deviation from,"The ‘inner’ Frida is controlled by modern society far more than the clothed Frida, who often marks her deviation from","The ‘inner’ Frida is controlled by modern society far more than the clothed Frida, who often expresses her deviation from","The ‘inner’ Frida is controlled by modern society far more than the clothed Frida, who often changes her deviation from"
munch-judgement-418,418,2604,a6u-fragment02-259,ACPROSE,0.062,"The ‘inner’ Frida is controlled by modern society far more than the clothed Frida, who often marks her deviation from the norm by defiantly returning the gaze of the viewer.","The ‘inner’ Frida is controlled by modern society far more than the clothed Frida, who often marks her deviation from the norm by defiantly answering the gaze of the viewer.","The ‘inner’ Frida is controlled by modern society far more than the clothed Frida, who often marks her deviation from the norm by defiantly rendering the gaze of the viewer.",returning,answering,rendering,140,149,149,149,the,gaze,of, the gaze of,"The ‘inner’ Frida is controlled by modern society far more than the clothed Frida, who often marks her deviation from the norm by defiantly returning the gaze of","The ‘inner’ Frida is controlled by modern society far more than the clothed Frida, who often marks her deviation from the norm by defiantly answering the gaze of","The ‘inner’ Frida is controlled by modern society far more than the clothed Frida, who often marks her deviation from the norm by defiantly rendering the gaze of"
munch-judgement-419,419,2609,a6u-fragment02-261,ACPROSE,0.029,"Descended from an Aztec mother goddess, Llorona is a long-suffering mother figure, symbolic in a wider sense of the trauma of the Spanish invasion.","Descended from an Aztec matriarch goddess, Llorona is a long-suffering mother figure, symbolic in a wider sense of the trauma of the Spanish invasion.","Descended from an Aztec parent goddess, Llorona is a long-suffering mother figure, symbolic in a wider sense of the trauma of the Spanish invasion.",mother,matriarch,parent,24,30,33,30,"goddess,",Llorona,is," goddess, Llorona is","Descended from an Aztec mother goddess, Llorona is","Descended from an Aztec matriarch goddess, Llorona is","Descended from an Aztec parent goddess, Llorona is"
munch-judgement-426,426,2672,a6u-fragment02-289,ACPROSE,0.125,"Beneath this man-made mechanism of oppression are the people, literally distanced from their surroundings by Kahlo's use of photo-collage.","Beneath this man-made instrument of oppression are the people, literally distanced from their surroundings by Kahlo's use of photo-collage.","Beneath this man-made device of oppression are the people, literally distanced from their surroundings by Kahlo's use of photo-collage.",mechanism,instrument,device,22,31,32,28,of,oppression,are, of oppression are,Beneath this man-made mechanism of oppression are,Beneath this man-made instrument of oppression are,Beneath this man-made device of oppression are
munch-judgement-430,430,2745,a7s-fragment03-62,NEWS,0.121,"Hill expresses the way time has cheated them: his daughter was born while he was remanded in custody, and is now 14: ‘She would change dramatically and I didn't feel a change in myself mentally.","Hill describes the way time has cheated them: his daughter was born while he was remanded in custody, and is now 14: ‘She would change dramatically and I didn't feel a change in myself mentally.","Hill utters the way time has cheated them: his daughter was born while he was remanded in custody, and is now 14: ‘She would change dramatically and I didn't feel a change in myself mentally.",expresses,describes,utters,5,14,14,11,the,way,time, the way time,Hill expresses the way time,Hill describes the way time,Hill utters the way time
munch-judgement-431,431,2768,a7s-fragment03-78,NEWS,0.25,"In Southend, where 3,000 of the 50,000 adult males are reckoned to be Masons, it went into the case of what you might call Preferential Allocation of Council Property, and the battle of one councillor, Christopher Hudson, to break the grip of the men on the Square: ‘We can't have a secret society operating within the framework of a democracy,’ he said.","In Southend, where 3,000 of the 50,000 adult males are believed to be Masons, it went into the case of what you might call Preferential Allocation of Council Property, and the battle of one councillor, Christopher Hudson, to break the grip of the men on the Square: ‘We can't have a secret society operating within the framework of a democracy,’ he said.","In Southend, where 3,000 of the 50,000 adult males are calculated to be Masons, it went into the case of what you might call Preferential Allocation of Council Property, and the battle of one councillor, Christopher Hudson, to break the grip of the men on the Square: ‘We can't have a secret society operating within the framework of a democracy,’ he said.",reckoned,believed,calculated,55,63,63,65,to,be,"Masons,"," to be Masons,","In Southend, where 3,000 of the 50,000 adult males are reckoned to be Masons,","In Southend, where 3,000 of the 50,000 adult males are believed to be Masons,","In Southend, where 3,000 of the 50,000 adult males are calculated to be Masons,"
munch-judgement-432,432,2768,a7s-fragment03-78,NEWS,0.25,"In Southend, where 3,000 of the 50,000 adult males are reckoned to be Masons, it went into the case of what you might call Preferential Allocation of Council Property, and the battle of one councillor, Christopher Hudson, to break the grip of the men on the Square: ‘We can't have a secret society operating within the framework of a democracy,’ he said.","In Southend, where 3,000 of the 50,000 adult males are believed to be Masons, it went into the case of what you might call Preferential Allocation of Council Property, and the battle of one councillor, Christopher Hudson, to break the grip of the men on the Square: ‘We can't have a secret society operating within the framework of a democracy,’ he said.","In Southend, where 3,000 of the 50,000 adult males are computed to be Masons, it went into the case of what you might call Preferential Allocation of Council Property, and the battle of one councillor, Christopher Hudson, to break the grip of the men on the Square: ‘We can't have a secret society operating within the framework of a democracy,’ he said.",reckoned,believed,computed,55,63,63,63,to,be,"Masons,"," to be Masons,","In Southend, where 3,000 of the 50,000 adult males are reckoned to be Masons,","In Southend, where 3,000 of the 50,000 adult males are believed to be Masons,","In Southend, where 3,000 of the 50,000 adult males are computed to be Masons,"
munch-judgement-434,434,2856,a7t-fragment01-22,NEWS,0.206,What should have been a routine exercise in extending the Government's borrowing power to $3.1 thousand billion became bogged down in wrangling over legislative initiatives lawmakers wanted to attach to the bill.,What should have been a routine exercise in increasing the Government's borrowing power to $3.1 thousand billion became bogged down in wrangling over legislative initiatives lawmakers wanted to attach to the bill.,What should have been a routine exercise in exserting the Government's borrowing power to $3.1 thousand billion became bogged down in wrangling over legislative initiatives lawmakers wanted to attach to the bill.,extending,increasing,exserting,44,53,54,53,the,Government's,borrowing, the Government's borrowing,What should have been a routine exercise in extending the Government's borrowing,What should have been a routine exercise in increasing the Government's borrowing,What should have been a routine exercise in exserting the Government's borrowing
munch-judgement-435,435,2859,a7t-fragment01-23,NEWS,0.25,"As a result of the stalemate, the Treasury has been forced to postpone $40billion in debt auctions this week.","As a result of the impasse, the Treasury has been forced to postpone $40billion in debt auctions this week.","As a result of the standoff, the Treasury has been forced to postpone $40billion in debt auctions this week.",stalemate,impasse,standoff,19,28,26,27,the,Treasury,has,", the Treasury has","As a result of the stalemate, the Treasury has","As a result of the impasse, the Treasury has","As a result of the standoff, the Treasury has"
munch-judgement-436,436,2859,a7t-fragment01-23,NEWS,0.25,"As a result of the stalemate, the Treasury has been forced to postpone $40billion in debt auctions this week.","As a result of the impasse, the Treasury has been forced to postpone $40billion in debt auctions this week.","As a result of the tie, the Treasury has been forced to postpone $40billion in debt auctions this week.",stalemate,impasse,tie,19,28,26,22,the,Treasury,has,", the Treasury has","As a result of the stalemate, the Treasury has","As a result of the impasse, the Treasury has","As a result of the tie, the Treasury has"
munch-judgement-437,437,2859,a7t-fragment01-23,NEWS,0.25,"As a result of the stalemate, the Treasury has been forced to postpone $40billion in debt auctions this week.","As a result of the deadlock, the Treasury has been forced to postpone $40billion in debt auctions this week.","As a result of the standoff, the Treasury has been forced to postpone $40billion in debt auctions this week.",stalemate,deadlock,standoff,19,28,27,27,the,Treasury,has,", the Treasury has","As a result of the stalemate, the Treasury has","As a result of the deadlock, the Treasury has","As a result of the standoff, the Treasury has"
munch-judgement-438,438,2859,a7t-fragment01-23,NEWS,0.25,"As a result of the stalemate, the Treasury has been forced to postpone $40billion in debt auctions this week.","As a result of the deadlock, the Treasury has been forced to postpone $40billion in debt auctions this week.","As a result of the tie, the Treasury has been forced to postpone $40billion in debt auctions this week.",stalemate,deadlock,tie,19,28,27,22,the,Treasury,has,", the Treasury has","As a result of the stalemate, the Treasury has","As a result of the deadlock, the Treasury has","As a result of the tie, the Treasury has"
munch-judgement-441,441,2878,a7t-fragment01-28,NEWS,0.324,"America may have changed Presidents a year ago, but the fiscal thicket remains as inpenetrable as ever.","America may have changed Presidents a year ago, but the fiscal entanglement remains as inpenetrable as ever.","America may have changed Presidents a year ago, but the fiscal brush remains as inpenetrable as ever.",thicket,entanglement,brush,63,70,75,68,remains,as,inpenetrable, remains as inpenetrable,"America may have changed Presidents a year ago, but the fiscal thicket remains as inpenetrable","America may have changed Presidents a year ago, but the fiscal entanglement remains as inpenetrable","America may have changed Presidents a year ago, but the fiscal brush remains as inpenetrable"
munch-judgement-442,442,2895,a7t-fragment01-33,NEWS,-0.118,"After months of turning deaf ears to warnings by the City and industry, the Department of Energy has at last conceded that nuclear plant can not be included in the share float without state support.","After months of turning deaf ears to warnings by the City and industry, the Department of Energy has at last conceded that nuclear factory can not be included in the share float without state support.","After months of turning deaf ears to warnings by the City and industry, the Department of Energy has at last conceded that nuclear flora can not be included in the share float without state support.",plant,factory,flora,131,136,138,136,can,not,be, can not be,"After months of turning deaf ears to warnings by the City and industry, the Department of Energy has at last conceded that nuclear plant can not be","After months of turning deaf ears to warnings by the City and industry, the Department of Energy has at last conceded that nuclear factory can not be","After months of turning deaf ears to warnings by the City and industry, the Department of Energy has at last conceded that nuclear flora can not be"
munch-judgement-443,443,2903,a7t-fragment01-34,NEWS,0.273,"This leaves the Energy Secretary, Mr John Wakeham, with two options: he can either agree to underwrite any cost escalations in nuclear handling costs after privatisation, or he can swallow his pride, and pull all nuclear plant out of the impending sale.","This leaves the Energy Secretary, Mr John Wakeham, with two options: he can either agree to underwrite any cost escalations in nuclear handling costs after privatisation, or he can swallow his pride, and pull all nuclear factories out of the impending sale.","This leaves the Energy Secretary, Mr John Wakeham, with two options: he can either agree to underwrite any cost escalations in nuclear handling costs after privatisation, or he can swallow his pride, and pull all nuclear flora out of the impending sale.",plant,factories,flora,221,226,230,226,out,of,the, out of the,"This leaves the Energy Secretary, Mr John Wakeham, with two options: he can either agree to underwrite any cost escalations in nuclear handling costs after privatisation, or he can swallow his pride, and pull all nuclear plant out of the","This leaves the Energy Secretary, Mr John Wakeham, with two options: he can either agree to underwrite any cost escalations in nuclear handling costs after privatisation, or he can swallow his pride, and pull all nuclear factories out of the","This leaves the Energy Secretary, Mr John Wakeham, with two options: he can either agree to underwrite any cost escalations in nuclear handling costs after privatisation, or he can swallow his pride, and pull all nuclear flora out of the"
munch-judgement-444,444,2937,a7w-fragment01-2,NEWS,-0.242,"THIRTY FIVE people died and others were maimed for life in the Clapham rail disaster in December last year because work was done in a slovenly, haphazard way and was then left unchecked.","THIRTY FIVE people died and others were maimed for life in the Clapham rail disaster in December last year because work was done in a slovenly, haphazard manner and was then left unchecked.","THIRTY FIVE people died and others were maimed for life in the Clapham rail disaster in December last year because work was done in a slovenly, haphazard direction and was then left unchecked.",way,manner,direction,154,157,160,163,and,was,then, and was then,"THIRTY FIVE people died and others were maimed for life in the Clapham rail disaster in December last year because work was done in a slovenly, haphazard way and was then","THIRTY FIVE people died and others were maimed for life in the Clapham rail disaster in December last year because work was done in a slovenly, haphazard manner and was then","THIRTY FIVE people died and others were maimed for life in the Clapham rail disaster in December last year because work was done in a slovenly, haphazard direction and was then"
munch-judgement-445,445,2961,a7w-fragment01-8,NEWS,0.056,"Under strain for a start because it was technically ill-equipped to avert disaster or to cope with the consequences when disaster struck; under strain from commercial pressures which, as the inquiry puts it, ‘compromised’ safety; under strain above all because the people on the spot couldn't or wouldn't cope, were weary from gruesome working hours (the senior signal technician who heads the list of the culpable had had only one day off in the past 13 weeks), lacked adequate training, or simply couldn't be bothered.","Under strain for a start because it was technically ill-equipped to avert disaster or to cope with the consequences when disaster struck; under strain from commercial pressures which, as the inquiry puts it, ‘compromised’ safety; under strain above all because the people on the spot couldn't or wouldn't cope, were weary from gruesome working hours (the senior signal technician who tops the list of the culpable had had only one day off in the past 13 weeks), lacked adequate training, or simply couldn't be bothered.","Under strain for a start because it was technically ill-equipped to avert disaster or to cope with the consequences when disaster struck; under strain from commercial pressures which, as the inquiry puts it, ‘compromised’ safety; under strain above all because the people on the spot couldn't or wouldn't cope, were weary from gruesome working hours (the senior signal technician who leads the list of the culpable had had only one day off in the past 13 weeks), lacked adequate training, or simply couldn't be bothered.",heads,tops,leads,384,389,388,389,the,list,of, the list of,"Under strain for a start because it was technically ill-equipped to avert disaster or to cope with the consequences when disaster struck; under strain from commercial pressures which, as the inquiry puts it, ‘compromised’ safety; under strain above all because the people on the spot couldn't or wouldn't cope, were weary from gruesome working hours (the senior signal technician who heads the list of","Under strain for a start because it was technically ill-equipped to avert disaster or to cope with the consequences when disaster struck; under strain from commercial pressures which, as the inquiry puts it, ‘compromised’ safety; under strain above all because the people on the spot couldn't or wouldn't cope, were weary from gruesome working hours (the senior signal technician who tops the list of","Under strain for a start because it was technically ill-equipped to avert disaster or to cope with the consequences when disaster struck; under strain from commercial pressures which, as the inquiry puts it, ‘compromised’ safety; under strain above all because the people on the spot couldn't or wouldn't cope, were weary from gruesome working hours (the senior signal technician who leads the list of"
munch-judgement-446,446,2968,a7w-fragment01-10,NEWS,0.226,"Though individuals are nailed, the greatest villain of all is the system.","Though individuals are caught, the greatest villain of all is the system.","Though individuals are attached, the greatest villain of all is the system.",nailed,caught,attached,23,29,29,31,the,greatest,villain,", the greatest villain","Though individuals are nailed, the greatest villain","Though individuals are caught, the greatest villain","Though individuals are attached, the greatest villain"
munch-judgement-447,447,3005,a7w-fragment01-16,NEWS,0.059,"Government fixes the format in which BR has to work; and if, as the Hidden report attests, many of its problems today reflect lack of past planning, lack of farsighted investment, living from hand to mouth, then that is not just BR's doing.","Government sets the format in which BR has to work; and if, as the Hidden report attests, many of its problems today reflect lack of past planning, lack of farsighted investment, living from hand to mouth, then that is not just BR's doing.","Government repairs the format in which BR has to work; and if, as the Hidden report attests, many of its problems today reflect lack of past planning, lack of farsighted investment, living from hand to mouth, then that is not just BR's doing.",fixes,sets,repairs,11,16,15,18,the,format,in, the format in,Government fixes the format in,Government sets the format in,Government repairs the format in
munch-judgement-448,448,3016,a7w-fragment01-17,NEWS,-0.062,"Government compounds all these problems when it sets down working parameters which fail to reflect the value the country gets from a system that is run efficiently, can shift people to destinations with exemplary speed and safety — as Europe consistently demonstrates.","Government compounds all these problems when it sets down working parameters which neglect to reflect the value the country gets from a system that is run efficiently, can shift people to destinations with exemplary speed and safety — as Europe consistently demonstrates.","Government compounds all these problems when it sets down working parameters which miscarry to reflect the value the country gets from a system that is run efficiently, can shift people to destinations with exemplary speed and safety — as Europe consistently demonstrates.",fail,neglect,miscarry,83,87,90,91,to,reflect,the, to reflect the,Government compounds all these problems when it sets down working parameters which fail to reflect the,Government compounds all these problems when it sets down working parameters which neglect to reflect the,Government compounds all these problems when it sets down working parameters which miscarry to reflect the
munch-judgement-449,449,3021,a7w-fragment01-17,NEWS,-0.147,"Government compounds all these problems when it sets down working parameters which fail to reflect the value the country gets from a system that is run efficiently, can shift people to destinations with exemplary speed and safety — as Europe consistently demonstrates.","Government compounds all these problems when it sets down working parameters which fail to reflect the value the country gets from a system that is managed efficiently, can shift people to destinations with exemplary speed and safety — as Europe consistently demonstrates.","Government compounds all these problems when it sets down working parameters which fail to reflect the value the country gets from a system that is passed efficiently, can shift people to destinations with exemplary speed and safety — as Europe consistently demonstrates.",run,managed,passed,148,151,155,154,"efficiently,",can,shift," efficiently, can shift","Government compounds all these problems when it sets down working parameters which fail to reflect the value the country gets from a system that is run efficiently, can shift","Government compounds all these problems when it sets down working parameters which fail to reflect the value the country gets from a system that is managed efficiently, can shift","Government compounds all these problems when it sets down working parameters which fail to reflect the value the country gets from a system that is passed efficiently, can shift"
munch-judgement-450,450,3022,a7w-fragment01-17,NEWS,-0.088,"Government compounds all these problems when it sets down working parameters which fail to reflect the value the country gets from a system that is run efficiently, can shift people to destinations with exemplary speed and safety — as Europe consistently demonstrates.","Government compounds all these problems when it sets down working parameters which fail to reflect the value the country gets from a system that is run efficiently, can move people to destinations with exemplary speed and safety — as Europe consistently demonstrates.","Government compounds all these problems when it sets down working parameters which fail to reflect the value the country gets from a system that is run efficiently, can dislodge people to destinations with exemplary speed and safety — as Europe consistently demonstrates.",shift,move,dislodge,169,174,173,177,people,to,destinations, people to destinations,"Government compounds all these problems when it sets down working parameters which fail to reflect the value the country gets from a system that is run efficiently, can shift people to destinations","Government compounds all these problems when it sets down working parameters which fail to reflect the value the country gets from a system that is run efficiently, can move people to destinations","Government compounds all these problems when it sets down working parameters which fail to reflect the value the country gets from a system that is run efficiently, can dislodge people to destinations"
munch-judgement-452,452,3026,a7w-fragment01-18,NEWS,0.452,"It is sad, and somewhat ominous, that so little of that should have been reflected in the sombre statement which Mr Parkinson made in the House yesterday..","It is sad, and somewhat ominous, that so little of that should have been reflected in the solemn statement which Mr Parkinson made in the House yesterday..","It is sad, and somewhat ominous, that so little of that should have been reflected in the drab statement which Mr Parkinson made in the House yesterday..",sombre,solemn,drab,90,96,96,94,statement,which,Mr, statement which Mr,"It is sad, and somewhat ominous, that so little of that should have been reflected in the sombre statement which Mr","It is sad, and somewhat ominous, that so little of that should have been reflected in the solemn statement which Mr","It is sad, and somewhat ominous, that so little of that should have been reflected in the drab statement which Mr"
munch-judgement-455,455,3052,a7w-fragment01-32,NEWS,0.171,"The move was signalled last week and, true to their promised response, management suspended the workers involved in the disruption.","The move was signalled last week and, true to their promised response, management debarred the workers involved in the disruption.","The move was signalled last week and, true to their promised response, management hung the workers involved in the disruption.",suspended,debarred,hung,82,91,90,86,the,workers,involved, the workers involved,"The move was signalled last week and, true to their promised response, management suspended the workers involved","The move was signalled last week and, true to their promised response, management debarred the workers involved","The move was signalled last week and, true to their promised response, management hung the workers involved"
munch-judgement-456,456,3053,a7w-fragment01-33,NEWS,0.455,But ‘posturing and pretending’ went far beyond the unions.,But ‘performing and pretending’ went far beyond the unions.,But ‘modeling and pretending’ went far beyond the unions.,posturing,performing,modeling,5,14,15,13,and,pretending’,went, and pretending’ went,But ‘posturing and pretending’ went,But ‘performing and pretending’ went,But ‘modeling and pretending’ went
munch-judgement-457,457,3053,a7w-fragment01-33,NEWS,0.455,But ‘posturing and pretending’ went far beyond the unions.,But ‘performing and pretending’ went far beyond the unions.,But ‘sitting and pretending’ went far beyond the unions.,posturing,performing,sitting,5,14,15,12,and,pretending’,went, and pretending’ went,But ‘posturing and pretending’ went,But ‘performing and pretending’ went,But ‘sitting and pretending’ went
munch-judgement-459,459,3081,a7w-fragment01-46,NEWS,0.0,The ramshackle Whitley Council negotiating machinery is the other reason why the ambulance workers have lost out.,The ramshackle Whitley Council negotiating process is the other reason why the ambulance workers have lost out.,The ramshackle Whitley Council negotiating machine is the other reason why the ambulance workers have lost out.,machinery,process,machine,43,52,50,50,is,the,other, is the other,The ramshackle Whitley Council negotiating machinery is the other,The ramshackle Whitley Council negotiating process is the other,The ramshackle Whitley Council negotiating machine is the other
munch-judgement-460,460,3121,a7w-fragment01-62,NEWS,-0.176,"It did not help at all that upon arrival yesterday the royal couple instantly touched base in that comforting symbol of past British power, the Hong Kong and Shanghai Bank.","It did not help at all that upon arrival yesterday the royal couple instantly touched base in that comforting symbol of past British authority, the Hong Kong and Shanghai Bank.","It did not help at all that upon arrival yesterday the royal couple instantly touched base in that comforting symbol of past British might, the Hong Kong and Shanghai Bank.",power,authority,might,133,138,142,138,the,Hong,Kong,", the Hong Kong","It did not help at all that upon arrival yesterday the royal couple instantly touched base in that comforting symbol of past British power, the Hong Kong","It did not help at all that upon arrival yesterday the royal couple instantly touched base in that comforting symbol of past British authority, the Hong Kong","It did not help at all that upon arrival yesterday the royal couple instantly touched base in that comforting symbol of past British might, the Hong Kong"
munch-judgement-461,461,3127,a7w-fragment01-64,NEWS,-0.114,Britain still can not decide when to play the mandarinate game of silence with the Chinese and when to break the rules (as Beijing does all the time.),Britain still can not decide when to play the mandarinate game of silence with the Chinese and when to disobey the rules (as Beijing does all the time.),Britain still can not decide when to play the mandarinate game of silence with the Chinese and when to separate the rules (as Beijing does all the time.),break,disobey,separate,103,108,110,111,the,rules,(as, the rules (as,Britain still can not decide when to play the mandarinate game of silence with the Chinese and when to break the rules (as,Britain still can not decide when to play the mandarinate game of silence with the Chinese and when to disobey the rules (as,Britain still can not decide when to play the mandarinate game of silence with the Chinese and when to separate the rules (as
munch-judgement-462,462,3127,a7w-fragment01-64,NEWS,-0.114,Britain still can not decide when to play the mandarinate game of silence with the Chinese and when to break the rules (as Beijing does all the time.),Britain still can not decide when to play the mandarinate game of silence with the Chinese and when to disobey the rules (as Beijing does all the time.),Britain still can not decide when to play the mandarinate game of silence with the Chinese and when to divide the rules (as Beijing does all the time.),break,disobey,divide,103,108,110,109,the,rules,(as, the rules (as,Britain still can not decide when to play the mandarinate game of silence with the Chinese and when to break the rules (as,Britain still can not decide when to play the mandarinate game of silence with the Chinese and when to disobey the rules (as,Britain still can not decide when to play the mandarinate game of silence with the Chinese and when to divide the rules (as
munch-judgement-464,464,3156,a7w-fragment01-74,NEWS,0.273,"The only two Hong Kong legislators who consistently dare to speak out, Mr Martin Lee and Mr Szeto Wah, have been threatened with expulsion from the committee now drafting China's post-1997 Basic Law.","The only two Hong Kong legislators who consistently dare to speak out, Mr Martin Lee and Mr Szeto Wah, have been threatened with dismissal from the committee now drafting China's post-1997 Basic Law.","The only two Hong Kong legislators who consistently dare to speak out, Mr Martin Lee and Mr Szeto Wah, have been threatened with extrusion from the committee now drafting China's post-1997 Basic Law.",expulsion,dismissal,extrusion,129,138,138,138,from,the,committee, from the committee,"The only two Hong Kong legislators who consistently dare to speak out, Mr Martin Lee and Mr Szeto Wah, have been threatened with expulsion from the committee","The only two Hong Kong legislators who consistently dare to speak out, Mr Martin Lee and Mr Szeto Wah, have been threatened with dismissal from the committee","The only two Hong Kong legislators who consistently dare to speak out, Mr Martin Lee and Mr Szeto Wah, have been threatened with extrusion from the committee"
munch-judgement-465,465,3157,a7w-fragment01-76,NEWS,0.242,There is still endless dithering on how broad a ‘safety net’ Britain will extend to its citizens.,There is still endless dithering on how wide a ‘safety net’ Britain will extend to its citizens.,There is still endless dithering on how spacious a ‘safety net’ Britain will extend to its citizens.,broad,wide,spacious,40,45,44,48,a,‘safety,net’, a ‘safety net’,There is still endless dithering on how broad a ‘safety net’,There is still endless dithering on how wide a ‘safety net’,There is still endless dithering on how spacious a ‘safety net’
munch-judgement-466,466,3178,a7y-fragment03-183,NEWS,0.212,Section 92(1) of the 1936 Act defines ‘statutory nuisances’ as ‘any premises in such a state as to be prejudicial to health or a nuisance’.,clause 92(1) of the 1936 Act defines ‘statutory nuisances’ as ‘any premises in such a state as to be prejudicial to health or a nuisance’.,Segment 92(1) of the 1936 Act defines ‘statutory nuisances’ as ‘any premises in such a state as to be prejudicial to health or a nuisance’.,Section,clause,Segment,0,7,6,7,92(1),of,the, 92(1) of the,Section 92(1) of the,clause 92(1) of the,Segment 92(1) of the
munch-judgement-467,467,3179,a7y-fragment03-183,NEWS,-0.182,Section 92(1) of the 1936 Act defines ‘statutory nuisances’ as ‘any premises in such a state as to be prejudicial to health or a nuisance’.,Section 92(1) of the 1936 Act describes ‘statutory nuisances’ as ‘any premises in such a state as to be prejudicial to health or a nuisance’.,Section 92(1) of the 1936 Act delineates ‘statutory nuisances’ as ‘any premises in such a state as to be prejudicial to health or a nuisance’.,defines,describes,delineates,30,37,39,40,‘statutory,nuisances’,as, ‘statutory nuisances’ as,Section 92(1) of the 1936 Act defines ‘statutory nuisances’ as,Section 92(1) of the 1936 Act describes ‘statutory nuisances’ as,Section 92(1) of the 1936 Act delineates ‘statutory nuisances’ as
munch-judgement-468,468,3184,a7y-fragment03-185,NEWS,-0.2,Mr Justice Hutchison said the 1936 Act primarily envisages a system where the local authority has a power and a duty to try to secure that premises are not in a state which constitutes a statutory nuisance.,Mr Justice Hutchison said the 1936 Act primarily envisages a system where the local authority has a power and a duty to try to ensure that premises are not in a state which constitutes a statutory nuisance.,Mr Justice Hutchison said the 1936 Act primarily envisages a system where the local authority has a power and a duty to try to fasten that premises are not in a state which constitutes a statutory nuisance.,secure,ensure,fasten,127,133,133,133,that,premises,are, that premises are,Mr Justice Hutchison said the 1936 Act primarily envisages a system where the local authority has a power and a duty to try to secure that premises are,Mr Justice Hutchison said the 1936 Act primarily envisages a system where the local authority has a power and a duty to try to ensure that premises are,Mr Justice Hutchison said the 1936 Act primarily envisages a system where the local authority has a power and a duty to try to fasten that premises are
munch-judgement-469,469,3184,a7y-fragment03-185,NEWS,-0.2,Mr Justice Hutchison said the 1936 Act primarily envisages a system where the local authority has a power and a duty to try to secure that premises are not in a state which constitutes a statutory nuisance.,Mr Justice Hutchison said the 1936 Act primarily envisages a system where the local authority has a power and a duty to try to ensure that premises are not in a state which constitutes a statutory nuisance.,Mr Justice Hutchison said the 1936 Act primarily envisages a system where the local authority has a power and a duty to try to fix that premises are not in a state which constitutes a statutory nuisance.,secure,ensure,fix,127,133,133,130,that,premises,are, that premises are,Mr Justice Hutchison said the 1936 Act primarily envisages a system where the local authority has a power and a duty to try to secure that premises are,Mr Justice Hutchison said the 1936 Act primarily envisages a system where the local authority has a power and a duty to try to ensure that premises are,Mr Justice Hutchison said the 1936 Act primarily envisages a system where the local authority has a power and a duty to try to fix that premises are
munch-judgement-471,471,3196,a7y-fragment03-191,NEWS,-0.118,The problem arises in connection with section 99 which adapts or applies the provisions to cases where an individual rather than the local authority wishes to make the complaint.,The problem arises in connection with clause 99 which adapts or applies the provisions to cases where an individual rather than the local authority wishes to make the complaint.,The problem arises in connection with segment 99 which adapts or applies the provisions to cases where an individual rather than the local authority wishes to make the complaint.,section,clause,segment,38,45,44,45,99,which,adapts, 99 which adapts,The problem arises in connection with section 99 which adapts,The problem arises in connection with clause 99 which adapts,The problem arises in connection with segment 99 which adapts
munch-judgement-472,472,3238,a7y-fragment03-208,NEWS,0.061,Parliament should give fresh thought to enacting a provision placing an obligation upon a council tenant to give notice to the council before being permitted to commence proceedings.,Parliament should give fresh thought to initiating a provision placing an obligation upon a council tenant to give notice to the council before being permitted to commence proceedings.,Parliament should give fresh thought to reenacting a provision placing an obligation upon a council tenant to give notice to the council before being permitted to commence proceedings.,enacting,initiating,reenacting,40,48,50,50,a,provision,placing, a provision placing,Parliament should give fresh thought to enacting a provision placing,Parliament should give fresh thought to initiating a provision placing,Parliament should give fresh thought to reenacting a provision placing
munch-judgement-477,477,3272,a80-fragment15-283,NEWS,0.219,Leinster have been undermined by their failure to secure prestige fixtures since the mid-Seventies.,Leinster have been disadvantaged by their failure to secure prestige fixtures since the mid-Seventies.,Leinster have been caved by their failure to secure prestige fixtures since the mid-Seventies.,undermined,disadvantaged,caved,19,29,32,24,by,their,failure, by their failure,Leinster have been undermined by their failure,Leinster have been disadvantaged by their failure,Leinster have been caved by their failure
munch-judgement-478,478,3289,a80-fragment15-295,NEWS,-0.029,"No doubt Smith, the Oxford University Australian, who won five caps for the Wallabies, will feel a bit closer to home facing the All Blacks twice in the next 11 days.","No doubt Smith, the Oxford University Australian, who won five caps for the Wallabies, will seem a bit closer to home facing the All Blacks twice in the next 11 days.","No doubt Smith, the Oxford University Australian, who won five caps for the Wallabies, will sense a bit closer to home facing the All Blacks twice in the next 11 days.",feel,seem,sense,92,96,96,97,a,bit,closer, a bit closer,"No doubt Smith, the Oxford University Australian, who won five caps for the Wallabies, will feel a bit closer","No doubt Smith, the Oxford University Australian, who won five caps for the Wallabies, will seem a bit closer","No doubt Smith, the Oxford University Australian, who won five caps for the Wallabies, will sense a bit closer"
munch-judgement-479,479,3294,a80-fragment15-297,NEWS,0.194,"Equally intriguing will be the line-out performance of the young London Irish lock, Neil Francis, who has been left out of the current Ireland squad.","Equally intriguing will be the line-out performance of the young London Irish player, Neil Francis, who has been left out of the current Ireland squad.","Equally intriguing will be the line-out performance of the young London Irish fastener, Neil Francis, who has been left out of the current Ireland squad.",lock,player,fastener,78,82,84,86,Neil,"Francis,",who,", Neil Francis, who","Equally intriguing will be the line-out performance of the young London Irish lock, Neil Francis, who","Equally intriguing will be the line-out performance of the young London Irish player, Neil Francis, who","Equally intriguing will be the line-out performance of the young London Irish fastener, Neil Francis, who"
munch-judgement-480,480,3311,a8m-fragment02-64,NEWS,-0.03,"Before Raymont works towards ‘ways of showing respect, understanding and affection to members of the opposite sex’, she should realise that the opposite sex's obsession with ‘members’ is a problem of enormous gravity.","Before Raymont works towards ‘ways of demonstrating respect, understanding and affection to members of the opposite sex’, she should realise that the opposite sex's obsession with ‘members’ is a problem of enormous gravity.","Before Raymont works towards ‘ways of picturing respect, understanding and affection to members of the opposite sex’, she should realise that the opposite sex's obsession with ‘members’ is a problem of enormous gravity.",showing,demonstrating,picturing,38,45,51,47,"respect,",understanding,and," respect, understanding and","Before Raymont works towards ‘ways of showing respect, understanding and","Before Raymont works towards ‘ways of demonstrating respect, understanding and","Before Raymont works towards ‘ways of picturing respect, understanding and"
munch-judgement-481,481,3311,a8m-fragment02-64,NEWS,-0.03,"Before Raymont works towards ‘ways of showing respect, understanding and affection to members of the opposite sex’, she should realise that the opposite sex's obsession with ‘members’ is a problem of enormous gravity.","Before Raymont works towards ‘ways of demonstrating respect, understanding and affection to members of the opposite sex’, she should realise that the opposite sex's obsession with ‘members’ is a problem of enormous gravity.","Before Raymont works towards ‘ways of depicting respect, understanding and affection to members of the opposite sex’, she should realise that the opposite sex's obsession with ‘members’ is a problem of enormous gravity.",showing,demonstrating,depicting,38,45,51,47,"respect,",understanding,and," respect, understanding and","Before Raymont works towards ‘ways of showing respect, understanding and","Before Raymont works towards ‘ways of demonstrating respect, understanding and","Before Raymont works towards ‘ways of depicting respect, understanding and"
munch-judgement-484,484,3347,a8n-fragment19-315,NEWS,0.484,"Despite many and varied flurries of activity in the first 40 minutes, Arsenal seemed reasonably secure if not inspired.","Despite many and varied bursts of activity in the first 40 minutes, Arsenal seemed reasonably secure if not inspired.","Despite many and varied snows of activity in the first 40 minutes, Arsenal seemed reasonably secure if not inspired.",flurries,bursts,snows,24,32,30,29,of,activity,in, of activity in,Despite many and varied flurries of activity in,Despite many and varied bursts of activity in,Despite many and varied snows of activity in
munch-judgement-485,485,3347,a8n-fragment19-315,NEWS,0.484,"Despite many and varied flurries of activity in the first 40 minutes, Arsenal seemed reasonably secure if not inspired.","Despite many and varied bursts of activity in the first 40 minutes, Arsenal seemed reasonably secure if not inspired.","Despite many and varied snowfalls of activity in the first 40 minutes, Arsenal seemed reasonably secure if not inspired.",flurries,bursts,snowfalls,24,32,30,33,of,activity,in, of activity in,Despite many and varied flurries of activity in,Despite many and varied bursts of activity in,Despite many and varied snowfalls of activity in
munch-judgement-490,490,3374,a8n-fragment19-325,NEWS,0.273,"Finally, with Arsenal pressing hard, he clawed away Quinn's careful header from Thomas's drag-back.","Finally, with Arsenal fighting hard, he clawed away Quinn's careful header from Thomas's drag-back.","Finally, with Arsenal touching hard, he clawed away Quinn's careful header from Thomas's drag-back.",pressing,fighting,touching,22,30,30,30,"hard,",he,clawed," hard, he clawed","Finally, with Arsenal pressing hard, he clawed","Finally, with Arsenal fighting hard, he clawed","Finally, with Arsenal touching hard, he clawed"
munch-judgement-491,491,3379,a8n-fragment19-328,NEWS,-0.118,"Bunn, who scored six goals in the previous round against Scarborough, this time turned into the provider, putting Milligan clear and free.","Bunn, who gained six goals in the previous round against Scarborough, this time turned into the provider, putting Milligan clear and free.","Bunn, who nocked six goals in the previous round against Scarborough, this time turned into the provider, putting Milligan clear and free.",scored,gained,nocked,10,16,16,16,six,goals,in, six goals in,"Bunn, who scored six goals in","Bunn, who gained six goals in","Bunn, who nocked six goals in"
munch-judgement-492,492,3379,a8n-fragment19-328,NEWS,-0.118,"Bunn, who scored six goals in the previous round against Scarborough, this time turned into the provider, putting Milligan clear and free.","Bunn, who gained six goals in the previous round against Scarborough, this time turned into the provider, putting Milligan clear and free.","Bunn, who marked six goals in the previous round against Scarborough, this time turned into the provider, putting Milligan clear and free.",scored,gained,marked,10,16,16,16,six,goals,in, six goals in,"Bunn, who scored six goals in","Bunn, who gained six goals in","Bunn, who marked six goals in"
munch-judgement-494,494,3386,a8n-fragment19-330,NEWS,0.061,"Holden's 64th-minute free-kick clattered the wall and the ball fell to Henry, who drilled a low shot from more than 30 yards inside Lukic's right-hand post.","Holden's 64th-minute free-kick clattered the wall and the ball fell to Henry, who drilled a low kick from more than 30 yards inside Lukic's right-hand post.","Holden's 64th-minute free-kick clattered the wall and the ball fell to Henry, who drilled a low shooting from more than 30 yards inside Lukic's right-hand post.",shot,kick,shooting,96,100,100,104,from,more,than, from more than,"Holden's 64th-minute free-kick clattered the wall and the ball fell to Henry, who drilled a low shot from more than","Holden's 64th-minute free-kick clattered the wall and the ball fell to Henry, who drilled a low kick from more than","Holden's 64th-minute free-kick clattered the wall and the ball fell to Henry, who drilled a low shooting from more than"
munch-judgement-495,495,3388,a8n-fragment19-333,NEWS,0.394,"Arsenal were stitched and stuffed, with no question of a fluke.","Arsenal were stitched and beaten, with no question of a fluke.","Arsenal were stitched and filled, with no question of a fluke.",stuffed,beaten,filled,26,33,32,32,with,no,question,", with no question","Arsenal were stitched and stuffed, with no question","Arsenal were stitched and beaten, with no question","Arsenal were stitched and filled, with no question"
munch-judgement-504,504,3465,a8r-fragment02-55,NEWS,-0.25,"But once the user sees the potential of the system, a change in attitude takes place.","But once the user realises the potential of the system, a change in attitude takes place.","But once the user comprehends the potential of the system, a change in attitude takes place.",sees,realises,comprehends,18,22,26,29,the,potential,of, the potential of,But once the user sees the potential of,But once the user realises the potential of,But once the user comprehends the potential of
munch-judgement-505,505,3465,a8r-fragment02-55,NEWS,-0.25,"But once the user sees the potential of the system, a change in attitude takes place.","But once the user spots the potential of the system, a change in attitude takes place.","But once the user comprehends the potential of the system, a change in attitude takes place.",sees,spots,comprehends,18,22,23,29,the,potential,of, the potential of,But once the user sees the potential of,But once the user spots the potential of,But once the user comprehends the potential of
munch-judgement-507,507,3475,a8r-fragment02-59,NEWS,0.094,"In theory, validation meant that the user had read the specification, imagined how the system would work in practice, and agreed the design.","In theory, validation indicated that the user had read the specification, imagined how the system would work in practice, and agreed the design.","In theory, validation intended that the user had read the specification, imagined how the system would work in practice, and agreed the design.",meant,indicated,intended,22,27,31,30,that,the,user, that the user,"In theory, validation meant that the user","In theory, validation indicated that the user","In theory, validation intended that the user"
munch-judgement-508,508,3498,a8r-fragment02-68,NEWS,-0.057,Too much specialisation is bad for systems development; it feeds the temptation to get engrossed in technical difficulties and forget about the underlying business needs.,Too much specialisation is bad for systems development; it encourages the temptation to get engrossed in technical difficulties and forget about the underlying business needs.,Too much specialisation is bad for systems development; it caters the temptation to get engrossed in technical difficulties and forget about the underlying business needs.,feeds,encourages,caters,59,64,69,65,the,temptation,to, the temptation to,Too much specialisation is bad for systems development; it feeds the temptation to,Too much specialisation is bad for systems development; it encourages the temptation to,Too much specialisation is bad for systems development; it caters the temptation to
munch-judgement-509,509,3504,a8u-fragment14-317,NEWS,0.171,Container group Tiphook yesterday said it was still confident of winning its joint £643million bid for Sea Containers even though the battle has swung towards James Sherwood's ferries-to-trailers combine.,Container organisation Tiphook yesterday said it was still confident of winning its joint £643million bid for Sea Containers even though the battle has swung towards James Sherwood's ferries-to-trailers combine.,Container grouping Tiphook yesterday said it was still confident of winning its joint £643million bid for Sea Containers even though the battle has swung towards James Sherwood's ferries-to-trailers combine.,group,organisation,grouping,10,15,22,18,Tiphook,yesterday,said, Tiphook yesterday said,Container group Tiphook yesterday said,Container organisation Tiphook yesterday said,Container grouping Tiphook yesterday said
munch-judgement-510,510,3521,a8u-fragment14-319,NEWS,0.029,"Tiphook, which yesterday unveiled a 124 per cent increase in half year profits to £10million, hopes the court will block SeaCo's purchases of its own shares.","Tiphook, which yesterday revealed a 124 per cent increase in half year profits to £10million, hopes the court will block SeaCo's purchases of its own shares.","Tiphook, which yesterday uncovered a 124 per cent increase in half year profits to £10million, hopes the court will block SeaCo's purchases of its own shares.",unveiled,revealed,uncovered,25,33,33,34,a,124,per, a 124 per,"Tiphook, which yesterday unveiled a 124 per","Tiphook, which yesterday revealed a 124 per","Tiphook, which yesterday uncovered a 124 per"
munch-judgement-511,511,3521,a8u-fragment14-319,NEWS,0.029,"Tiphook, which yesterday unveiled a 124 per cent increase in half year profits to £10million, hopes the court will block SeaCo's purchases of its own shares.","Tiphook, which yesterday revealed a 124 per cent increase in half year profits to £10million, hopes the court will block SeaCo's purchases of its own shares.","Tiphook, which yesterday exposed a 124 per cent increase in half year profits to £10million, hopes the court will block SeaCo's purchases of its own shares.",unveiled,revealed,exposed,25,33,33,32,a,124,per, a 124 per,"Tiphook, which yesterday unveiled a 124 per","Tiphook, which yesterday revealed a 124 per","Tiphook, which yesterday exposed a 124 per"
munch-judgement-514,514,3542,a8u-fragment14-327,NEWS,-0.176,"Aggreko generator hire, Salvesen's world market leader which provides power for customers from pop concerts to the oil industry, contributed strongly to a 37 per cent growth in trading profits in the industrial services division.","Aggreko generator hire, Salvesen's world market leader which provides energy for customers from pop concerts to the oil industry, contributed strongly to a 37 per cent growth in trading profits in the industrial services division.","Aggreko generator hire, Salvesen's world market leader which provides might for customers from pop concerts to the oil industry, contributed strongly to a 37 per cent growth in trading profits in the industrial services division.",power,energy,might,70,75,76,75,for,customers,from, for customers from,"Aggreko generator hire, Salvesen's world market leader which provides power for customers from","Aggreko generator hire, Salvesen's world market leader which provides energy for customers from","Aggreko generator hire, Salvesen's world market leader which provides might for customers from"
munch-judgement-515,515,3555,a8u-fragment14-331,NEWS,-0.091,The shares rose 10p to 170p.,The shares increased 10p to 170p.,The shares lifted 10p to 170p.,rose,increased,lifted,11,15,20,17,10p,to,170p., 10p to 170p.,The shares rose 10p to 170p.,The shares increased 10p to 170p.,The shares lifted 10p to 170p.
munch-judgement-516,516,3572,a8u-fragment14-336,NEWS,-0.138,"Turnover was held at £228.6million, an rise of about £2million, by the earlier contribution from tyre distribution and the US replacement.","Turnover was held at £228.6million, an increase of about £2million, by the earlier contribution from tyre distribution and the US replacement.","Turnover was held at £228.6million, an ascent of about £2million, by the earlier contribution from tyre distribution and the US replacement.",rise,increase,ascent,39,43,47,45,of,about,"£2million,"," of about £2million,","Turnover was held at £228.6million, an rise of about £2million,","Turnover was held at £228.6million, an increase of about £2million,","Turnover was held at £228.6million, an ascent of about £2million,"
munch-judgement-517,517,3572,a8u-fragment14-336,NEWS,-0.138,"Turnover was held at £228.6million, an rise of about £2million, by the earlier contribution from tyre distribution and the US replacement.","Turnover was held at £228.6million, an increase of about £2million, by the earlier contribution from tyre distribution and the US replacement.","Turnover was held at £228.6million, an ascension of about £2million, by the earlier contribution from tyre distribution and the US replacement.",rise,increase,ascension,39,43,47,48,of,about,"£2million,"," of about £2million,","Turnover was held at £228.6million, an rise of about £2million,","Turnover was held at £228.6million, an increase of about £2million,","Turnover was held at £228.6million, an ascension of about £2million,"
munch-judgement-519,519,3581,a8u-fragment14-342,NEWS,-0.294,Earnings were level at 17.5p a share.,Earnings were static at 17.5p a share.,Earnings were flat at 17.5p a share.,level,static,flat,14,19,20,18,at,17.5p,a, at 17.5p a,Earnings were level at 17.5p a,Earnings were static at 17.5p a,Earnings were flat at 17.5p a
munch-judgement-520,520,3581,a8u-fragment14-342,NEWS,-0.294,Earnings were level at 17.5p a share.,Earnings were static at 17.5p a share.,Earnings were plane at 17.5p a share.,level,static,plane,14,19,20,19,at,17.5p,a, at 17.5p a,Earnings were level at 17.5p a,Earnings were static at 17.5p a,Earnings were plane at 17.5p a
munch-judgement-522,522,3592,a8u-fragment14-349,NEWS,0.062,"HARDANGER, the retail property developer, posted pre-tax profits up £1.3million to £8.37million.","HARDANGER, the retail property developer, reported pre-tax profits up £1.3million to £8.37million.","HARDANGER, the retail property developer, affixed pre-tax profits up £1.3million to £8.37million.",posted,reported,affixed,42,48,50,49,pre-tax,profits,up, pre-tax profits up,"HARDANGER, the retail property developer, posted pre-tax profits up","HARDANGER, the retail property developer, reported pre-tax profits up","HARDANGER, the retail property developer, affixed pre-tax profits up"
munch-judgement-523,523,3593,a8u-fragment14-351,NEWS,0.0,"CRYSTALATE, the electronics product group, experienced a ‘serious disappointment’ in the second half and hence profits fell from £5.6million to £2.9million in the year to September.","CRYSTALATE, the electronics product company, experienced a ‘serious disappointment’ in the second half and hence profits fell from £5.6million to £2.9million in the year to September.","CRYSTALATE, the electronics product grouping, experienced a ‘serious disappointment’ in the second half and hence profits fell from £5.6million to £2.9million in the year to September.",group,company,grouping,36,41,43,44,experienced,a,‘serious,", experienced a ‘serious","CRYSTALATE, the electronics product group, experienced a ‘serious","CRYSTALATE, the electronics product company, experienced a ‘serious","CRYSTALATE, the electronics product grouping, experienced a ‘serious"
munch-judgement-524,524,3607,a8u-fragment14-357,NEWS,0.097,Properties continued to shine as British Land produced a complicated scheme to release the value of its property portfolio.,Properties continued to excel as British Land produced a complicated scheme to release the value of its property portfolio.,Properties continued to reflect as British Land produced a complicated scheme to release the value of its property portfolio.,shine,excel,reflect,24,29,29,31,as,British,Land, as British Land,Properties continued to shine as British Land,Properties continued to excel as British Land,Properties continued to reflect as British Land
munch-judgement-525,525,3625,a98-fragment03-60,NEWS,0.139,"His mentor, Enrico Fermi, later to be called ‘the father of the bomb’, and Emilio Segre (who died in California earlier this year).","His mentor, Enrico Fermi, later to be called ‘the creator of the bomb’, and Emilio Segre (who died in California earlier this year).","His mentor, Enrico Fermi, later to be called ‘the begetter of the bomb’, and Emilio Segre (who died in California earlier this year).",father,creator,begetter,50,56,57,58,of,the,"bomb’,"," of the bomb’,","His mentor, Enrico Fermi, later to be called ‘the father of the bomb’,","His mentor, Enrico Fermi, later to be called ‘the creator of the bomb’,","His mentor, Enrico Fermi, later to be called ‘the begetter of the bomb’,"
munch-judgement-526,526,3640,a98-fragment03-66,NEWS,0.394,He then ordered a car to call for him the next morning for a similar occasion and was felled by a stroke while waiting for the lift.,He then ordered a car to call for him the next morning for a similar occasion and was hit by a stroke while waiting for the lift.,He then ordered a car to call for him the next morning for a similar occasion and was dropped by a stroke while waiting for the lift.,felled,hit,dropped,86,92,89,93,by,a,stroke, by a stroke,He then ordered a car to call for him the next morning for a similar occasion and was felled by a stroke,He then ordered a car to call for him the next morning for a similar occasion and was hit by a stroke,He then ordered a car to call for him the next morning for a similar occasion and was dropped by a stroke
munch-judgement-527,527,3641,a98-fragment03-66,NEWS,-0.147,He then ordered a car to call for him the next morning for a similar occasion and was felled by a stroke while waiting for the lift.,He then ordered a car to call for him the next morning for a similar occasion and was felled by a convulsion while waiting for the lift.,He then ordered a car to call for him the next morning for a similar occasion and was felled by a touch while waiting for the lift.,stroke,convulsion,touch,98,104,108,103,while,waiting,for, while waiting for,He then ordered a car to call for him the next morning for a similar occasion and was felled by a stroke while waiting for,He then ordered a car to call for him the next morning for a similar occasion and was felled by a convulsion while waiting for,He then ordered a car to call for him the next morning for a similar occasion and was felled by a touch while waiting for
munch-judgement-530,530,3656,a98-fragment03-79,NEWS,0.0,"In 1949, Amaldi wrote to the Italian prime minister asking for permission to produce and sell sealing wax for letters, ‘so that we may raise needed funds for our physics lab’.","In 1949, Amaldi wrote to the Italian prime minister asking for permission to produce and sell sealing wax for letters, ‘so that we may acquire needed funds for our physics lab’.","In 1949, Amaldi wrote to the Italian prime minister asking for permission to produce and sell sealing wax for letters, ‘so that we may lift needed funds for our physics lab’.",raise,acquire,lift,135,140,142,139,needed,funds,for, needed funds for,"In 1949, Amaldi wrote to the Italian prime minister asking for permission to produce and sell sealing wax for letters, ‘so that we may raise needed funds for","In 1949, Amaldi wrote to the Italian prime minister asking for permission to produce and sell sealing wax for letters, ‘so that we may acquire needed funds for","In 1949, Amaldi wrote to the Italian prime minister asking for permission to produce and sell sealing wax for letters, ‘so that we may lift needed funds for"
munch-judgement-531,531,3656,a98-fragment03-79,NEWS,0.0,"In 1949, Amaldi wrote to the Italian prime minister asking for permission to produce and sell sealing wax for letters, ‘so that we may raise needed funds for our physics lab’.","In 1949, Amaldi wrote to the Italian prime minister asking for permission to produce and sell sealing wax for letters, ‘so that we may acquire needed funds for our physics lab’.","In 1949, Amaldi wrote to the Italian prime minister asking for permission to produce and sell sealing wax for letters, ‘so that we may elevate needed funds for our physics lab’.",raise,acquire,elevate,135,140,142,142,needed,funds,for, needed funds for,"In 1949, Amaldi wrote to the Italian prime minister asking for permission to produce and sell sealing wax for letters, ‘so that we may raise needed funds for","In 1949, Amaldi wrote to the Italian prime minister asking for permission to produce and sell sealing wax for letters, ‘so that we may acquire needed funds for","In 1949, Amaldi wrote to the Italian prime minister asking for permission to produce and sell sealing wax for letters, ‘so that we may elevate needed funds for"
munch-judgement-533,533,3702,a9j-fragment01-15,NEWS,0.486,"The structure of the developing national authority has been both diffuse enough to prevent it from being destroyed by any one single sweep of arrests (there have been more than 50,000 arrests since the Intifada's outbreak), and coherent enough to allow for the existence of a unified resistance strategy.","The structure of the developing national authority has been both diffuse enough to prevent it from being decimated by any one single sweep of arrests (there have been more than 50,000 arrests since the Intifada's outbreak), and coherent enough to allow for the existence of a unified resistance strategy.","The structure of the developing national authority has been both diffuse enough to prevent it from being destructed by any one single sweep of arrests (there have been more than 50,000 arrests since the Intifada's outbreak), and coherent enough to allow for the existence of a unified resistance strategy.",destroyed,decimated,destructed,105,114,114,115,by,any,one, by any one,The structure of the developing national authority has been both diffuse enough to prevent it from being destroyed by any one,The structure of the developing national authority has been both diffuse enough to prevent it from being decimated by any one,The structure of the developing national authority has been both diffuse enough to prevent it from being destructed by any one
munch-judgement-534,534,3723,a9j-fragment01-17,NEWS,0.441,"A high level of mobility in the structure allows for continuous interchange of roles and ideas, and retains for the Unified National Command the closeness to grass roots that is required to make it truly reflect people's wishes and sentiments.","A high level of mobility in the structure allows for continuous interchange of roles and ideas, and retains for the Unified National Command the connection to grass roots that is required to make it truly reflect people's wishes and sentiments.","A high level of mobility in the structure allows for continuous interchange of roles and ideas, and retains for the Unified National Command the nearness to grass roots that is required to make it truly reflect people's wishes and sentiments.",closeness,connection,nearness,145,154,155,153,to,grass,roots, to grass roots,"A high level of mobility in the structure allows for continuous interchange of roles and ideas, and retains for the Unified National Command the closeness to grass roots","A high level of mobility in the structure allows for continuous interchange of roles and ideas, and retains for the Unified National Command the connection to grass roots","A high level of mobility in the structure allows for continuous interchange of roles and ideas, and retains for the Unified National Command the nearness to grass roots"
munch-judgement-535,535,3751,a9j-fragment01-25,NEWS,0.121,"Harsh measures — putting an entire community under an absolute curfew for a continuous lengthy period of time, demolishing homes, uprooting olive or citrus trees, physical intimidation and terror tactics employed by raiding army units, shooting, killing, cutting off water or electricity supplies and telephone links to villages or towns, mass arrests, intimidatory interrogation techniques — can either create a temporary lull or activate an eruption.","Harsh measures — putting an entire community under an absolute curfew for a continuous lengthy period of time, demolishing homes, uprooting olive or citrus trees, physical intimidation and terror tactics used by raiding army units, shooting, killing, cutting off water or electricity supplies and telephone links to villages or towns, mass arrests, intimidatory interrogation techniques — can either create a temporary lull or activate an eruption.","Harsh measures — putting an entire community under an absolute curfew for a continuous lengthy period of time, demolishing homes, uprooting olive or citrus trees, physical intimidation and terror tactics hired by raiding army units, shooting, killing, cutting off water or electricity supplies and telephone links to villages or towns, mass arrests, intimidatory interrogation techniques — can either create a temporary lull or activate an eruption.",employed,used,hired,204,212,208,209,by,raiding,army, by raiding army,"Harsh measures — putting an entire community under an absolute curfew for a continuous lengthy period of time, demolishing homes, uprooting olive or citrus trees, physical intimidation and terror tactics employed by raiding army","Harsh measures — putting an entire community under an absolute curfew for a continuous lengthy period of time, demolishing homes, uprooting olive or citrus trees, physical intimidation and terror tactics used by raiding army","Harsh measures — putting an entire community under an absolute curfew for a continuous lengthy period of time, demolishing homes, uprooting olive or citrus trees, physical intimidation and terror tactics hired by raiding army"
munch-judgement-540,540,3771,a9j-fragment01-32,NEWS,0.258,"Through it, Palestinians are struggling on a daily basis to shake off Israel's authority and to construct their own.","Through it, Palestinians are struggling on a daily basis to brush off Israel's authority and to construct their own.","Through it, Palestinians are struggling on a daily basis to agitate off Israel's authority and to construct their own.",shake,brush,agitate,60,65,65,67,off,Israel's,authority, off Israel's authority,"Through it, Palestinians are struggling on a daily basis to shake off Israel's authority","Through it, Palestinians are struggling on a daily basis to brush off Israel's authority","Through it, Palestinians are struggling on a daily basis to agitate off Israel's authority"
munch-judgement-542,542,3809,a9j-fragment01-47,NEWS,0.194,"If the PNC Declaration of Independence constituted a major landmark in this process, the time has come to embark on another major step, that of declaring the setting up of a state or government structure.","If the PNC Declaration of Independence constituted a major milestone in this process, the time has come to embark on another major step, that of declaring the setting up of a state or government structure.","If the PNC Declaration of Independence constituted a major position in this process, the time has come to embark on another major step, that of declaring the setting up of a state or government structure.",landmark,milestone,position,59,67,68,67,in,this,"process,"," in this process,","If the PNC Declaration of Independence constituted a major landmark in this process,","If the PNC Declaration of Independence constituted a major milestone in this process,","If the PNC Declaration of Independence constituted a major position in this process,"
munch-judgement-543,543,3809,a9j-fragment01-47,NEWS,0.194,"If the PNC Declaration of Independence constituted a major landmark in this process, the time has come to embark on another major step, that of declaring the setting up of a state or government structure.","If the PNC Declaration of Independence constituted a major milestone in this process, the time has come to embark on another major step, that of declaring the setting up of a state or government structure.","If the PNC Declaration of Independence constituted a major place in this process, the time has come to embark on another major step, that of declaring the setting up of a state or government structure.",landmark,milestone,place,59,67,68,64,in,this,"process,"," in this process,","If the PNC Declaration of Independence constituted a major landmark in this process,","If the PNC Declaration of Independence constituted a major milestone in this process,","If the PNC Declaration of Independence constituted a major place in this process,"
munch-judgement-546,546,3817,a9j-fragment01-48,NEWS,0.118,AN ESCALATION of the Intifada in this direction would serve two purposes at once.,AN ESCALATION of the Intifada in this direction would benefit two purposes at once.,AN ESCALATION of the Intifada in this direction would dish two purposes at once.,serve,benefit,dish,54,59,61,58,two,purposes,at, two purposes at,AN ESCALATION of the Intifada in this direction would serve two purposes at,AN ESCALATION of the Intifada in this direction would benefit two purposes at,AN ESCALATION of the Intifada in this direction would dish two purposes at
munch-judgement-547,547,3824,a9j-fragment01-50,NEWS,0.088,"Second, it would consolidate the image and essence of the Intifada as a constructive, not a destructive, force.","Second, it would consolidate the impression and essence of the Intifada as a constructive, not a destructive, force.","Second, it would consolidate the icon and essence of the Intifada as a constructive, not a destructive, force.",image,impression,icon,33,38,43,37,and,essence,of, and essence of,"Second, it would consolidate the image and essence of","Second, it would consolidate the impression and essence of","Second, it would consolidate the icon and essence of"
munch-judgement-549,549,3847,a9j-fragment01-57,NEWS,-0.188,It would provide the multitudinous popular committees and activities with a more advanced form of organisation and structure.,It would provide the multitudinous popular committees and activities with a more advanced type of organisation and structure.,It would provide the multitudinous popular committees and activities with a more advanced contour of organisation and structure.,form,type,contour,90,94,94,97,of,organisation,and, of organisation and,It would provide the multitudinous popular committees and activities with a more advanced form of organisation and,It would provide the multitudinous popular committees and activities with a more advanced type of organisation and,It would provide the multitudinous popular committees and activities with a more advanced contour of organisation and
munch-judgement-550,550,3878,a9j-fragment01-67,NEWS,0.152,Such agreements can range from the issue of borders to the issue of free wave-lengths for our future television and radio networks.,Such agreements can range from the issue of boundaries to the issue of free wave-lengths for our future television and radio networks.,Such agreements can range from the issue of metes to the issue of free wave-lengths for our future television and radio networks.,borders,boundaries,metes,44,51,54,49,to,the,issue, to the issue,Such agreements can range from the issue of borders to the issue,Such agreements can range from the issue of boundaries to the issue,Such agreements can range from the issue of metes to the issue
munch-judgement-551,551,3919,aa3-fragment08-220,NEWS,-0.062,"To the Tysons, that meant nothing extravagant — just an extra £135 a month to make life at home in South Ruislip, Middlesex easier.","To the Tysons, that implied nothing extravagant — just an extra £135 a month to make life at home in South Ruislip, Middlesex easier.","To the Tysons, that intended nothing extravagant — just an extra £135 a month to make life at home in South Ruislip, Middlesex easier.",meant,implied,intended,20,25,27,28,nothing,extravagant,just, nothing extravagant — just,"To the Tysons, that meant nothing extravagant — just","To the Tysons, that implied nothing extravagant — just","To the Tysons, that intended nothing extravagant — just"
munch-judgement-552,552,3932,aa3-fragment08-227,NEWS,-0.061,"In the days that followed, the Tysons found that they and 18,000 other investors had been the victims of a financial crash of global proportions.","In the days that came, the Tysons found that they and 18,000 other investors had been the victims of a financial crash of global proportions.","In the days that traveled, the Tysons found that they and 18,000 other investors had been the victims of a financial crash of global proportions.",followed,came,traveled,17,25,21,25,the,Tysons,found,", the Tysons found","In the days that followed, the Tysons found","In the days that came, the Tysons found","In the days that traveled, the Tysons found"
munch-judgement-553,553,3932,aa3-fragment08-227,NEWS,-0.061,"In the days that followed, the Tysons found that they and 18,000 other investors had been the victims of a financial crash of global proportions.","In the days that came, the Tysons found that they and 18,000 other investors had been the victims of a financial crash of global proportions.","In the days that moved, the Tysons found that they and 18,000 other investors had been the victims of a financial crash of global proportions.",followed,came,moved,17,25,21,22,the,Tysons,found,", the Tysons found","In the days that followed, the Tysons found","In the days that came, the Tysons found","In the days that moved, the Tysons found"
munch-judgement-555,555,3937,aa3-fragment08-229,NEWS,-0.182,"After the initial shock and disbelief, the Tysons grew angry — at the advisers who convinced them about Barlow Clowes, at the Midland bank manager who gave verbal assurances of its security, at the regulatory authorities responsible for the investment community and at the Department of Trade and Industry which allowed the company to trade.","After the initial surprise and disbelief, the Tysons grew angry — at the advisers who convinced them about Barlow Clowes, at the Midland bank manager who gave verbal assurances of its security, at the regulatory authorities responsible for the investment community and at the Department of Trade and Industry which allowed the company to trade.","After the initial earthquake and disbelief, the Tysons grew angry — at the advisers who convinced them about Barlow Clowes, at the Midland bank manager who gave verbal assurances of its security, at the regulatory authorities responsible for the investment community and at the Department of Trade and Industry which allowed the company to trade.",shock,surprise,earthquake,18,23,26,28,and,"disbelief,",the," and disbelief, the","After the initial shock and disbelief, the","After the initial surprise and disbelief, the","After the initial earthquake and disbelief, the"
munch-judgement-556,556,3941,aa3-fragment08-229,NEWS,0.061,"After the initial shock and disbelief, the Tysons grew angry — at the advisers who convinced them about Barlow Clowes, at the Midland bank manager who gave verbal assurances of its security, at the regulatory authorities responsible for the investment community and at the Department of Trade and Industry which allowed the company to trade.","After the initial shock and disbelief, the Tysons grew angry — at the advisers who convinced them about Barlow Clowes, at the Midland bank manager who gave verbal assurances of its security, at the regulatory authorities responsible for the investment group and at the Department of Trade and Industry which allowed the company to trade.","After the initial shock and disbelief, the Tysons grew angry — at the advisers who convinced them about Barlow Clowes, at the Midland bank manager who gave verbal assurances of its security, at the regulatory authorities responsible for the investment gathering and at the Department of Trade and Industry which allowed the company to trade.",community,group,gathering,252,261,257,261,and,at,the, and at the,"After the initial shock and disbelief, the Tysons grew angry — at the advisers who convinced them about Barlow Clowes, at the Midland bank manager who gave verbal assurances of its security, at the regulatory authorities responsible for the investment community and at the","After the initial shock and disbelief, the Tysons grew angry — at the advisers who convinced them about Barlow Clowes, at the Midland bank manager who gave verbal assurances of its security, at the regulatory authorities responsible for the investment group and at the","After the initial shock and disbelief, the Tysons grew angry — at the advisers who convinced them about Barlow Clowes, at the Midland bank manager who gave verbal assurances of its security, at the regulatory authorities responsible for the investment gathering and at the"
munch-judgement-557,557,3941,aa3-fragment08-229,NEWS,0.061,"After the initial shock and disbelief, the Tysons grew angry — at the advisers who convinced them about Barlow Clowes, at the Midland bank manager who gave verbal assurances of its security, at the regulatory authorities responsible for the investment community and at the Department of Trade and Industry which allowed the company to trade.","After the initial shock and disbelief, the Tysons grew angry — at the advisers who convinced them about Barlow Clowes, at the Midland bank manager who gave verbal assurances of its security, at the regulatory authorities responsible for the investment group and at the Department of Trade and Industry which allowed the company to trade.","After the initial shock and disbelief, the Tysons grew angry — at the advisers who convinced them about Barlow Clowes, at the Midland bank manager who gave verbal assurances of its security, at the regulatory authorities responsible for the investment assemblage and at the Department of Trade and Industry which allowed the company to trade.",community,group,assemblage,252,261,257,262,and,at,the, and at the,"After the initial shock and disbelief, the Tysons grew angry — at the advisers who convinced them about Barlow Clowes, at the Midland bank manager who gave verbal assurances of its security, at the regulatory authorities responsible for the investment community and at the","After the initial shock and disbelief, the Tysons grew angry — at the advisers who convinced them about Barlow Clowes, at the Midland bank manager who gave verbal assurances of its security, at the regulatory authorities responsible for the investment group and at the","After the initial shock and disbelief, the Tysons grew angry — at the advisers who convinced them about Barlow Clowes, at the Midland bank manager who gave verbal assurances of its security, at the regulatory authorities responsible for the investment assemblage and at the"
munch-judgement-559,559,3945,aa3-fragment08-231,NEWS,-0.182,‘I feel appalled by the way these professional guardians have treated us.,‘I am appalled by the way these professional guardians have treated us.,‘I sense appalled by the way these professional guardians have treated us.,feel,am,sense,3,7,5,8,appalled,by,the, appalled by the,‘I feel appalled by the,‘I am appalled by the,‘I sense appalled by the
munch-judgement-560,560,3961,aa3-fragment08-237,NEWS,0.121,"Putting it as politely as he can, Mr Tyson said the whole affair ‘encouraged’ him to return to paid employment.","Putting it as politely as he can, Mr Tyson said the whole affair ‘motivated’ him to return to paid employment.","Putting it as politely as he can, Mr Tyson said the whole affair ‘inspired’ him to return to paid employment.",encouraged,motivated,inspired,66,76,75,74,him,to,return,’ him to return,"Putting it as politely as he can, Mr Tyson said the whole affair ‘encouraged’ him to return","Putting it as politely as he can, Mr Tyson said the whole affair ‘motivated’ him to return","Putting it as politely as he can, Mr Tyson said the whole affair ‘inspired’ him to return"
munch-judgement-561,561,3961,aa3-fragment08-237,NEWS,0.121,"Putting it as politely as he can, Mr Tyson said the whole affair ‘encouraged’ him to return to paid employment.","Putting it as politely as he can, Mr Tyson said the whole affair ‘motivated’ him to return to paid employment.","Putting it as politely as he can, Mr Tyson said the whole affair ‘animated’ him to return to paid employment.",encouraged,motivated,animated,66,76,75,74,him,to,return,’ him to return,"Putting it as politely as he can, Mr Tyson said the whole affair ‘encouraged’ him to return","Putting it as politely as he can, Mr Tyson said the whole affair ‘motivated’ him to return","Putting it as politely as he can, Mr Tyson said the whole affair ‘animated’ him to return"
munch-judgement-563,563,3963,aa3-fragment08-238,NEWS,-0.086,‘I hadn't planned to work at all.’,‘I hadn't intended to work at all.’,‘I hadn't designed to work at all.’,planned,intended,designed,10,17,18,18,to,work,at, to work at,‘I hadn't planned to work at,‘I hadn't intended to work at,‘I hadn't designed to work at
munch-judgement-564,564,3968,aa3-fragment08-241,NEWS,-0.059,Pursuing legal action would have cost them money they didn't have (unless it meant selling their house which was not an option) but doing nothing left them with the feeling that justice wasn't being done.,Pursuing legal action would have cost them money they didn't have (unless it meant selling their house which was not an option) but doing nothing left them with the impression that justice wasn't being done.,Pursuing legal action would have cost them money they didn't have (unless it meant selling their house which was not an option) but doing nothing left them with the touch that justice wasn't being done.,feeling,impression,touch,165,172,175,170,that,justice,wasn't, that justice wasn't,Pursuing legal action would have cost them money they didn't have (unless it meant selling their house which was not an option) but doing nothing left them with the feeling that justice wasn't,Pursuing legal action would have cost them money they didn't have (unless it meant selling their house which was not an option) but doing nothing left them with the impression that justice wasn't,Pursuing legal action would have cost them money they didn't have (unless it meant selling their house which was not an option) but doing nothing left them with the touch that justice wasn't
munch-judgement-568,568,3980,aa3-fragment08-246,NEWS,0.059,"That aside, the last year has brought little respite from their own, very personal, crisis.","That aside, the last year has given little respite from their own, very personal, crisis.","That aside, the last year has conveyed little respite from their own, very personal, crisis.",brought,given,conveyed,30,37,35,38,little,respite,from, little respite from,"That aside, the last year has brought little respite from","That aside, the last year has given little respite from","That aside, the last year has conveyed little respite from"
munch-judgement-569,569,3980,aa3-fragment08-246,NEWS,0.059,"That aside, the last year has brought little respite from their own, very personal, crisis.","That aside, the last year has given little respite from their own, very personal, crisis.","That aside, the last year has taken little respite from their own, very personal, crisis.",brought,given,taken,30,37,35,35,little,respite,from, little respite from,"That aside, the last year has brought little respite from","That aside, the last year has given little respite from","That aside, the last year has taken little respite from"
munch-judgement-571,571,3998,ab9-fragment03-796,FICTION,0.152,"‘Way you go, Patty,’ he said softly, and the dog was off, hurling herself along the embankment, all paws and flying ears, after a rabbit who had been sitting in a patch of sun but disappeared with contemptuous ease as she came close.","‘Way you go, Patty,’ he said gently, and the dog was off, hurling herself along the embankment, all paws and flying ears, after a rabbit who had been sitting in a patch of sun but disappeared with contemptuous ease as she came close.","‘Way you go, Patty,’ he said lightly, and the dog was off, hurling herself along the embankment, all paws and flying ears, after a rabbit who had been sitting in a patch of sun but disappeared with contemptuous ease as she came close.",softly,gently,lightly,29,35,35,36,and,the,dog,", and the dog","‘Way you go, Patty,’ he said softly, and the dog","‘Way you go, Patty,’ he said gently, and the dog","‘Way you go, Patty,’ he said lightly, and the dog"
munch-judgement-572,572,3999,ab9-fragment03-796,FICTION,0.625,"‘Way you go, Patty,’ he said softly, and the dog was off, hurling herself along the embankment, all paws and flying ears, after a rabbit who had been sitting in a patch of sun but disappeared with contemptuous ease as she came close.","‘Way you go, Patty,’ he said softly, and the dog was off, throwing herself along the embankment, all paws and flying ears, after a rabbit who had been sitting in a patch of sun but disappeared with contemptuous ease as she came close.","‘Way you go, Patty,’ he said softly, and the dog was off, casting herself along the embankment, all paws and flying ears, after a rabbit who had been sitting in a patch of sun but disappeared with contemptuous ease as she came close.",hurling,throwing,casting,58,65,66,65,herself,along,the, herself along the,"‘Way you go, Patty,’ he said softly, and the dog was off, hurling herself along the","‘Way you go, Patty,’ he said softly, and the dog was off, throwing herself along the","‘Way you go, Patty,’ he said softly, and the dog was off, casting herself along the"
munch-judgement-573,573,4020,ab9-fragment03-809,FICTION,0.061,"As his eyes focused he realized he was looking at a hideously swollen human body, and just then, as the light breeze shifted, he caught the stomach-turning odour of decay.","As his eyes focused he realized he was looking at a hideously swollen human body, and just then, as the light breeze moved, he caught the stomach-turning odour of decay.","As his eyes focused he realized he was looking at a hideously swollen human body, and just then, as the light breeze stirred, he caught the stomach-turning odour of decay.",shifted,moved,stirred,117,124,122,124,he,caught,the,", he caught the","As his eyes focused he realized he was looking at a hideously swollen human body, and just then, as the light breeze shifted, he caught the","As his eyes focused he realized he was looking at a hideously swollen human body, and just then, as the light breeze moved, he caught the","As his eyes focused he realized he was looking at a hideously swollen human body, and just then, as the light breeze stirred, he caught the"
munch-judgement-574,574,4020,ab9-fragment03-809,FICTION,0.061,"As his eyes focused he realized he was looking at a hideously swollen human body, and just then, as the light breeze shifted, he caught the stomach-turning odour of decay.","As his eyes focused he realized he was looking at a hideously swollen human body, and just then, as the light breeze moved, he caught the stomach-turning odour of decay.","As his eyes focused he realized he was looking at a hideously swollen human body, and just then, as the light breeze budged, he caught the stomach-turning odour of decay.",shifted,moved,budged,117,124,122,123,he,caught,the,", he caught the","As his eyes focused he realized he was looking at a hideously swollen human body, and just then, as the light breeze shifted, he caught the","As his eyes focused he realized he was looking at a hideously swollen human body, and just then, as the light breeze moved, he caught the","As his eyes focused he realized he was looking at a hideously swollen human body, and just then, as the light breeze budged, he caught the"
munch-judgement-575,575,4020,ab9-fragment03-809,FICTION,0.061,"As his eyes focused he realized he was looking at a hideously swollen human body, and just then, as the light breeze shifted, he caught the stomach-turning odour of decay.","As his eyes focused he realized he was looking at a hideously swollen human body, and just then, as the light breeze moved, he caught the stomach-turning odour of decay.","As his eyes focused he realized he was looking at a hideously swollen human body, and just then, as the light breeze agitated, he caught the stomach-turning odour of decay.",shifted,moved,agitated,117,124,122,125,he,caught,the,", he caught the","As his eyes focused he realized he was looking at a hideously swollen human body, and just then, as the light breeze shifted, he caught the","As his eyes focused he realized he was looking at a hideously swollen human body, and just then, as the light breeze moved, he caught the","As his eyes focused he realized he was looking at a hideously swollen human body, and just then, as the light breeze agitated, he caught the"
munch-judgement-579,579,4025,ab9-fragment03-812,FICTION,-0.062,"He stopped on the embankment, shaking with cold and shock, to note the spot, then fled along the tractor paths, the dog running with him, to the stables where the ten o'clock children's ride was in its closing stages.","He stopped on the embankment, shaking with cold and shock, to note the position, then fled along the tractor paths, the dog running with him, to the stables where the ten o'clock children's ride was in its closing stages.","He stopped on the embankment, shaking with cold and shock, to note the smudge, then fled along the tractor paths, the dog running with him, to the stables where the ten o'clock children's ride was in its closing stages.",spot,position,smudge,71,75,79,77,then,fled,along,", then fled along","He stopped on the embankment, shaking with cold and shock, to note the spot, then fled along","He stopped on the embankment, shaking with cold and shock, to note the position, then fled along","He stopped on the embankment, shaking with cold and shock, to note the smudge, then fled along"
munch-judgement-580,580,4039,ab9-fragment03-836,FICTION,0.0,"He was unsurprised to find her packed off firmly to take his sister home, leaving him as a person of major importance in what he instantly assumed to be a real murder.","He was unsurprised to find her packed off forcefully to take his sister home, leaving him as a person of major importance in what he instantly assumed to be a real murder.","He was unsurprised to find her packed off securely to take his sister home, leaving him as a person of major importance in what he instantly assumed to be a real murder.",firmly,forcefully,securely,42,48,52,50,to,take,his, to take his,He was unsurprised to find her packed off firmly to take his,He was unsurprised to find her packed off forcefully to take his,He was unsurprised to find her packed off securely to take his
munch-judgement-581,581,4039,ab9-fragment03-836,FICTION,0.0,"He was unsurprised to find her packed off firmly to take his sister home, leaving him as a person of major importance in what he instantly assumed to be a real murder.","He was unsurprised to find her packed off staunchly to take his sister home, leaving him as a person of major importance in what he instantly assumed to be a real murder.","He was unsurprised to find her packed off securely to take his sister home, leaving him as a person of major importance in what he instantly assumed to be a real murder.",firmly,staunchly,securely,42,48,51,50,to,take,his, to take his,He was unsurprised to find her packed off firmly to take his,He was unsurprised to find her packed off staunchly to take his,He was unsurprised to find her packed off securely to take his
munch-judgement-583,583,4049,ab9-fragment03-847,FICTION,0.176,"Almost a professional singer, handles himself very well.’","Almost a professional singer, conducts himself very well.’","Almost a professional singer, palms himself very well.’",handles,conducts,palms,30,37,38,35,himself,very,well.’, himself very well.’,"Almost a professional singer, handles himself very well.’","Almost a professional singer, conducts himself very well.’","Almost a professional singer, palms himself very well.’"
munch-judgement-586,586,4071,ab9-fragment03-877,FICTION,-0.286,"‘No one could tell who she was, surely?’","‘No one could discern who she was, surely?’","‘No one could state who she was, surely?’",tell,discern,state,14,18,21,19,who,she,"was,"," who she was,","‘No one could tell who she was,","‘No one could discern who she was,","‘No one could state who she was,"
munch-judgement-587,587,4074,ab9-fragment03-883,FICTION,-0.206,"He stopped, abruptly, as he remembered a conversation earlier that week, and lit a cigarette, thinking furiously.","He stopped, abruptly, as he remembered a conversation earlier that week, and sparked a cigarette, thinking furiously.","He stopped, abruptly, as he remembered a conversation earlier that week, and illuminated a cigarette, thinking furiously.",lit,sparked,illuminated,77,80,84,88,a,"cigarette,",thinking," a cigarette, thinking","He stopped, abruptly, as he remembered a conversation earlier that week, and lit a cigarette, thinking","He stopped, abruptly, as he remembered a conversation earlier that week, and sparked a cigarette, thinking","He stopped, abruptly, as he remembered a conversation earlier that week, and illuminated a cigarette, thinking"
munch-judgement-588,588,4101,ab9-fragment03-904,FICTION,0.176,McLeish expressed qualified enthusiasm and Charlie assured him he felt exactly the same about his younger brother.,McLeish expressed genuine enthusiasm and Charlie assured him he felt exactly the same about his younger brother.,McLeish expressed certified enthusiasm and Charlie assured him he felt exactly the same about his younger brother.,qualified,genuine,certified,18,27,25,27,enthusiasm,and,Charlie, enthusiasm and Charlie,McLeish expressed qualified enthusiasm and Charlie,McLeish expressed genuine enthusiasm and Charlie,McLeish expressed certified enthusiasm and Charlie
munch-judgement-589,589,4125,ab9-fragment03-916,FICTION,0.324,"She let go of the cabinet, coughing in the dust of ages that appeared to be lurking behind it, and smiled back at him as the February sun shone through the small window behind her, throwing into sharp relief the patches on the wall where her predecessor had hung posters, and the ingrained dirt on the flaking paintwork round the mean, narrow, metal window.","She let go of the cabinet, coughing in the dust of ages that appeared to be lurking behind it, and smiled back at him as the February sun shone through the small window behind her, throwing into sharp relief the marks on the wall where her predecessor had hung posters, and the ingrained dirt on the flaking paintwork round the mean, narrow, metal window.","She let go of the cabinet, coughing in the dust of ages that appeared to be lurking behind it, and smiled back at him as the February sun shone through the small window behind her, throwing into sharp relief the bandages on the wall where her predecessor had hung posters, and the ingrained dirt on the flaking paintwork round the mean, narrow, metal window.",patches,marks,bandages,212,219,217,220,on,the,wall, on the wall,"She let go of the cabinet, coughing in the dust of ages that appeared to be lurking behind it, and smiled back at him as the February sun shone through the small window behind her, throwing into sharp relief the patches on the wall","She let go of the cabinet, coughing in the dust of ages that appeared to be lurking behind it, and smiled back at him as the February sun shone through the small window behind her, throwing into sharp relief the marks on the wall","She let go of the cabinet, coughing in the dust of ages that appeared to be lurking behind it, and smiled back at him as the February sun shone through the small window behind her, throwing into sharp relief the bandages on the wall"
munch-judgement-590,590,4135,ab9-fragment03-933,FICTION,-0.029,"It was, he felt, just too difficult to be at home at all, with Claudia in a permanently bitchy mood and both his teenage children taking their cue from her and behaving intolerably.","It was, he thought, just too difficult to be at home at all, with Claudia in a permanently bitchy mood and both his teenage children taking their cue from her and behaving intolerably.","It was, he sensed, just too difficult to be at home at all, with Claudia in a permanently bitchy mood and both his teenage children taking their cue from her and behaving intolerably.",felt,thought,sensed,11,15,18,17,just,too,difficult,", just too difficult","It was, he felt, just too difficult","It was, he thought, just too difficult","It was, he sensed, just too difficult"
munch-judgement-591,591,4146,ab9-fragment03-937,FICTION,-0.188,He had to admit that this particular client hardly added to the general decorative smartness of the place.,He had to concede that this particular client hardly added to the general decorative smartness of the place.,He had to intromit that this particular client hardly added to the general decorative smartness of the place.,admit,concede,intromit,10,15,17,18,that,this,particular, that this particular,He had to admit that this particular,He had to concede that this particular,He had to intromit that this particular
munch-judgement-592,592,4148,ab9-fragment03-937,FICTION,0.5,He had to admit that this particular client hardly added to the general decorative smartness of the place.,He had to admit that this particular client hardly added to the general decorative stylishness of the place.,He had to admit that this particular client hardly added to the general decorative cleverness of the place.,smartness,stylishness,cleverness,83,92,94,93,of,the,place., of the place.,He had to admit that this particular client hardly added to the general decorative smartness of the place.,He had to admit that this particular client hardly added to the general decorative stylishness of the place.,He had to admit that this particular client hardly added to the general decorative cleverness of the place.
munch-judgement-593,593,4154,ab9-fragment03-940,FICTION,-0.121,"‘I never see how they get the sales per square foot in these places,’ Barton observed, without further greeting.","‘I never see how they get the sales per square foot in these places,’ Barton remarked, without further greeting.","‘I never see how they get the sales per square foot in these places,’ Barton watched, without further greeting.",observed,remarked,watched,77,85,85,84,without,further,greeting.,", without further greeting.","‘I never see how they get the sales per square foot in these places,’ Barton observed, without further greeting.","‘I never see how they get the sales per square foot in these places,’ Barton remarked, without further greeting.","‘I never see how they get the sales per square foot in these places,’ Barton watched, without further greeting."
munch-judgement-597,597,4194,ab9-fragment03-956,FICTION,0.312,Plenty of housing if those stupid farts at the council got round to repairing it and stopped their tenants tearing apart what they have got.,Plenty of housing if those stupid cunts at the council got round to repairing it and stopped their tenants tearing apart what they have got.,Plenty of housing if those stupid winds at the council got round to repairing it and stopped their tenants tearing apart what they have got.,farts,cunts,winds,34,39,39,39,at,the,council, at the council,Plenty of housing if those stupid farts at the council,Plenty of housing if those stupid cunts at the council,Plenty of housing if those stupid winds at the council
munch-judgement-598,598,4198,ab9-fragment03-958,FICTION,0.25,"Peter Yeo, who had personally persuaded Barton of the presentational disadvantage of using words like ‘darkies’, ‘niggers’ or ‘wogs’, decided that ‘immigrants’ even though used in the manner of one invoking a curse, was as good as he was going to get with this particular client.","Peter Yeo, who had personally persuaded Barton of the presentational disadvantage of using words like ‘darkies’, ‘niggers’ or ‘wogs’, decided that ‘immigrants’ even though used in the manner of one denoting a curse, was as good as he was going to get with this particular client.","Peter Yeo, who had personally persuaded Barton of the presentational disadvantage of using words like ‘darkies’, ‘niggers’ or ‘wogs’, decided that ‘immigrants’ even though used in the manner of one appealing a curse, was as good as he was going to get with this particular client.",invoking,denoting,appealing,198,206,206,207,a,"curse,",was," a curse, was","Peter Yeo, who had personally persuaded Barton of the presentational disadvantage of using words like ‘darkies’, ‘niggers’ or ‘wogs’, decided that ‘immigrants’ even though used in the manner of one invoking a curse, was","Peter Yeo, who had personally persuaded Barton of the presentational disadvantage of using words like ‘darkies’, ‘niggers’ or ‘wogs’, decided that ‘immigrants’ even though used in the manner of one denoting a curse, was","Peter Yeo, who had personally persuaded Barton of the presentational disadvantage of using words like ‘darkies’, ‘niggers’ or ‘wogs’, decided that ‘immigrants’ even though used in the manner of one appealing a curse, was"
munch-judgement-603,603,4210,ab9-fragment03-965,FICTION,0.121,"Peter Yeo winced inwardly, but he was not going to tell Andy Barton that Angela was missing, or express any of his reservations about how much influence Angela could bring to bear.","Peter Yeo winced inwardly, but he was not going to tell Andy Barton that Angela was missing, or reveal any of his reservations about how much influence Angela could bring to bear.","Peter Yeo winced inwardly, but he was not going to tell Andy Barton that Angela was missing, or extract any of his reservations about how much influence Angela could bring to bear.",express,reveal,extract,96,103,102,103,any,of,his, any of his,"Peter Yeo winced inwardly, but he was not going to tell Andy Barton that Angela was missing, or express any of his","Peter Yeo winced inwardly, but he was not going to tell Andy Barton that Angela was missing, or reveal any of his","Peter Yeo winced inwardly, but he was not going to tell Andy Barton that Angela was missing, or extract any of his"
munch-judgement-604,604,4210,ab9-fragment03-965,FICTION,0.121,"Peter Yeo winced inwardly, but he was not going to tell Andy Barton that Angela was missing, or express any of his reservations about how much influence Angela could bring to bear.","Peter Yeo winced inwardly, but he was not going to tell Andy Barton that Angela was missing, or voice any of his reservations about how much influence Angela could bring to bear.","Peter Yeo winced inwardly, but he was not going to tell Andy Barton that Angela was missing, or extract any of his reservations about how much influence Angela could bring to bear.",express,voice,extract,96,103,101,103,any,of,his, any of his,"Peter Yeo winced inwardly, but he was not going to tell Andy Barton that Angela was missing, or express any of his","Peter Yeo winced inwardly, but he was not going to tell Andy Barton that Angela was missing, or voice any of his","Peter Yeo winced inwardly, but he was not going to tell Andy Barton that Angela was missing, or extract any of his"
munch-judgement-606,606,4211,ab9-fragment03-965,FICTION,0.086,"Peter Yeo winced inwardly, but he was not going to tell Andy Barton that Angela was missing, or express any of his reservations about how much influence Angela could bring to bear.","Peter Yeo winced inwardly, but he was not going to tell Andy Barton that Angela was missing, or express any of his concerns about how much influence Angela could bring to bear.","Peter Yeo winced inwardly, but he was not going to tell Andy Barton that Angela was missing, or express any of his prearrangement about how much influence Angela could bring to bear.",reservations,concerns,prearrangement,115,127,123,129,about,how,much, about how much,"Peter Yeo winced inwardly, but he was not going to tell Andy Barton that Angela was missing, or express any of his reservations about how much","Peter Yeo winced inwardly, but he was not going to tell Andy Barton that Angela was missing, or express any of his concerns about how much","Peter Yeo winced inwardly, but he was not going to tell Andy Barton that Angela was missing, or express any of his prearrangement about how much"
munch-judgement-607,607,4217,ab9-fragment03-966,FICTION,0.194,"He smoothly changed the subject to the looks of the blond model, three tables away, and Barton agreed he wouldn't mind a bit of that; on the thin side, mind you, but tasty.","He smoothly changed the topic to the looks of the blond model, three tables away, and Barton agreed he wouldn't mind a bit of that; on the thin side, mind you, but tasty.","He smoothly changed the content to the looks of the blond model, three tables away, and Barton agreed he wouldn't mind a bit of that; on the thin side, mind you, but tasty.",subject,topic,content,24,31,29,31,to,the,looks, to the looks,He smoothly changed the subject to the looks,He smoothly changed the topic to the looks,He smoothly changed the content to the looks
munch-judgement-608,608,4229,ab9-fragment03-967,FICTION,0.379,"The rest of lunch passed in similar diversion, interspersed with details of last week's turnover which were never far from Barton's mind, whatever other distractions offered.","The rest of lunch passed in similar diversion, interspersed with details of last week's revenue which were never far from Barton's mind, whatever other distractions offered.","The rest of lunch passed in similar diversion, interspersed with details of last week's upset which were never far from Barton's mind, whatever other distractions offered.",turnover,revenue,upset,88,96,95,93,which,were,never, which were never,"The rest of lunch passed in similar diversion, interspersed with details of last week's turnover which were never","The rest of lunch passed in similar diversion, interspersed with details of last week's revenue which were never","The rest of lunch passed in similar diversion, interspersed with details of last week's upset which were never"
munch-judgement-609,609,4251,ab9-fragment03-974,FICTION,0.441,"Penelope, however, it had to be acknowledged, had made no attempt to rise above the blow she had been dealt by finding a dazzling girl of her own age favoured over herself in her uncle's will.","Penelope, however, it had to be acknowledged, had made no attempt to rise above the blow she had been dealt by finding a stunning girl of her own age favoured over herself in her uncle's will.","Penelope, however, it had to be acknowledged, had made no attempt to rise above the blow she had been dealt by finding a blazing girl of her own age favoured over herself in her uncle's will.",dazzling,stunning,blazing,121,129,129,128,girl,of,her, girl of her,"Penelope, however, it had to be acknowledged, had made no attempt to rise above the blow she had been dealt by finding a dazzling girl of her","Penelope, however, it had to be acknowledged, had made no attempt to rise above the blow she had been dealt by finding a stunning girl of her","Penelope, however, it had to be acknowledged, had made no attempt to rise above the blow she had been dealt by finding a blazing girl of her"
munch-judgement-610,610,4251,ab9-fragment03-974,FICTION,0.441,"Penelope, however, it had to be acknowledged, had made no attempt to rise above the blow she had been dealt by finding a dazzling girl of her own age favoured over herself in her uncle's will.","Penelope, however, it had to be acknowledged, had made no attempt to rise above the blow she had been dealt by finding a stunning girl of her own age favoured over herself in her uncle's will.","Penelope, however, it had to be acknowledged, had made no attempt to rise above the blow she had been dealt by finding a glaring girl of her own age favoured over herself in her uncle's will.",dazzling,stunning,glaring,121,129,129,128,girl,of,her, girl of her,"Penelope, however, it had to be acknowledged, had made no attempt to rise above the blow she had been dealt by finding a dazzling girl of her","Penelope, however, it had to be acknowledged, had made no attempt to rise above the blow she had been dealt by finding a stunning girl of her","Penelope, however, it had to be acknowledged, had made no attempt to rise above the blow she had been dealt by finding a glaring girl of her"
munch-judgement-611,611,4251,ab9-fragment03-974,FICTION,0.441,"Penelope, however, it had to be acknowledged, had made no attempt to rise above the blow she had been dealt by finding a dazzling girl of her own age favoured over herself in her uncle's will.","Penelope, however, it had to be acknowledged, had made no attempt to rise above the blow she had been dealt by finding a beautiful girl of her own age favoured over herself in her uncle's will.","Penelope, however, it had to be acknowledged, had made no attempt to rise above the blow she had been dealt by finding a blazing girl of her own age favoured over herself in her uncle's will.",dazzling,beautiful,blazing,121,129,130,128,girl,of,her, girl of her,"Penelope, however, it had to be acknowledged, had made no attempt to rise above the blow she had been dealt by finding a dazzling girl of her","Penelope, however, it had to be acknowledged, had made no attempt to rise above the blow she had been dealt by finding a beautiful girl of her","Penelope, however, it had to be acknowledged, had made no attempt to rise above the blow she had been dealt by finding a blazing girl of her"
munch-judgement-612,612,4251,ab9-fragment03-974,FICTION,0.441,"Penelope, however, it had to be acknowledged, had made no attempt to rise above the blow she had been dealt by finding a dazzling girl of her own age favoured over herself in her uncle's will.","Penelope, however, it had to be acknowledged, had made no attempt to rise above the blow she had been dealt by finding a beautiful girl of her own age favoured over herself in her uncle's will.","Penelope, however, it had to be acknowledged, had made no attempt to rise above the blow she had been dealt by finding a glaring girl of her own age favoured over herself in her uncle's will.",dazzling,beautiful,glaring,121,129,130,128,girl,of,her, girl of her,"Penelope, however, it had to be acknowledged, had made no attempt to rise above the blow she had been dealt by finding a dazzling girl of her","Penelope, however, it had to be acknowledged, had made no attempt to rise above the blow she had been dealt by finding a beautiful girl of her","Penelope, however, it had to be acknowledged, had made no attempt to rise above the blow she had been dealt by finding a glaring girl of her"
munch-judgement-615,615,4288,ab9-fragment03-990,FICTION,-0.062,"Her husband Francis had made a slightly better showing than her daughter Jennifer, who was looking particularly ragged.","Her husband Francis had made a slightly better impression than her daughter Jennifer, who was looking particularly ragged.","Her husband Francis had made a slightly better screening than her daughter Jennifer, who was looking particularly ragged.",showing,impression,screening,47,54,57,56,than,her,daughter, than her daughter,Her husband Francis had made a slightly better showing than her daughter,Her husband Francis had made a slightly better impression than her daughter,Her husband Francis had made a slightly better screening than her daughter
munch-judgement-616,616,4320,ab9-fragment03-1012,FICTION,-0.176,"He stood, door in hand, checked by something in the way his visitors, a man and a woman, were standing.","He stood, door in hand, checked by something in the manner his visitors, a man and a woman, were standing.","He stood, door in hand, checked by something in the direction his visitors, a man and a woman, were standing.",way,manner,direction,52,55,58,61,his,"visitors,",a," his visitors, a","He stood, door in hand, checked by something in the way his visitors, a","He stood, door in hand, checked by something in the manner his visitors, a","He stood, door in hand, checked by something in the direction his visitors, a"
munch-judgement-617,617,4321,ab9-fragment03-1013,FICTION,0.455,"The man, a stocky, greying fifty-year-old in a navy raincoat over a suit, his hair cut short, was attended by a uniformed policewoman, hair smartly set under the cap, her eyes watchful in the wide, flat, placid face, and both of them were standing square and stolid.","The man, a stocky, greying fifty-year-old in a navy raincoat over a suit, his hair cut short, was attended by a uniformed policewoman, hair neatly set under the cap, her eyes watchful in the wide, flat, placid face, and both of them were standing square and stolid.","The man, a stocky, greying fifty-year-old in a navy raincoat over a suit, his hair cut short, was attended by a uniformed policewoman, hair vigorously set under the cap, her eyes watchful in the wide, flat, placid face, and both of them were standing square and stolid.",smartly,neatly,vigorously,140,147,146,150,set,under,the, set under the,"The man, a stocky, greying fifty-year-old in a navy raincoat over a suit, his hair cut short, was attended by a uniformed policewoman, hair smartly set under the","The man, a stocky, greying fifty-year-old in a navy raincoat over a suit, his hair cut short, was attended by a uniformed policewoman, hair neatly set under the","The man, a stocky, greying fifty-year-old in a navy raincoat over a suit, his hair cut short, was attended by a uniformed policewoman, hair vigorously set under the"
munch-judgement-618,618,4336,ac2-fragment06-1270,FICTION,0.281,"‘Must be getting too old for this globe-trotting lark, or else my mis-spent youth is catching up on me.","‘Must be getting too old for this globe-trotting adventure, or else my mis-spent youth is catching up on me.","‘Must be getting too old for this globe-trotting oscine, or else my mis-spent youth is catching up on me.",lark,adventure,oscine,49,53,58,55,or,else,my,", or else my","‘Must be getting too old for this globe-trotting lark, or else my","‘Must be getting too old for this globe-trotting adventure, or else my","‘Must be getting too old for this globe-trotting oscine, or else my"
munch-judgement-620,620,4350,ac2-fragment06-1283,FICTION,0.032,"The Chairman of the company told him he was most impressed with the contribution he's made to the business, and that he could go right to the top if he keeps it up.","The Chairman of the company told him he was most impressed with the assistance he's made to the business, and that he could go right to the top if he keeps it up.","The Chairman of the company told him he was most impressed with the donation he's made to the business, and that he could go right to the top if he keeps it up.",contribution,assistance,donation,68,80,78,76,he's,made,to, he's made to,The Chairman of the company told him he was most impressed with the contribution he's made to,The Chairman of the company told him he was most impressed with the assistance he's made to,The Chairman of the company told him he was most impressed with the donation he's made to
munch-judgement-621,621,4350,ac2-fragment06-1283,FICTION,0.032,"The Chairman of the company told him he was most impressed with the contribution he's made to the business, and that he could go right to the top if he keeps it up.","The Chairman of the company told him he was most impressed with the effort he's made to the business, and that he could go right to the top if he keeps it up.","The Chairman of the company told him he was most impressed with the donation he's made to the business, and that he could go right to the top if he keeps it up.",contribution,effort,donation,68,80,74,76,he's,made,to, he's made to,The Chairman of the company told him he was most impressed with the contribution he's made to,The Chairman of the company told him he was most impressed with the effort he's made to,The Chairman of the company told him he was most impressed with the donation he's made to
munch-judgement-623,623,4356,ac2-fragment06-1294,FICTION,-0.061,Seems they want you to address the European Commission on European industrial development.,Seems they want you to face the European Commission on European industrial development.,Seems they want you to communicate the European Commission on European industrial development.,address,face,communicate,23,30,27,34,the,European,Commission, the European Commission,Seems they want you to address the European Commission,Seems they want you to face the European Commission,Seems they want you to communicate the European Commission
munch-judgement-624,624,4356,ac2-fragment06-1294,FICTION,-0.061,Seems they want you to address the European Commission on European industrial development.,Seems they want you to face the European Commission on European industrial development.,Seems they want you to accost the European Commission on European industrial development.,address,face,accost,23,30,27,29,the,European,Commission, the European Commission,Seems they want you to address the European Commission,Seems they want you to face the European Commission,Seems they want you to accost the European Commission
munch-judgement-627,627,4390,ac2-fragment06-1361,FICTION,0.312,"‘I have a horrible feeling that UM is about to reorganise world-wide planning operations and, if that happens, it's curtains for the European organisation and for me.’","‘I have a horrible feeling that UM is about to reorganise world-wide planning operations and, if that happens, it's over for the European organisation and for me.’","‘I have a horrible feeling that UM is about to reorganise world-wide planning operations and, if that happens, it's drapes for the European organisation and for me.’",curtains,over,drapes,116,124,120,122,for,the,European, for the European,"‘I have a horrible feeling that UM is about to reorganise world-wide planning operations and, if that happens, it's curtains for the European","‘I have a horrible feeling that UM is about to reorganise world-wide planning operations and, if that happens, it's over for the European","‘I have a horrible feeling that UM is about to reorganise world-wide planning operations and, if that happens, it's drapes for the European"
munch-judgement-628,628,4403,ac2-fragment06-1385,FICTION,0.438,The Paul Jones and the emotional somersaults when the music stopped and they came face to face for the very first time.,The Paul Jones and the emotional cartwheels when the music stopped and they came face to face for the very first time.,The Paul Jones and the emotional flips when the music stopped and they came face to face for the very first time.,somersaults,cartwheels,flips,33,44,43,38,when,the,music, when the music,The Paul Jones and the emotional somersaults when the music,The Paul Jones and the emotional cartwheels when the music,The Paul Jones and the emotional flips when the music
munch-judgement-629,629,4407,ac2-fragment06-1389,FICTION,-0.265,"Schooldays and the void they both felt when the boys went off to boarding school, followed by the joy unconfined when they came home at the end of term.","Schooldays and the void they both experienced when the boys went off to boarding school, followed by the joy unconfined when they came home at the end of term.","Schooldays and the void they both sensed when the boys went off to boarding school, followed by the joy unconfined when they came home at the end of term.",felt,experienced,sensed,34,38,45,40,when,the,boys, when the boys,Schooldays and the void they both felt when the boys,Schooldays and the void they both experienced when the boys,Schooldays and the void they both sensed when the boys
munch-judgement-635,635,4446,ac2-fragment06-1434,FICTION,-0.242,"‘He's gon na plan, direct and control worldwide planning operations from Detroit, including the regional planning functions.’","‘He's gon na prepare, direct and control worldwide planning operations from Detroit, including the regional planning functions.’","‘He's gon na design, direct and control worldwide planning operations from Detroit, including the regional planning functions.’",plan,prepare,design,13,17,20,19,direct,and,control,", direct and control","‘He's gon na plan, direct and control","‘He's gon na prepare, direct and control","‘He's gon na design, direct and control"
munch-judgement-636,636,4492,ac2-fragment06-1474,FICTION,0.133,‘Mueller will have the power to make or break whole areas of Europe.,‘Mueller will have the ability to make or break whole areas of Europe.,‘Mueller will have the might to make or break whole areas of Europe.,power,ability,might,23,28,30,28,to,make,or, to make or,‘Mueller will have the power to make or,‘Mueller will have the ability to make or,‘Mueller will have the might to make or
munch-judgement-638,638,4517,ac2-fragment06-1495,FICTION,0.062,"When I was an apprentice there were two component plants in Europe, and now there are seventeen, and I've had a hand in establishing the last twelve.","When I was an apprentice there were two component factories in Europe, and now there are seventeen, and I've had a hand in establishing the last twelve.","When I was an apprentice there were two component flora in Europe, and now there are seventeen, and I've had a hand in establishing the last twelve.",plants,factories,flora,50,56,59,55,in,"Europe,",and," in Europe, and","When I was an apprentice there were two component plants in Europe, and","When I was an apprentice there were two component factories in Europe, and","When I was an apprentice there were two component flora in Europe, and"
munch-judgement-641,641,4551,ac2-fragment06-1530,FICTION,-0.062,"Mueller is taking over the plan, and Don is being transferred back to the States.","Mueller is taking over the scheme, and Don is being transferred back to the States.","Mueller is taking over the design, and Don is being transferred back to the States.",plan,scheme,design,27,31,33,33,and,Don,is,", and Don is","Mueller is taking over the plan, and Don is","Mueller is taking over the scheme, and Don is","Mueller is taking over the design, and Don is"
munch-judgement-643,643,4567,ac2-fragment06-1562,FICTION,0.281,"Another of his blinding headaches had developed and he felt a tight sensation in his chest, which made breathing very painful and difficult.","Another of his excruciating headaches had developed and he felt a tight sensation in his chest, which made breathing very painful and difficult.","Another of his dazzling headaches had developed and he felt a tight sensation in his chest, which made breathing very painful and difficult.",blinding,excruciating,dazzling,15,23,27,23,headaches,had,developed, headaches had developed,Another of his blinding headaches had developed,Another of his excruciating headaches had developed,Another of his dazzling headaches had developed
munch-judgement-644,644,4567,ac2-fragment06-1562,FICTION,0.281,"Another of his blinding headaches had developed and he felt a tight sensation in his chest, which made breathing very painful and difficult.","Another of his excruciating headaches had developed and he felt a tight sensation in his chest, which made breathing very painful and difficult.","Another of his fulgent headaches had developed and he felt a tight sensation in his chest, which made breathing very painful and difficult.",blinding,excruciating,fulgent,15,23,27,22,headaches,had,developed, headaches had developed,Another of his blinding headaches had developed,Another of his excruciating headaches had developed,Another of his fulgent headaches had developed
munch-judgement-646,646,4573,ac2-fragment06-1578,FICTION,0.03,"The petticoat Mafia at the top of the organisation always knew what was going on, often before the top executives themselves.","The petticoat Mafia at the head of the organisation always knew what was going on, often before the top executives themselves.","The petticoat Mafia at the upside of the organisation always knew what was going on, often before the top executives themselves.",top,head,upside,27,30,31,33,of,the,organisation, of the organisation,The petticoat Mafia at the top of the organisation,The petticoat Mafia at the head of the organisation,The petticoat Mafia at the upside of the organisation
munch-judgement-647,647,4587,acj-fragment01-3,ACPROSE,0.091,"Murder, manslaughter, and several other offences are discussed, and one recurrent issue here is whether English law responds proportionately to the different degrees of culpability manifested in cases where death is caused.","Murder, manslaughter, and several other offences are discussed, and one recurrent issue here is whether English law responds proportionately to the different levels of culpability manifested in cases where death is caused.","Murder, manslaughter, and several other offences are discussed, and one recurrent issue here is whether English law responds proportionately to the different arcdegrees of culpability manifested in cases where death is caused.",degrees,levels,arcdegrees,158,165,164,168,of,culpability,manifested, of culpability manifested,"Murder, manslaughter, and several other offences are discussed, and one recurrent issue here is whether English law responds proportionately to the different degrees of culpability manifested","Murder, manslaughter, and several other offences are discussed, and one recurrent issue here is whether English law responds proportionately to the different levels of culpability manifested","Murder, manslaughter, and several other offences are discussed, and one recurrent issue here is whether English law responds proportionately to the different arcdegrees of culpability manifested"
munch-judgement-648,648,4601,acj-fragment01-8,ACPROSE,0.059,"Even in crimes of violence which leave some permanent physical disfigurement or psychological effects, the victim retains his or her life and, therefore, the possibility of further pleasures and achievements, whereas death is final.","Even in crimes of violence which leave some permanent physical disfigurement or psychological effects, the victim keeps his or her life and, therefore, the possibility of further pleasures and achievements, whereas death is final.","Even in crimes of violence which leave some permanent physical disfigurement or psychological effects, the victim bears his or her life and, therefore, the possibility of further pleasures and achievements, whereas death is final.",retains,keeps,bears,114,121,119,119,his,or,her, his or her,"Even in crimes of violence which leave some permanent physical disfigurement or psychological effects, the victim retains his or her","Even in crimes of violence which leave some permanent physical disfigurement or psychological effects, the victim keeps his or her","Even in crimes of violence which leave some permanent physical disfigurement or psychological effects, the victim bears his or her"
munch-judgement-649,649,4601,acj-fragment01-8,ACPROSE,0.059,"Even in crimes of violence which leave some permanent physical disfigurement or psychological effects, the victim retains his or her life and, therefore, the possibility of further pleasures and achievements, whereas death is final.","Even in crimes of violence which leave some permanent physical disfigurement or psychological effects, the victim keeps his or her life and, therefore, the possibility of further pleasures and achievements, whereas death is final.","Even in crimes of violence which leave some permanent physical disfigurement or psychological effects, the victim carries his or her life and, therefore, the possibility of further pleasures and achievements, whereas death is final.",retains,keeps,carries,114,121,119,121,his,or,her, his or her,"Even in crimes of violence which leave some permanent physical disfigurement or psychological effects, the victim retains his or her","Even in crimes of violence which leave some permanent physical disfigurement or psychological effects, the victim keeps his or her","Even in crimes of violence which leave some permanent physical disfigurement or psychological effects, the victim carries his or her"
munch-judgement-650,650,4601,acj-fragment01-8,ACPROSE,0.059,"Even in crimes of violence which leave some permanent physical disfigurement or psychological effects, the victim retains his or her life and, therefore, the possibility of further pleasures and achievements, whereas death is final.","Even in crimes of violence which leave some permanent physical disfigurement or psychological effects, the victim keeps his or her life and, therefore, the possibility of further pleasures and achievements, whereas death is final.","Even in crimes of violence which leave some permanent physical disfigurement or psychological effects, the victim contains his or her life and, therefore, the possibility of further pleasures and achievements, whereas death is final.",retains,keeps,contains,114,121,119,122,his,or,her, his or her,"Even in crimes of violence which leave some permanent physical disfigurement or psychological effects, the victim retains his or her","Even in crimes of violence which leave some permanent physical disfigurement or psychological effects, the victim keeps his or her","Even in crimes of violence which leave some permanent physical disfigurement or psychological effects, the victim contains his or her"
munch-judgement-654,654,4617,acj-fragment01-16,ACPROSE,-0.156,"In other words, does English criminal law pick out the most heinous forms of killing as murders and manslaughters, or are the boundaries frozen by tradition?","In other words, does English criminal law pick out the most heinous types of killing as murders and manslaughters, or are the boundaries frozen by tradition?","In other words, does English criminal law pick out the most heinous configurations of killing as murders and manslaughters, or are the boundaries frozen by tradition?",forms,types,configurations,68,73,73,82,of,killing,as, of killing as,"In other words, does English criminal law pick out the most heinous forms of killing as","In other words, does English criminal law pick out the most heinous types of killing as","In other words, does English criminal law pick out the most heinous configurations of killing as"
munch-judgement-655,655,4617,acj-fragment01-16,ACPROSE,-0.156,"In other words, does English criminal law pick out the most heinous forms of killing as murders and manslaughters, or are the boundaries frozen by tradition?","In other words, does English criminal law pick out the most heinous types of killing as murders and manslaughters, or are the boundaries frozen by tradition?","In other words, does English criminal law pick out the most heinous contours of killing as murders and manslaughters, or are the boundaries frozen by tradition?",forms,types,contours,68,73,73,76,of,killing,as, of killing as,"In other words, does English criminal law pick out the most heinous forms of killing as","In other words, does English criminal law pick out the most heinous types of killing as","In other words, does English criminal law pick out the most heinous contours of killing as"
munch-judgement-657,657,4622,acj-fragment01-17,ACPROSE,-0.091,Another question is whether the criminal law ought not to be wider in its application to activities which carry some risk of causing death than in other spheres.,Another question is whether the criminal law ought not to be wider in its application to activities which involve some risk of causing death than in other spheres.,Another question is whether the criminal law ought not to be wider in its application to activities which pack some risk of causing death than in other spheres.,carry,involve,pack,106,111,113,110,some,risk,of, some risk of,Another question is whether the criminal law ought not to be wider in its application to activities which carry some risk of,Another question is whether the criminal law ought not to be wider in its application to activities which involve some risk of,Another question is whether the criminal law ought not to be wider in its application to activities which pack some risk of
munch-judgement-658,658,4622,acj-fragment01-17,ACPROSE,-0.091,Another question is whether the criminal law ought not to be wider in its application to activities which carry some risk of causing death than in other spheres.,Another question is whether the criminal law ought not to be wider in its application to activities which bears some risk of causing death than in other spheres.,Another question is whether the criminal law ought not to be wider in its application to activities which pack some risk of causing death than in other spheres.,carry,bears,pack,106,111,111,110,some,risk,of, some risk of,Another question is whether the criminal law ought not to be wider in its application to activities which carry some risk of,Another question is whether the criminal law ought not to be wider in its application to activities which bears some risk of,Another question is whether the criminal law ought not to be wider in its application to activities which pack some risk of
munch-judgement-660,660,4691,acj-fragment01-45,ACPROSE,0.212,"Whether the life sentence is regarded as a sufficient denunciation in society depends on the public's perception of what life imprisonment means: if it is widely believed that it results in an average of nine years' imprisonment, the effect will be somewhat blunted.","Whether the life sentence is regarded as a sufficient denunciation in society depends on the public's view of what life imprisonment means: if it is widely believed that it results in an average of nine years' imprisonment, the effect will be somewhat blunted.","Whether the life sentence is regarded as a sufficient denunciation in society depends on the public's sensing of what life imprisonment means: if it is widely believed that it results in an average of nine years' imprisonment, the effect will be somewhat blunted.",perception,view,sensing,102,112,106,109,of,what,life, of what life,Whether the life sentence is regarded as a sufficient denunciation in society depends on the public's perception of what life,Whether the life sentence is regarded as a sufficient denunciation in society depends on the public's view of what life,Whether the life sentence is regarded as a sufficient denunciation in society depends on the public's sensing of what life
munch-judgement-661,661,4706,acj-fragment01-50,ACPROSE,0.324,"In procedural terms, therefore, the life sentence involves a transfer of function: normally it is the judge who determines the sentence (or at least its upper limit, since earlier release on parole may be possible), whereas a life sentence entrusts that function to the executive, who must first ascertain the opinions of the Lord Chief Justice and the trial judge.","In procedural terms, therefore, the life sentence involves a shift of function: normally it is the judge who determines the sentence (or at least its upper limit, since earlier release on parole may be possible), whereas a life sentence entrusts that function to the executive, who must first ascertain the opinions of the Lord Chief Justice and the trial judge.","In procedural terms, therefore, the life sentence involves a transportation of function: normally it is the judge who determines the sentence (or at least its upper limit, since earlier release on parole may be possible), whereas a life sentence entrusts that function to the executive, who must first ascertain the opinions of the Lord Chief Justice and the trial judge.",transfer,shift,transportation,61,69,66,75,of,function:,normally, of function: normally,"In procedural terms, therefore, the life sentence involves a transfer of function: normally","In procedural terms, therefore, the life sentence involves a shift of function: normally","In procedural terms, therefore, the life sentence involves a transportation of function: normally"
munch-judgement-662,662,4706,acj-fragment01-50,ACPROSE,0.324,"In procedural terms, therefore, the life sentence involves a transfer of function: normally it is the judge who determines the sentence (or at least its upper limit, since earlier release on parole may be possible), whereas a life sentence entrusts that function to the executive, who must first ascertain the opinions of the Lord Chief Justice and the trial judge.","In procedural terms, therefore, the life sentence involves a shift of function: normally it is the judge who determines the sentence (or at least its upper limit, since earlier release on parole may be possible), whereas a life sentence entrusts that function to the executive, who must first ascertain the opinions of the Lord Chief Justice and the trial judge.","In procedural terms, therefore, the life sentence involves a conveyance of function: normally it is the judge who determines the sentence (or at least its upper limit, since earlier release on parole may be possible), whereas a life sentence entrusts that function to the executive, who must first ascertain the opinions of the Lord Chief Justice and the trial judge.",transfer,shift,conveyance,61,69,66,71,of,function:,normally, of function: normally,"In procedural terms, therefore, the life sentence involves a transfer of function: normally","In procedural terms, therefore, the life sentence involves a shift of function: normally","In procedural terms, therefore, the life sentence involves a conveyance of function: normally"
munch-judgement-664,664,4710,acj-fragment01-51,ACPROSE,0.029,"The Home Office is not bound by those opinions, and appears to depart from them frequently.","The Home Office is not constrained by those opinions, and appears to depart from them frequently.","The Home Office is not attached by those opinions, and appears to depart from them frequently.",bound,constrained,attached,23,28,34,31,by,those,"opinions,"," by those opinions,","The Home Office is not bound by those opinions,","The Home Office is not constrained by those opinions,","The Home Office is not attached by those opinions,"
munch-judgement-665,665,4713,acj-fragment01-52,ACPROSE,0.206,"In 1983 the Home Secretary imposed restrictions on the release of persons serving life for murders of police- and prison-officers, terrorist killings, murder during robbery, and the sadistic or sexual murder of young children, fixing a minimum of twenty years' imprisonment for these offenders.","In 1983 the Home Secretary imposed restrictions on the release of persons imprisoned life for murders of police- and prison-officers, terrorist killings, murder during robbery, and the sadistic or sexual murder of young children, fixing a minimum of twenty years' imprisonment for these offenders.","In 1983 the Home Secretary imposed restrictions on the release of persons dishing life for murders of police- and prison-officers, terrorist killings, murder during robbery, and the sadistic or sexual murder of young children, fixing a minimum of twenty years' imprisonment for these offenders.",serving,imprisoned,dishing,74,81,84,81,life,for,murders, life for murders,In 1983 the Home Secretary imposed restrictions on the release of persons serving life for murders,In 1983 the Home Secretary imposed restrictions on the release of persons imprisoned life for murders,In 1983 the Home Secretary imposed restrictions on the release of persons dishing life for murders
munch-judgement-666,666,4743,acj-fragment01-64,ACPROSE,0.091,"English criminal law has two degrees of homicide, murder and manslaughter.","English criminal law has two levels of homicide, murder and manslaughter.","English criminal law has two arcdegrees of homicide, murder and manslaughter.",degrees,levels,arcdegrees,29,36,35,39,of,"homicide,",murder," of homicide, murder","English criminal law has two degrees of homicide, murder","English criminal law has two levels of homicide, murder","English criminal law has two arcdegrees of homicide, murder"
munch-judgement-667,667,4751,acj-fragment01-67,ACPROSE,0.0,"That proposal, if implemented, would shift almost all the decision-making in homicide cases from the trial to the sentencing stage: the only issue of any consequence in most cases would be the sentence to be imposed, and all the distinctions now drawn at the stage of criminal liability would be reflected in the sentence alone.","That proposal, if implemented, would shift almost all the decision-making in homicide cases from the trial to the sentencing phase: the only issue of any consequence in most cases would be the sentence to be imposed, and all the distinctions now drawn at the stage of criminal liability would be reflected in the sentence alone.","That proposal, if implemented, would shift almost all the decision-making in homicide cases from the trial to the sentencing platform: the only issue of any consequence in most cases would be the sentence to be imposed, and all the distinctions now drawn at the stage of criminal liability would be reflected in the sentence alone.",stage,phase,platform,125,130,130,133,the,only,issue,: the only issue,"That proposal, if implemented, would shift almost all the decision-making in homicide cases from the trial to the sentencing stage: the only issue","That proposal, if implemented, would shift almost all the decision-making in homicide cases from the trial to the sentencing phase: the only issue","That proposal, if implemented, would shift almost all the decision-making in homicide cases from the trial to the sentencing platform: the only issue"
munch-judgement-668,668,4759,acj-fragment01-69,ACPROSE,0.094,"Contrast this with the position in jurisdictions where there are three or more degrees of homicide: pleas of guilty to first- and second-degree murders would be less frequent, since there would be the possibility of argument in court (if no bargain was struck beforehand between prosecution and defence), and the defence might succeed in persuading the jury to reduce the degree of the killing.","Contrast this with the position in jurisdictions where there are three or more degrees of homicide: pleas of guilty to first- and second-degree murders would be less frequent, since there would be the possibility of argument in court (if no deal was struck beforehand between prosecution and defence), and the defence might succeed in persuading the jury to reduce the degree of the killing.","Contrast this with the position in jurisdictions where there are three or more degrees of homicide: pleas of guilty to first- and second-degree murders would be less frequent, since there would be the possibility of argument in court (if no buy was struck beforehand between prosecution and defence), and the defence might succeed in persuading the jury to reduce the degree of the killing.",bargain,deal,buy,241,248,245,244,was,struck,beforehand, was struck beforehand,"Contrast this with the position in jurisdictions where there are three or more degrees of homicide: pleas of guilty to first- and second-degree murders would be less frequent, since there would be the possibility of argument in court (if no bargain was struck beforehand","Contrast this with the position in jurisdictions where there are three or more degrees of homicide: pleas of guilty to first- and second-degree murders would be less frequent, since there would be the possibility of argument in court (if no deal was struck beforehand","Contrast this with the position in jurisdictions where there are three or more degrees of homicide: pleas of guilty to first- and second-degree murders would be less frequent, since there would be the possibility of argument in court (if no buy was struck beforehand"
munch-judgement-669,669,4759,acj-fragment01-69,ACPROSE,0.094,"Contrast this with the position in jurisdictions where there are three or more degrees of homicide: pleas of guilty to first- and second-degree murders would be less frequent, since there would be the possibility of argument in court (if no bargain was struck beforehand between prosecution and defence), and the defence might succeed in persuading the jury to reduce the degree of the killing.","Contrast this with the position in jurisdictions where there are three or more degrees of homicide: pleas of guilty to first- and second-degree murders would be less frequent, since there would be the possibility of argument in court (if no deal was struck beforehand between prosecution and defence), and the defence might succeed in persuading the jury to reduce the degree of the killing.","Contrast this with the position in jurisdictions where there are three or more degrees of homicide: pleas of guilty to first- and second-degree murders would be less frequent, since there would be the possibility of argument in court (if no steal was struck beforehand between prosecution and defence), and the defence might succeed in persuading the jury to reduce the degree of the killing.",bargain,deal,steal,241,248,245,246,was,struck,beforehand, was struck beforehand,"Contrast this with the position in jurisdictions where there are three or more degrees of homicide: pleas of guilty to first- and second-degree murders would be less frequent, since there would be the possibility of argument in court (if no bargain was struck beforehand","Contrast this with the position in jurisdictions where there are three or more degrees of homicide: pleas of guilty to first- and second-degree murders would be less frequent, since there would be the possibility of argument in court (if no deal was struck beforehand","Contrast this with the position in jurisdictions where there are three or more degrees of homicide: pleas of guilty to first- and second-degree murders would be less frequent, since there would be the possibility of argument in court (if no steal was struck beforehand"
munch-judgement-671,671,4766,acj-fragment01-70,ACPROSE,-0.156,"Moreover, the borderlines between the various degrees would raise questions of law, which would provide much opportunity for legal argument and for appeals.","Moreover, the borderlines between the various degrees would introduce questions of law, which would provide much opportunity for legal argument and for appeals.","Moreover, the borderlines between the various degrees would lift questions of law, which would provide much opportunity for legal argument and for appeals.",raise,introduce,lift,60,65,69,64,questions,of,"law,"," questions of law,","Moreover, the borderlines between the various degrees would raise questions of law,","Moreover, the borderlines between the various degrees would introduce questions of law,","Moreover, the borderlines between the various degrees would lift questions of law,"
munch-judgement-672,672,4766,acj-fragment01-70,ACPROSE,-0.156,"Moreover, the borderlines between the various degrees would raise questions of law, which would provide much opportunity for legal argument and for appeals.","Moreover, the borderlines between the various degrees would introduce questions of law, which would provide much opportunity for legal argument and for appeals.","Moreover, the borderlines between the various degrees would elevate questions of law, which would provide much opportunity for legal argument and for appeals.",raise,introduce,elevate,60,65,69,67,questions,of,"law,"," questions of law,","Moreover, the borderlines between the various degrees would raise questions of law,","Moreover, the borderlines between the various degrees would introduce questions of law,","Moreover, the borderlines between the various degrees would elevate questions of law,"
munch-judgement-674,674,4775,acj-fragment01-73,ACPROSE,0.152,"Where there is no capital punishment, however, the question of how many degrees of homicide it is desirable to have calls for careful weighing of the principle of fair labelling (see Chapter 3.3 (l)) against the cost and time arguments mobilised by the policy of efficient administration (see Chapter 3.3 (m)).","Where there is no capital punishment, however, the question of how many levels of homicide it is desirable to have calls for careful weighing of the principle of fair labelling (see Chapter 3.3 (l)) against the cost and time arguments mobilised by the policy of efficient administration (see Chapter 3.3 (m)).","Where there is no capital punishment, however, the question of how many arcdegrees of homicide it is desirable to have calls for careful weighing of the principle of fair labelling (see Chapter 3.3 (l)) against the cost and time arguments mobilised by the policy of efficient administration (see Chapter 3.3 (m)).",degrees,levels,arcdegrees,72,79,78,82,of,homicide,it, of homicide it,"Where there is no capital punishment, however, the question of how many degrees of homicide it","Where there is no capital punishment, however, the question of how many levels of homicide it","Where there is no capital punishment, however, the question of how many arcdegrees of homicide it"
munch-judgement-678,678,4812,acj-fragment01-95,ACPROSE,-0.091,The jury should answer this by drawing inferences from the evidence in the case and from the surrounding circumstances.,The jury should answer this by extracting inferences from the evidence in the case and from the surrounding circumstances.,The jury should answer this by pulling inferences from the evidence in the case and from the surrounding circumstances.,drawing,extracting,pulling,31,38,41,38,inferences,from,the, inferences from the,The jury should answer this by drawing inferences from the,The jury should answer this by extracting inferences from the,The jury should answer this by pulling inferences from the
munch-judgement-679,679,4812,acj-fragment01-95,ACPROSE,-0.091,The jury should answer this by drawing inferences from the evidence in the case and from the surrounding circumstances.,The jury should answer this by extracting inferences from the evidence in the case and from the surrounding circumstances.,The jury should answer this by forcing inferences from the evidence in the case and from the surrounding circumstances.,drawing,extracting,forcing,31,38,41,38,inferences,from,the, inferences from the,The jury should answer this by drawing inferences from the,The jury should answer this by extracting inferences from the,The jury should answer this by forcing inferences from the
munch-judgement-681,681,4815,acj-fragment01-98,ACPROSE,-0.143,"It must be shown that the defendant intended (which, again, includes both purpose and awareness of practical certainty) to cause really serious injury to someone.","It must be demonstrated that the defendant intended (which, again, includes both purpose and awareness of practical certainty) to cause really serious injury to someone.","It must be demoed that the defendant intended (which, again, includes both purpose and awareness of practical certainty) to cause really serious injury to someone.",shown,demonstrated,demoed,11,16,23,17,that,the,defendant, that the defendant,It must be shown that the defendant,It must be demonstrated that the defendant,It must be demoed that the defendant
munch-judgement-682,682,4823,acj-fragment01-101,ACPROSE,0.528,"The House of Lords upheld D's conviction for murder: an intent to cause really serious injury is sufficient for murder, without any proof that the defendant intended, or even contemplated, the possibility that death would result.","The House of Lords upheld D's conviction for murder: an intent to cause really serious injury is sufficient for murder, without any proof that the defendant intended, or even considered, the possibility that death would result.","The House of Lords upheld D's conviction for murder: an intent to cause really serious injury is sufficient for murder, without any proof that the defendant intended, or even viewed, the possibility that death would result.",contemplated,considered,viewed,175,187,185,181,the,possibility,that,", the possibility that","The House of Lords upheld D's conviction for murder: an intent to cause really serious injury is sufficient for murder, without any proof that the defendant intended, or even contemplated, the possibility that","The House of Lords upheld D's conviction for murder: an intent to cause really serious injury is sufficient for murder, without any proof that the defendant intended, or even considered, the possibility that","The House of Lords upheld D's conviction for murder: an intent to cause really serious injury is sufficient for murder, without any proof that the defendant intended, or even viewed, the possibility that"
munch-judgement-683,683,4842,acj-fragment01-107,ACPROSE,0.344,"There are arguments in favour of this: death is final, murder is the gravest crime, and there is no significant moral difference between someone who chooses to cause really serious injury and someone who sets out to kill.","There are arguments in favour of this: death is irrevocable, murder is the gravest crime, and there is no significant moral difference between someone who chooses to cause really serious injury and someone who sets out to kill.","There are arguments in favour of this: death is concluding, murder is the gravest crime, and there is no significant moral difference between someone who chooses to cause really serious injury and someone who sets out to kill.",final,irrevocable,concluding,48,53,59,58,murder,is,the,", murder is the","There are arguments in favour of this: death is final, murder is the","There are arguments in favour of this: death is irrevocable, murder is the","There are arguments in favour of this: death is concluding, murder is the"
munch-judgement-684,684,4868,acj-fragment01-115,ACPROSE,0.0,"There are powerful arguments in favour of saying that there are other killings where an intent to kill can not be established, and yet where the moral or social culpability is equal to that in most intentional killings.","There are strong arguments in favour of saying that there are other killings where an intent to kill can not be established, and yet where the moral or social culpability is equal to that in most intentional killings.","There are brawny arguments in favour of saying that there are other killings where an intent to kill can not be established, and yet where the moral or social culpability is equal to that in most intentional killings.",powerful,strong,brawny,10,18,16,16,arguments,in,favour, arguments in favour,There are powerful arguments in favour,There are strong arguments in favour,There are brawny arguments in favour
munch-judgement-685,685,4876,acj-fragment01-118,ACPROSE,0.0,Let us briefly consider some of the possibilities.,Let us briefly contemplate some of the possibilities.,Let us briefly regard some of the possibilities.,consider,contemplate,regard,15,23,26,21,some,of,the, some of the,Let us briefly consider some of the,Let us briefly contemplate some of the,Let us briefly regard some of the
munch-judgement-686,686,4888,acj-fragment01-124,ACPROSE,0.032,"Yet if the example is modified a little, so that the overtaking is on a country road at night and the risk is known to be slight, it becomes questionable whether the causing of death in these circumstances should be labelled in the same way as intentional killings.","Yet if the example is modified a little, so that the overtaking is on a country road at night and the risk is known to be small, it becomes questionable whether the causing of death in these circumstances should be labelled in the same way as intentional killings.","Yet if the example is modified a little, so that the overtaking is on a country road at night and the risk is known to be slender, it becomes questionable whether the causing of death in these circumstances should be labelled in the same way as intentional killings.",slight,small,slender,122,128,127,129,it,becomes,questionable,", it becomes questionable","Yet if the example is modified a little, so that the overtaking is on a country road at night and the risk is known to be slight, it becomes questionable","Yet if the example is modified a little, so that the overtaking is on a country road at night and the risk is known to be small, it becomes questionable","Yet if the example is modified a little, so that the overtaking is on a country road at night and the risk is known to be slender, it becomes questionable"
munch-judgement-687,687,4888,acj-fragment01-124,ACPROSE,0.032,"Yet if the example is modified a little, so that the overtaking is on a country road at night and the risk is known to be slight, it becomes questionable whether the causing of death in these circumstances should be labelled in the same way as intentional killings.","Yet if the example is modified a little, so that the overtaking is on a country road at night and the risk is known to be small, it becomes questionable whether the causing of death in these circumstances should be labelled in the same way as intentional killings.","Yet if the example is modified a little, so that the overtaking is on a country road at night and the risk is known to be slim, it becomes questionable whether the causing of death in these circumstances should be labelled in the same way as intentional killings.",slight,small,slim,122,128,127,126,it,becomes,questionable,", it becomes questionable","Yet if the example is modified a little, so that the overtaking is on a country road at night and the risk is known to be slight, it becomes questionable","Yet if the example is modified a little, so that the overtaking is on a country road at night and the risk is known to be small, it becomes questionable","Yet if the example is modified a little, so that the overtaking is on a country road at night and the risk is known to be slim, it becomes questionable"
munch-judgement-689,689,4890,acj-fragment01-124,ACPROSE,-0.2,"Yet if the example is modified a little, so that the overtaking is on a country road at night and the risk is known to be slight, it becomes questionable whether the causing of death in these circumstances should be labelled in the same way as intentional killings.","Yet if the example is modified a little, so that the overtaking is on a country road at night and the risk is known to be slight, it becomes questionable whether the causing of death in these circumstances should be labelled in the same manner as intentional killings.","Yet if the example is modified a little, so that the overtaking is on a country road at night and the risk is known to be slight, it becomes questionable whether the causing of death in these circumstances should be labelled in the same direction as intentional killings.",way,manner,direction,237,240,243,246,as,intentional,killings., as intentional killings.,"Yet if the example is modified a little, so that the overtaking is on a country road at night and the risk is known to be slight, it becomes questionable whether the causing of death in these circumstances should be labelled in the same way as intentional killings.","Yet if the example is modified a little, so that the overtaking is on a country road at night and the risk is known to be slight, it becomes questionable whether the causing of death in these circumstances should be labelled in the same manner as intentional killings.","Yet if the example is modified a little, so that the overtaking is on a country road at night and the risk is known to be slight, it becomes questionable whether the causing of death in these circumstances should be labelled in the same direction as intentional killings."
munch-judgement-690,690,4891,acj-fragment01-126,ACPROSE,-0.054,"The point is rather that, even though knowingly taking risks with other people's lives is usually unjustifiable, taking a slight risk is less serious than intentionally causing death.","The crux is rather that, even though knowingly taking risks with other people's lives is usually unjustifiable, taking a slight risk is less serious than intentionally causing death.","The tip is rather that, even though knowingly taking risks with other people's lives is usually unjustifiable, taking a slight risk is less serious than intentionally causing death.",point,crux,tip,4,9,8,7,is,rather,"that,"," is rather that,","The point is rather that,","The crux is rather that,","The tip is rather that,"
munch-judgement-691,691,4891,acj-fragment01-126,ACPROSE,-0.054,"The point is rather that, even though knowingly taking risks with other people's lives is usually unjustifiable, taking a slight risk is less serious than intentionally causing death.","The crux is rather that, even though knowingly taking risks with other people's lives is usually unjustifiable, taking a slight risk is less serious than intentionally causing death.","The peak is rather that, even though knowingly taking risks with other people's lives is usually unjustifiable, taking a slight risk is less serious than intentionally causing death.",point,crux,peak,4,9,8,8,is,rather,"that,"," is rather that,","The point is rather that,","The crux is rather that,","The peak is rather that,"
munch-judgement-693,693,4914,acj-fragment01-134,ACPROSE,0.206,A second approach is to frame the law in such a way as to make it clear that the court should make a moral judgment on the gravity of the defendant's conduct.,A second approach is to portray the law in such a way as to make it clear that the court should make a moral judgment on the gravity of the defendant's conduct.,A second approach is to border the law in such a way as to make it clear that the court should make a moral judgment on the gravity of the defendant's conduct.,frame,portray,border,24,29,31,30,the,law,in, the law in,A second approach is to frame the law in,A second approach is to portray the law in,A second approach is to border the law in
munch-judgement-694,694,4919,acj-fragment01-135,ACPROSE,0.061,Section 210.2 of the Model Penal Code includes within murder those reckless killings which manifest ‘extreme indifference to the value of human life’.,Article 210.2 of the Model Penal Code includes within murder those reckless killings which manifest ‘extreme indifference to the value of human life’.,Segment 210.2 of the Model Penal Code includes within murder those reckless killings which manifest ‘extreme indifference to the value of human life’.,Section,Article,Segment,0,7,7,7,210.2,of,the, 210.2 of the,Section 210.2 of the,Article 210.2 of the,Segment 210.2 of the
munch-judgement-695,695,4939,acj-fragment01-138,ACPROSE,-0.176,"Admittedly, the Model Penal Code does contain a list of circumstances which may amount to extreme indifference, which assists the courts and increases the predictability of verdicts in a way that Scots law does not, but the essence of both approaches is that there is no precise way of describing those non-intentional killings which are as heinous as intentional killings.","Admittedly, the Model Penal Code does contain a list of circumstances which may amount to extreme indifference, which assists the courts and increases the predictability of verdicts in a manner that Scots law does not, but the essence of both approaches is that there is no precise way of describing those non-intentional killings which are as heinous as intentional killings.","Admittedly, the Model Penal Code does contain a list of circumstances which may amount to extreme indifference, which assists the courts and increases the predictability of verdicts in a direction that Scots law does not, but the essence of both approaches is that there is no precise way of describing those non-intentional killings which are as heinous as intentional killings.",way,manner,direction,187,190,193,196,that,Scots,law, that Scots law,"Admittedly, the Model Penal Code does contain a list of circumstances which may amount to extreme indifference, which assists the courts and increases the predictability of verdicts in a way that Scots law","Admittedly, the Model Penal Code does contain a list of circumstances which may amount to extreme indifference, which assists the courts and increases the predictability of verdicts in a manner that Scots law","Admittedly, the Model Penal Code does contain a list of circumstances which may amount to extreme indifference, which assists the courts and increases the predictability of verdicts in a direction that Scots law"
munch-judgement-696,696,4941,acj-fragment01-138,ACPROSE,0.129,"Admittedly, the Model Penal Code does contain a list of circumstances which may amount to extreme indifference, which assists the courts and increases the predictability of verdicts in a way that Scots law does not, but the essence of both approaches is that there is no precise way of describing those non-intentional killings which are as heinous as intentional killings.","Admittedly, the Model Penal Code does contain a list of circumstances which may amount to extreme indifference, which assists the courts and increases the predictability of verdicts in a way that Scots law does not, but the essence of both methods is that there is no precise way of describing those non-intentional killings which are as heinous as intentional killings.","Admittedly, the Model Penal Code does contain a list of circumstances which may amount to extreme indifference, which assists the courts and increases the predictability of verdicts in a way that Scots law does not, but the essence of both comings is that there is no precise way of describing those non-intentional killings which are as heinous as intentional killings.",approaches,methods,comings,240,250,247,247,is,that,there, is that there,"Admittedly, the Model Penal Code does contain a list of circumstances which may amount to extreme indifference, which assists the courts and increases the predictability of verdicts in a way that Scots law does not, but the essence of both approaches is that there","Admittedly, the Model Penal Code does contain a list of circumstances which may amount to extreme indifference, which assists the courts and increases the predictability of verdicts in a way that Scots law does not, but the essence of both methods is that there","Admittedly, the Model Penal Code does contain a list of circumstances which may amount to extreme indifference, which assists the courts and increases the predictability of verdicts in a way that Scots law does not, but the essence of both comings is that there"
munch-judgement-697,697,4948,acj-fragment01-139,ACPROSE,0.029,"Their protagonists argue that the law of murder is so important socially that derogation from the principle of maximum certainty should be allowed in favour of more accurate labelling by the courts; opponents argue that the principle of maximum certainty is needed here specifically to reduce the risk of verdicts based on discriminatory or irrelevant factors, such as distaste for the defendant's background, allegiance, or other activities.","Their protagonists argue that the law of murder is so important socially that derogation from the principle of maximum certainty should be allowed in favour of more accurate labelling by the courts; opponents argue that the principle of maximum certainty is needed here specifically to reduce the risk of verdicts based on discriminatory or irrelevant factors, such as distaste for the defendant's circumstances, allegiance, or other activities.","Their protagonists argue that the law of murder is so important socially that derogation from the principle of maximum certainty should be allowed in favour of more accurate labelling by the courts; opponents argue that the principle of maximum certainty is needed here specifically to reduce the risk of verdicts based on discriminatory or irrelevant factors, such as distaste for the defendant's ground, allegiance, or other activities.",background,circumstances,ground,398,408,411,404,"allegiance,",or,other,", allegiance, or other","Their protagonists argue that the law of murder is so important socially that derogation from the principle of maximum certainty should be allowed in favour of more accurate labelling by the courts; opponents argue that the principle of maximum certainty is needed here specifically to reduce the risk of verdicts based on discriminatory or irrelevant factors, such as distaste for the defendant's background, allegiance, or other","Their protagonists argue that the law of murder is so important socially that derogation from the principle of maximum certainty should be allowed in favour of more accurate labelling by the courts; opponents argue that the principle of maximum certainty is needed here specifically to reduce the risk of verdicts based on discriminatory or irrelevant factors, such as distaste for the defendant's circumstances, allegiance, or other","Their protagonists argue that the law of murder is so important socially that derogation from the principle of maximum certainty should be allowed in favour of more accurate labelling by the courts; opponents argue that the principle of maximum certainty is needed here specifically to reduce the risk of verdicts based on discriminatory or irrelevant factors, such as distaste for the defendant's ground, allegiance, or other"
munch-judgement-698,698,4948,acj-fragment01-139,ACPROSE,0.029,"Their protagonists argue that the law of murder is so important socially that derogation from the principle of maximum certainty should be allowed in favour of more accurate labelling by the courts; opponents argue that the principle of maximum certainty is needed here specifically to reduce the risk of verdicts based on discriminatory or irrelevant factors, such as distaste for the defendant's background, allegiance, or other activities.","Their protagonists argue that the law of murder is so important socially that derogation from the principle of maximum certainty should be allowed in favour of more accurate labelling by the courts; opponents argue that the principle of maximum certainty is needed here specifically to reduce the risk of verdicts based on discriminatory or irrelevant factors, such as distaste for the defendant's history, allegiance, or other activities.","Their protagonists argue that the law of murder is so important socially that derogation from the principle of maximum certainty should be allowed in favour of more accurate labelling by the courts; opponents argue that the principle of maximum certainty is needed here specifically to reduce the risk of verdicts based on discriminatory or irrelevant factors, such as distaste for the defendant's ground, allegiance, or other activities.",background,history,ground,398,408,405,404,"allegiance,",or,other,", allegiance, or other","Their protagonists argue that the law of murder is so important socially that derogation from the principle of maximum certainty should be allowed in favour of more accurate labelling by the courts; opponents argue that the principle of maximum certainty is needed here specifically to reduce the risk of verdicts based on discriminatory or irrelevant factors, such as distaste for the defendant's background, allegiance, or other","Their protagonists argue that the law of murder is so important socially that derogation from the principle of maximum certainty should be allowed in favour of more accurate labelling by the courts; opponents argue that the principle of maximum certainty is needed here specifically to reduce the risk of verdicts based on discriminatory or irrelevant factors, such as distaste for the defendant's history, allegiance, or other","Their protagonists argue that the law of murder is so important socially that derogation from the principle of maximum certainty should be allowed in favour of more accurate labelling by the courts; opponents argue that the principle of maximum certainty is needed here specifically to reduce the risk of verdicts based on discriminatory or irrelevant factors, such as distaste for the defendant's ground, allegiance, or other"
munch-judgement-700,700,4958,acj-fragment01-142,ACPROSE,0.139,"A fourth approach, adopted by English law until 1957 and still in force in many American jurisdictions, is some form of felony-murder rule: anyone who kills during the course of a felony (or, more restrictively, a serious crime of violence) or whilst resisting arrest should be convicted of murder.","A fourth approach, followed by English law until 1957 and still in force in many American jurisdictions, is some form of felony-murder rule: anyone who kills during the course of a felony (or, more restrictively, a serious crime of violence) or whilst resisting arrest should be convicted of murder.","A fourth approach, borrowed by English law until 1957 and still in force in many American jurisdictions, is some form of felony-murder rule: anyone who kills during the course of a felony (or, more restrictively, a serious crime of violence) or whilst resisting arrest should be convicted of murder.",adopted,followed,borrowed,19,26,27,27,by,English,law, by English law,"A fourth approach, adopted by English law","A fourth approach, followed by English law","A fourth approach, borrowed by English law"
munch-judgement-701,701,4962,acj-fragment01-142,ACPROSE,0.091,"A fourth approach, adopted by English law until 1957 and still in force in many American jurisdictions, is some form of felony-murder rule: anyone who kills during the course of a felony (or, more restrictively, a serious crime of violence) or whilst resisting arrest should be convicted of murder.","A fourth approach, adopted by English law until 1957 and still in force in many American jurisdictions, is some form of felony-murder rule: anyone who kills during the duration of a felony (or, more restrictively, a serious crime of violence) or whilst resisting arrest should be convicted of murder.","A fourth approach, adopted by English law until 1957 and still in force in many American jurisdictions, is some form of felony-murder rule: anyone who kills during the track of a felony (or, more restrictively, a serious crime of violence) or whilst resisting arrest should be convicted of murder.",course,duration,track,168,174,176,173,of,a,felony, of a felony,"A fourth approach, adopted by English law until 1957 and still in force in many American jurisdictions, is some form of felony-murder rule: anyone who kills during the course of a felony","A fourth approach, adopted by English law until 1957 and still in force in many American jurisdictions, is some form of felony-murder rule: anyone who kills during the duration of a felony","A fourth approach, adopted by English law until 1957 and still in force in many American jurisdictions, is some form of felony-murder rule: anyone who kills during the track of a felony"
munch-judgement-702,702,4972,acj-fragment01-145,ACPROSE,0.206,"Presumably the justification is that D has already crossed a high moral/social threshold in choosing to commit such a serious offence, and should therefore be held liable for whatever consequences ensue, however unforeseeable they may be.","Presumably the justification is that D has already passed a high moral/social threshold in choosing to commit such a serious offence, and should therefore be held liable for whatever consequences ensue, however unforeseeable they may be.","Presumably the justification is that D has already tracked a high moral/social threshold in choosing to commit such a serious offence, and should therefore be held liable for whatever consequences ensue, however unforeseeable they may be.",crossed,passed,tracked,51,58,57,58,a,high,moral/social, a high moral/social,Presumably the justification is that D has already crossed a high moral/social,Presumably the justification is that D has already passed a high moral/social,Presumably the justification is that D has already tracked a high moral/social
munch-judgement-703,703,4972,acj-fragment01-145,ACPROSE,0.206,"Presumably the justification is that D has already crossed a high moral/social threshold in choosing to commit such a serious offence, and should therefore be held liable for whatever consequences ensue, however unforeseeable they may be.","Presumably the justification is that D has already passed a high moral/social threshold in choosing to commit such a serious offence, and should therefore be held liable for whatever consequences ensue, however unforeseeable they may be.","Presumably the justification is that D has already covered a high moral/social threshold in choosing to commit such a serious offence, and should therefore be held liable for whatever consequences ensue, however unforeseeable they may be.",crossed,passed,covered,51,58,57,58,a,high,moral/social, a high moral/social,Presumably the justification is that D has already crossed a high moral/social,Presumably the justification is that D has already passed a high moral/social,Presumably the justification is that D has already covered a high moral/social
munch-judgement-705,705,4982,acj-fragment01-149,ACPROSE,0.176,"The point is that the traditional concepts of intention and recklessness do not, of themselves, appear to be sufficiently well focused to mark out those killings which are the most heinous.","The point is that the traditional concepts of intention and recklessness do not, of themselves, appear to be sufficiently well defined to mark out those killings which are the most heinous.","The point is that the traditional concepts of intention and recklessness do not, of themselves, appear to be sufficiently well sharpened to mark out those killings which are the most heinous.",focused,defined,sharpened,127,134,134,136,to,mark,out, to mark out,"The point is that the traditional concepts of intention and recklessness do not, of themselves, appear to be sufficiently well focused to mark out","The point is that the traditional concepts of intention and recklessness do not, of themselves, appear to be sufficiently well defined to mark out","The point is that the traditional concepts of intention and recklessness do not, of themselves, appear to be sufficiently well sharpened to mark out"
munch-judgement-706,706,5015,ahb-fragment51-719,NEWS,0.219,"Landlords didn't acknowledge the writ, so in January Debbie's solicitor requested a judgment in default for the full amount plus interest and court fees, a total of £2,453.24.","Landlords didn't accept the writ, so in January Debbie's solicitor requested a judgment in default for the full amount plus interest and court fees, a total of £2,453.24.","Landlords didn't notice the writ, so in January Debbie's solicitor requested a judgment in default for the full amount plus interest and court fees, a total of £2,453.24.",acknowledge,accept,notice,17,28,23,23,the,"writ,",so," the writ, so","Landlords didn't acknowledge the writ, so","Landlords didn't accept the writ, so","Landlords didn't notice the writ, so"
munch-judgement-707,707,5046,ahb-fragment51-738,NEWS,0.371,"In case of a dispute you can complain to the professional body, and members are bonded, which means that deposits and rent are covered in case of fraud or dishonesty.’","In case of a dispute you can complain to the professional body, and members are secured, which means that deposits and rent are covered in case of fraud or dishonesty.’","In case of a dispute you can complain to the professional body, and members are stuck, which means that deposits and rent are covered in case of fraud or dishonesty.’",bonded,secured,stuck,80,86,87,85,which,means,that,", which means that","In case of a dispute you can complain to the professional body, and members are bonded, which means that","In case of a dispute you can complain to the professional body, and members are secured, which means that","In case of a dispute you can complain to the professional body, and members are stuck, which means that"
munch-judgement-710,710,5099,ahc-fragment60-1218,NEWS,-0.094,"I found it hard to picture what kind of landscape those statistics might have shaped, until I opened the Ordnance Survey map to find half of it coloured green with a great blue stain in the centre.","I found it hard to picture what kind of landscape those statistics might have shown, until I opened the Ordnance Survey map to find half of it coloured green with a great blue stain in the centre.","I found it hard to picture what kind of landscape those statistics might have formed, until I opened the Ordnance Survey map to find half of it coloured green with a great blue stain in the centre.",shaped,shown,formed,78,84,83,84,until,I,opened,", until I opened","I found it hard to picture what kind of landscape those statistics might have shaped, until I opened","I found it hard to picture what kind of landscape those statistics might have shown, until I opened","I found it hard to picture what kind of landscape those statistics might have formed, until I opened"
munch-judgement-711,711,5158,ahc-fragment60-1243,NEWS,0.265,"That jarring manifestation of furious technology seemed as remote and ridiculous as a dream, as silence settled down on Kielderhead and the hawk's whistle came down from the moors.","That jarring manifestation of powerful technology seemed as remote and ridiculous as a dream, as silence settled down on Kielderhead and the hawk's whistle came down from the moors.","That jarring manifestation of enraged technology seemed as remote and ridiculous as a dream, as silence settled down on Kielderhead and the hawk's whistle came down from the moors.",furious,powerful,enraged,30,37,38,37,technology,seemed,as, technology seemed as,That jarring manifestation of furious technology seemed as,That jarring manifestation of powerful technology seemed as,That jarring manifestation of enraged technology seemed as
munch-judgement-712,712,5158,ahc-fragment60-1243,NEWS,0.265,"That jarring manifestation of furious technology seemed as remote and ridiculous as a dream, as silence settled down on Kielderhead and the hawk's whistle came down from the moors.","That jarring manifestation of powerful technology seemed as remote and ridiculous as a dream, as silence settled down on Kielderhead and the hawk's whistle came down from the moors.","That jarring manifestation of infuriated technology seemed as remote and ridiculous as a dream, as silence settled down on Kielderhead and the hawk's whistle came down from the moors.",furious,powerful,infuriated,30,37,38,40,technology,seemed,as, technology seemed as,That jarring manifestation of furious technology seemed as,That jarring manifestation of powerful technology seemed as,That jarring manifestation of infuriated technology seemed as
munch-judgement-714,714,5198,ahc-fragment61-1264,NEWS,0.324,"To the north, where Poitou borders on the Vendee, shapely clumps of trees are almost the only punctuation marks on widespreading marshy landscapes; to the south it bubbles with little rolling hills.","To the north, where Poitou borders on the Vendee, shapely groups of trees are almost the only punctuation marks on widespreading marshy landscapes; to the south it bubbles with little rolling hills.","To the north, where Poitou borders on the Vendee, shapely balls of trees are almost the only punctuation marks on widespreading marshy landscapes; to the south it bubbles with little rolling hills.",clumps,groups,balls,58,64,64,63,of,trees,are, of trees are,"To the north, where Poitou borders on the Vendee, shapely clumps of trees are","To the north, where Poitou borders on the Vendee, shapely groups of trees are","To the north, where Poitou borders on the Vendee, shapely balls of trees are"
munch-judgement-715,715,5203,ahc-fragment61-1265,NEWS,0.529,"Water is everywhere: canals, streams, small busy rivers with charming names like the Boutonne, the Mignon and the Belle, and big lazy rivers like the Sevre Niortaise and the Charente.","Water is everywhere: canals, streams, small busy rivers with charming names like the Boutonne, the Mignon and the Belle, and big sluggish rivers like the Sevre Niortaise and the Charente.","Water is everywhere: canals, streams, small busy rivers with charming names like the Boutonne, the Mignon and the Belle, and big indolent rivers like the Sevre Niortaise and the Charente.",lazy,sluggish,indolent,129,133,137,137,rivers,like,the, rivers like the,"Water is everywhere: canals, streams, small busy rivers with charming names like the Boutonne, the Mignon and the Belle, and big lazy rivers like the","Water is everywhere: canals, streams, small busy rivers with charming names like the Boutonne, the Mignon and the Belle, and big sluggish rivers like the","Water is everywhere: canals, streams, small busy rivers with charming names like the Boutonne, the Mignon and the Belle, and big indolent rivers like the"
munch-judgement-716,716,5203,ahc-fragment61-1265,NEWS,0.529,"Water is everywhere: canals, streams, small busy rivers with charming names like the Boutonne, the Mignon and the Belle, and big lazy rivers like the Sevre Niortaise and the Charente.","Water is everywhere: canals, streams, small busy rivers with charming names like the Boutonne, the Mignon and the Belle, and big sluggish rivers like the Sevre Niortaise and the Charente.","Water is everywhere: canals, streams, small busy rivers with charming names like the Boutonne, the Mignon and the Belle, and big otiose rivers like the Sevre Niortaise and the Charente.",lazy,sluggish,otiose,129,133,137,135,rivers,like,the, rivers like the,"Water is everywhere: canals, streams, small busy rivers with charming names like the Boutonne, the Mignon and the Belle, and big lazy rivers like the","Water is everywhere: canals, streams, small busy rivers with charming names like the Boutonne, the Mignon and the Belle, and big sluggish rivers like the","Water is everywhere: canals, streams, small busy rivers with charming names like the Boutonne, the Mignon and the Belle, and big otiose rivers like the"
munch-judgement-718,718,5253,ahc-fragment61-1293,NEWS,0.206,"But Aulnay, just over 10 miles north-east of St Jean, is probably the best, its unassuming architecture a perfect frame for the sheer artistry of the carvings round its doors and windows.","But Aulnay, just over 10 miles north-east of St Jean, is probably the best, its modest architecture a perfect frame for the sheer artistry of the carvings round its doors and windows.","But Aulnay, just over 10 miles north-east of St Jean, is probably the best, its retiring architecture a perfect frame for the sheer artistry of the carvings round its doors and windows.",unassuming,modest,retiring,80,90,86,88,architecture,a,perfect, architecture a perfect,"But Aulnay, just over 10 miles north-east of St Jean, is probably the best, its unassuming architecture a perfect","But Aulnay, just over 10 miles north-east of St Jean, is probably the best, its modest architecture a perfect","But Aulnay, just over 10 miles north-east of St Jean, is probably the best, its retiring architecture a perfect"
munch-judgement-719,719,5253,ahc-fragment61-1293,NEWS,0.206,"But Aulnay, just over 10 miles north-east of St Jean, is probably the best, its unassuming architecture a perfect frame for the sheer artistry of the carvings round its doors and windows.","But Aulnay, just over 10 miles north-east of St Jean, is probably the best, its simple architecture a perfect frame for the sheer artistry of the carvings round its doors and windows.","But Aulnay, just over 10 miles north-east of St Jean, is probably the best, its retiring architecture a perfect frame for the sheer artistry of the carvings round its doors and windows.",unassuming,simple,retiring,80,90,86,88,architecture,a,perfect, architecture a perfect,"But Aulnay, just over 10 miles north-east of St Jean, is probably the best, its unassuming architecture a perfect","But Aulnay, just over 10 miles north-east of St Jean, is probably the best, its simple architecture a perfect","But Aulnay, just over 10 miles north-east of St Jean, is probably the best, its retiring architecture a perfect"
munch-judgement-721,721,5272,ahd-fragment06-53,NEWS,-0.25,"It mostly seems to involve producing food for animals to eat, whose excrement is then collected to assist the growth of more food for animals.","It mostly seems to involve producing food for animals to eat, whose excrement is then collected to aid the growth of more food for animals.","It mostly seems to involve producing food for animals to eat, whose excrement is then collected to work the growth of more food for animals.",assist,aid,work,99,105,102,103,the,growth,of, the growth of,"It mostly seems to involve producing food for animals to eat, whose excrement is then collected to assist the growth of","It mostly seems to involve producing food for animals to eat, whose excrement is then collected to aid the growth of","It mostly seems to involve producing food for animals to eat, whose excrement is then collected to work the growth of"
munch-judgement-722,722,5305,ahe-fragment03-43,NEWS,-0.176,"Group 4 Remand Services Ltd, the security firm selected by the Home Office to manage The Wolds in a £5 million-a-year contract, likes to think of its prisoners as customers.","Group 4 Remand Services Ltd, the security firm selected by the Home Office to oversee The Wolds in a £5 million-a-year contract, likes to think of its prisoners as customers.","Group 4 Remand Services Ltd, the security firm selected by the Home Office to wield The Wolds in a £5 million-a-year contract, likes to think of its prisoners as customers.",manage,oversee,wield,78,84,85,83,The,Wolds,in, The Wolds in,"Group 4 Remand Services Ltd, the security firm selected by the Home Office to manage The Wolds in","Group 4 Remand Services Ltd, the security firm selected by the Home Office to oversee The Wolds in","Group 4 Remand Services Ltd, the security firm selected by the Home Office to wield The Wolds in"
munch-judgement-723,723,5308,ahe-fragment03-44,NEWS,-0.029,"‘It may seem a little odd for prison staff to be looking at their prisoners as customers, but they are the direct consumers of our service,’ explained Mr Stephen Twinn, prison director, who spent 23 years in the public sector at various grades of prison governor.","‘It may seem a little strange for prison staff to be looking at their prisoners as customers, but they are the direct consumers of our service,’ explained Mr Stephen Twinn, prison director, who spent 23 years in the public sector at various grades of prison governor.","‘It may seem a little unmated for prison staff to be looking at their prisoners as customers, but they are the direct consumers of our service,’ explained Mr Stephen Twinn, prison director, who spent 23 years in the public sector at various grades of prison governor.",odd,strange,unmated,22,25,29,29,for,prison,staff, for prison staff,‘It may seem a little odd for prison staff,‘It may seem a little strange for prison staff,‘It may seem a little unmated for prison staff
munch-judgement-724,724,5308,ahe-fragment03-44,NEWS,-0.029,"‘It may seem a little odd for prison staff to be looking at their prisoners as customers, but they are the direct consumers of our service,’ explained Mr Stephen Twinn, prison director, who spent 23 years in the public sector at various grades of prison governor.","‘It may seem a little strange for prison staff to be looking at their prisoners as customers, but they are the direct consumers of our service,’ explained Mr Stephen Twinn, prison director, who spent 23 years in the public sector at various grades of prison governor.","‘It may seem a little unpaired for prison staff to be looking at their prisoners as customers, but they are the direct consumers of our service,’ explained Mr Stephen Twinn, prison director, who spent 23 years in the public sector at various grades of prison governor.",odd,strange,unpaired,22,25,29,30,for,prison,staff, for prison staff,‘It may seem a little odd for prison staff,‘It may seem a little strange for prison staff,‘It may seem a little unpaired for prison staff
munch-judgement-726,726,5329,ahf-fragment24-552,NEWS,0.353,"Very few know their MP is a Conservative, and hardly anyone that his name is Neville Trotter, defender of a slender 2,500 majority.","Very few know their MP is a Conservative, and hardly anyone that his name is Neville Trotter, protector of a slender 2,500 majority.","Very few know their MP is a Conservative, and hardly anyone that his name is Neville Trotter, withstander of a slender 2,500 majority.",defender,protector,withstander,94,102,103,105,of,a,slender, of a slender,"Very few know their MP is a Conservative, and hardly anyone that his name is Neville Trotter, defender of a slender","Very few know their MP is a Conservative, and hardly anyone that his name is Neville Trotter, protector of a slender","Very few know their MP is a Conservative, and hardly anyone that his name is Neville Trotter, withstander of a slender"
munch-judgement-728,728,5398,ahf-fragment24-597,NEWS,0.333,"Paddy Cosgrove, his likely replacement, is a council hack of 21 years standing and ideal backbench fodder, though it is hard to imagine him leading a crusade for Meadowell.","Paddy Cosgrove, his likely replacement, is a council worker of 21 years standing and ideal backbench fodder, though it is hard to imagine him leading a crusade for Meadowell.","Paddy Cosgrove, his likely replacement, is a council jade of 21 years standing and ideal backbench fodder, though it is hard to imagine him leading a crusade for Meadowell.",hack,worker,jade,53,57,59,57,of,21,years, of 21 years,"Paddy Cosgrove, his likely replacement, is a council hack of 21 years","Paddy Cosgrove, his likely replacement, is a council worker of 21 years","Paddy Cosgrove, his likely replacement, is a council jade of 21 years"
munch-judgement-729,729,5398,ahf-fragment24-597,NEWS,0.333,"Paddy Cosgrove, his likely replacement, is a council hack of 21 years standing and ideal backbench fodder, though it is hard to imagine him leading a crusade for Meadowell.","Paddy Cosgrove, his likely replacement, is a council worker of 21 years standing and ideal backbench fodder, though it is hard to imagine him leading a crusade for Meadowell.","Paddy Cosgrove, his likely replacement, is a council plug of 21 years standing and ideal backbench fodder, though it is hard to imagine him leading a crusade for Meadowell.",hack,worker,plug,53,57,59,57,of,21,years, of 21 years,"Paddy Cosgrove, his likely replacement, is a council hack of 21 years","Paddy Cosgrove, his likely replacement, is a council worker of 21 years","Paddy Cosgrove, his likely replacement, is a council plug of 21 years"
munch-judgement-731,731,5399,ahf-fragment24-597,NEWS,0.257,"Paddy Cosgrove, his likely replacement, is a council hack of 21 years standing and ideal backbench fodder, though it is hard to imagine him leading a crusade for Meadowell.","Paddy Cosgrove, his likely replacement, is a council hack of 21 years standing and ideal backbench weaponry, though it is hard to imagine him leading a crusade for Meadowell.","Paddy Cosgrove, his likely replacement, is a council hack of 21 years standing and ideal backbench feed, though it is hard to imagine him leading a crusade for Meadowell.",fodder,weaponry,feed,99,105,107,103,though,it,is,", though it is","Paddy Cosgrove, his likely replacement, is a council hack of 21 years standing and ideal backbench fodder, though it is","Paddy Cosgrove, his likely replacement, is a council hack of 21 years standing and ideal backbench weaponry, though it is","Paddy Cosgrove, his likely replacement, is a council hack of 21 years standing and ideal backbench feed, though it is"
munch-judgement-732,732,5399,ahf-fragment24-597,NEWS,0.257,"Paddy Cosgrove, his likely replacement, is a council hack of 21 years standing and ideal backbench fodder, though it is hard to imagine him leading a crusade for Meadowell.","Paddy Cosgrove, his likely replacement, is a council hack of 21 years standing and ideal backbench weaponry, though it is hard to imagine him leading a crusade for Meadowell.","Paddy Cosgrove, his likely replacement, is a council hack of 21 years standing and ideal backbench provender, though it is hard to imagine him leading a crusade for Meadowell.",fodder,weaponry,provender,99,105,107,108,though,it,is,", though it is","Paddy Cosgrove, his likely replacement, is a council hack of 21 years standing and ideal backbench fodder, though it is","Paddy Cosgrove, his likely replacement, is a council hack of 21 years standing and ideal backbench weaponry, though it is","Paddy Cosgrove, his likely replacement, is a council hack of 21 years standing and ideal backbench provender, though it is"
munch-judgement-734,734,5408,ahf-fragment63-1160,NEWS,0.242,"Just up the road, at Langport in Somerset, was the birthplace of Walter Bagehot (1826–1877), although as he directed his microphone at Liberal Democrat hecklers John Major had other things on his mind.","Just up the road, at Langport in Somerset, was the birthplace of Walter Bagehot (1826–1877), although as he pointed his microphone at Liberal Democrat hecklers John Major had other things on his mind.","Just up the road, at Langport in Somerset, was the birthplace of Walter Bagehot (1826–1877), although as he took his microphone at Liberal Democrat hecklers John Major had other things on his mind.",directed,pointed,took,108,116,115,112,his,microphone,at, his microphone at,"Just up the road, at Langport in Somerset, was the birthplace of Walter Bagehot (1826–1877), although as he directed his microphone at","Just up the road, at Langport in Somerset, was the birthplace of Walter Bagehot (1826–1877), although as he pointed his microphone at","Just up the road, at Langport in Somerset, was the birthplace of Walter Bagehot (1826–1877), although as he took his microphone at"
munch-judgement-735,735,5423,ahf-fragment63-1173,NEWS,0.543,There were also some lines intended for local consumption: ‘Higher petrol prices from the Liberal Democrats … that's not gon na help a rural area …,There were also some lines intended for local use: ‘Higher petrol prices from the Liberal Democrats … that's not gon na help a rural area …,There were also some lines intended for local ingestion: ‘Higher petrol prices from the Liberal Democrats … that's not gon na help a rural area …,consumption,use,ingestion,46,57,49,55,‘Higher,petrol,prices,: ‘Higher petrol prices,There were also some lines intended for local consumption: ‘Higher petrol prices,There were also some lines intended for local use: ‘Higher petrol prices,There were also some lines intended for local ingestion: ‘Higher petrol prices
munch-judgement-736,736,5423,ahf-fragment63-1173,NEWS,0.543,There were also some lines intended for local consumption: ‘Higher petrol prices from the Liberal Democrats … that's not gon na help a rural area …,There were also some lines intended for local use: ‘Higher petrol prices from the Liberal Democrats … that's not gon na help a rural area …,There were also some lines intended for local uptake: ‘Higher petrol prices from the Liberal Democrats … that's not gon na help a rural area …,consumption,use,uptake,46,57,49,52,‘Higher,petrol,prices,: ‘Higher petrol prices,There were also some lines intended for local consumption: ‘Higher petrol prices,There were also some lines intended for local use: ‘Higher petrol prices,There were also some lines intended for local uptake: ‘Higher petrol prices
munch-judgement-738,738,5460,ahf-fragment63-1189,NEWS,-0.286,"But the most striking thing about Bagehot's essay on Peel, in the light of the last full week of this election campaign, is that it simply does not apply to Major at all.","But the most striking part about Bagehot's essay on Peel, in the light of the last full week of this election campaign, is that it simply does not apply to Major at all.","But the most striking entity about Bagehot's essay on Peel, in the light of the last full week of this election campaign, is that it simply does not apply to Major at all.",thing,part,entity,22,27,26,28,about,Bagehot's,essay, about Bagehot's essay,But the most striking thing about Bagehot's essay,But the most striking part about Bagehot's essay,But the most striking entity about Bagehot's essay
munch-judgement-739,739,5460,ahf-fragment63-1189,NEWS,-0.286,"But the most striking thing about Bagehot's essay on Peel, in the light of the last full week of this election campaign, is that it simply does not apply to Major at all.","But the most striking element about Bagehot's essay on Peel, in the light of the last full week of this election campaign, is that it simply does not apply to Major at all.","But the most striking entity about Bagehot's essay on Peel, in the light of the last full week of this election campaign, is that it simply does not apply to Major at all.",thing,element,entity,22,27,29,28,about,Bagehot's,essay, about Bagehot's essay,But the most striking thing about Bagehot's essay,But the most striking element about Bagehot's essay,But the most striking entity about Bagehot's essay
munch-judgement-741,741,5485,ahf-fragment63-1202,NEWS,-0.286,But there seemed nothing wrong with the head of government appearing to be the challenger on the hustings.,But there seemed nothing wrong with the leader of government appearing to be the challenger on the hustings.,But there seemed nothing wrong with the caput of government appearing to be the challenger on the hustings.,head,leader,caput,40,44,46,45,of,government,appearing, of government appearing,But there seemed nothing wrong with the head of government appearing,But there seemed nothing wrong with the leader of government appearing,But there seemed nothing wrong with the caput of government appearing
munch-judgement-742,742,5487,ahf-fragment63-1203,NEWS,0.303,"President Truman did so in a campaign which no-one expected him to win, and he won.","President Truman did so in a run which no-one expected him to win, and he won.","President Truman did so in a safari which no-one expected him to win, and he won.",campaign,run,safari,29,37,32,35,which,no-one,expected, which no-one expected,President Truman did so in a campaign which no-one expected,President Truman did so in a run which no-one expected,President Truman did so in a safari which no-one expected
munch-judgement-743,743,5487,ahf-fragment63-1203,NEWS,0.303,"President Truman did so in a campaign which no-one expected him to win, and he won.","President Truman did so in a contest which no-one expected him to win, and he won.","President Truman did so in a safari which no-one expected him to win, and he won.",campaign,contest,safari,29,37,36,35,which,no-one,expected, which no-one expected,President Truman did so in a campaign which no-one expected,President Truman did so in a contest which no-one expected,President Truman did so in a safari which no-one expected
munch-judgement-745,745,5523,ahf-fragment63-1217,NEWS,-0.029,"From Central Office, and from around his entourage, came the unmistakable signs of fair-weather friends preparing to detach themselves from blame for defeat.","From Central Office, and from around his entourage, came the unmistakable signs of fair-weather friends readying to detach themselves from blame for defeat.","From Central Office, and from around his entourage, came the unmistakable signs of fair-weather friends cooking to detach themselves from blame for defeat.",preparing,readying,cooking,104,113,112,111,to,detach,themselves, to detach themselves,"From Central Office, and from around his entourage, came the unmistakable signs of fair-weather friends preparing to detach themselves","From Central Office, and from around his entourage, came the unmistakable signs of fair-weather friends readying to detach themselves","From Central Office, and from around his entourage, came the unmistakable signs of fair-weather friends cooking to detach themselves"
munch-judgement-746,746,5532,ahf-fragment63-1225,NEWS,-0.143,"But Major makes a point of not being grand, and with Sir David it is the other way about.","But Major makes a stand of not being grand, and with Sir David it is the other way about.","But Major makes a component of not being grand, and with Sir David it is the other way about.",point,stand,component,18,23,23,27,of,not,being, of not being,But Major makes a point of not being,But Major makes a stand of not being,But Major makes a component of not being
munch-judgement-748,748,5532,ahf-fragment63-1225,NEWS,-0.143,"But Major makes a point of not being grand, and with Sir David it is the other way about.","But Major makes a stand of not being grand, and with Sir David it is the other way about.","But Major makes a factor of not being grand, and with Sir David it is the other way about.",point,stand,factor,18,23,23,24,of,not,being, of not being,But Major makes a point of not being,But Major makes a stand of not being,But Major makes a factor of not being
munch-judgement-760,760,5580,ahl-fragment02-27,NEWS,0.0,"The scientists hope to raise £100,000 through an appeal by Windsor Safari Park.","The scientists hope to make £100,000 through an appeal by Windsor Safari Park.","The scientists hope to lift £100,000 through an appeal by Windsor Safari Park.",raise,make,lift,23,28,27,27,"£100,000",through,an," £100,000 through an","The scientists hope to raise £100,000 through an","The scientists hope to make £100,000 through an","The scientists hope to lift £100,000 through an"
munch-judgement-761,761,5580,ahl-fragment02-27,NEWS,0.0,"The scientists hope to raise £100,000 through an appeal by Windsor Safari Park.","The scientists hope to make £100,000 through an appeal by Windsor Safari Park.","The scientists hope to elevate £100,000 through an appeal by Windsor Safari Park.",raise,make,elevate,23,28,27,30,"£100,000",through,an," £100,000 through an","The scientists hope to raise £100,000 through an","The scientists hope to make £100,000 through an","The scientists hope to elevate £100,000 through an"
munch-judgement-764,764,5653,al0-fragment06-182,NEWS,0.4,"An earlier film by Raphael, The Persuaders (1986), charted the transformation of Ricki into Rytasha, which occurred at the Hare Krishna Temple in London, and her uneasy relationship with her guru there.","An earlier film by Raphael, The Persuaders (1986), plotted the transformation of Ricki into Rytasha, which occurred at the Hare Krishna Temple in London, and her uneasy relationship with her guru there.","An earlier film by Raphael, The Persuaders (1986), mapped the transformation of Ricki into Rytasha, which occurred at the Hare Krishna Temple in London, and her uneasy relationship with her guru there.",charted,plotted,mapped,51,58,58,57,the,transformation,of, the transformation of,"An earlier film by Raphael, The Persuaders (1986), charted the transformation of","An earlier film by Raphael, The Persuaders (1986), plotted the transformation of","An earlier film by Raphael, The Persuaders (1986), mapped the transformation of"
munch-judgement-765,765,5666,al0-fragment06-187,NEWS,0.25,"’ With no trace of a smile or a blush the baroness quickly corrected herself — ‘an irrigation system’ — but the slip was a telling one, and I'm sure they would have appreciated it in Bangladesh.","’ With no trace of a smile or a blush the baroness quickly corrected herself — ‘an irrigation system’ — but the mistake was a telling one, and I'm sure they would have appreciated it in Bangladesh.","’ With no trace of a smile or a blush the baroness quickly corrected herself — ‘an irrigation system’ — but the trip was a telling one, and I'm sure they would have appreciated it in Bangladesh.",slip,mistake,trip,112,116,119,116,was,a,telling, was a telling,’ With no trace of a smile or a blush the baroness quickly corrected herself — ‘an irrigation system’ — but the slip was a telling,’ With no trace of a smile or a blush the baroness quickly corrected herself — ‘an irrigation system’ — but the mistake was a telling,’ With no trace of a smile or a blush the baroness quickly corrected herself — ‘an irrigation system’ — but the trip was a telling
munch-judgement-766,766,5674,al0-fragment06-194,NEWS,-0.294,"The money ran out before the scheme's completion, and the villagers found themselves obliged to borrow the rest.","The money ran out before the scheme's completion, and the villagers discovered themselves obliged to borrow the rest.","The money ran out before the scheme's completion, and the villagers encountered themselves obliged to borrow the rest.",found,discovered,encountered,68,73,78,79,themselves,obliged,to, themselves obliged to,"The money ran out before the scheme's completion, and the villagers found themselves obliged to","The money ran out before the scheme's completion, and the villagers discovered themselves obliged to","The money ran out before the scheme's completion, and the villagers encountered themselves obliged to"
munch-judgement-767,767,5677,al0-fragment06-198,NEWS,-0.125,"The most irritating thing about Rytasha — and there were many — was that, though she does not speak their language, she presumes to teach them a spurious form of their own religion.","The most irritating thing about Rytasha — and there were many — was that, though she does not speak their language, she presumes to teach them a spurious version of their own religion.","The most irritating thing about Rytasha — and there were many — was that, though she does not speak their language, she presumes to teach them a spurious contour of their own religion.",form,version,contour,154,158,161,161,of,their,own, of their own,"The most irritating thing about Rytasha — and there were many — was that, though she does not speak their language, she presumes to teach them a spurious form of their own","The most irritating thing about Rytasha — and there were many — was that, though she does not speak their language, she presumes to teach them a spurious version of their own","The most irritating thing about Rytasha — and there were many — was that, though she does not speak their language, she presumes to teach them a spurious contour of their own"
munch-judgement-768,768,5683,al0-fragment06-200,NEWS,-0.235,"They are far too civilised for that sort of thing in Bangladesh, but I kept thinking wistfully of T. S. Eliot's lines in Sweeney Agonistes about ‘a nice little white little missionary stew’.","They are far too civilised for that sort of thing in Bangladesh, but I kept thinking wistfully of T. S. Eliot's words in Sweeney Agonistes about ‘a nice little white little missionary stew’.","They are far too civilised for that sort of thing in Bangladesh, but I kept thinking wistfully of T. S. Eliot's marks in Sweeney Agonistes about ‘a nice little white little missionary stew’.",lines,words,marks,112,117,117,117,in,Sweeney,Agonistes, in Sweeney Agonistes,"They are far too civilised for that sort of thing in Bangladesh, but I kept thinking wistfully of T. S. Eliot's lines in Sweeney Agonistes","They are far too civilised for that sort of thing in Bangladesh, but I kept thinking wistfully of T. S. Eliot's words in Sweeney Agonistes","They are far too civilised for that sort of thing in Bangladesh, but I kept thinking wistfully of T. S. Eliot's marks in Sweeney Agonistes"
munch-judgement-769,769,5687,al2-fragment16-174,NEWS,-0.062,City Comment: There's spring in the step of the stock market,City Comment: There's spring in the air of the stock market,City Comment: There's spring in the locomotion of the stock market,step,air,locomotion,36,40,39,46,of,the,stock, of the stock,City Comment: There's spring in the step of the stock,City Comment: There's spring in the air of the stock,City Comment: There's spring in the locomotion of the stock
munch-judgement-770,770,5687,al2-fragment16-174,NEWS,-0.062,City Comment: There's spring in the step of the stock market,City Comment: There's spring in the air of the stock market,City Comment: There's spring in the stair of the stock market,step,air,stair,36,40,39,41,of,the,stock, of the stock,City Comment: There's spring in the step of the stock,City Comment: There's spring in the air of the stock,City Comment: There's spring in the stair of the stock
munch-judgement-771,771,5687,al2-fragment16-174,NEWS,-0.062,City Comment: There's spring in the step of the stock market,City Comment: There's spring in the walk of the stock market,City Comment: There's spring in the locomotion of the stock market,step,walk,locomotion,36,40,40,46,of,the,stock, of the stock,City Comment: There's spring in the step of the stock,City Comment: There's spring in the walk of the stock,City Comment: There's spring in the locomotion of the stock
munch-judgement-772,772,5687,al2-fragment16-174,NEWS,-0.062,City Comment: There's spring in the step of the stock market,City Comment: There's spring in the walk of the stock market,City Comment: There's spring in the stair of the stock market,step,walk,stair,36,40,40,41,of,the,stock, of the stock,City Comment: There's spring in the step of the stock,City Comment: There's spring in the walk of the stock,City Comment: There's spring in the stair of the stock
munch-judgement-776,776,5697,al2-fragment16-178,NEWS,0.529,"It is not that prospects for earnings are 10 p.c. better that they were in the middle of last week, but it is possible to argue that prospects are that much better than they would have been under a Labour government and that the market was discounting such a result.","It is not that chances for earnings are 10 p.c. better that they were in the middle of last week, but it is possible to argue that prospects are that much better than they would have been under a Labour government and that the market was discounting such a result.","It is not that views for earnings are 10 p.c. better that they were in the middle of last week, but it is possible to argue that prospects are that much better than they would have been under a Labour government and that the market was discounting such a result.",prospects,chances,views,15,24,22,20,for,earnings,are, for earnings are,It is not that prospects for earnings are,It is not that chances for earnings are,It is not that views for earnings are
munch-judgement-777,777,5697,al2-fragment16-178,NEWS,0.529,"It is not that prospects for earnings are 10 p.c. better that they were in the middle of last week, but it is possible to argue that prospects are that much better than they would have been under a Labour government and that the market was discounting such a result.","It is not that chances for earnings are 10 p.c. better that they were in the middle of last week, but it is possible to argue that prospects are that much better than they would have been under a Labour government and that the market was discounting such a result.","It is not that aspects for earnings are 10 p.c. better that they were in the middle of last week, but it is possible to argue that prospects are that much better than they would have been under a Labour government and that the market was discounting such a result.",prospects,chances,aspects,15,24,22,22,for,earnings,are, for earnings are,It is not that prospects for earnings are,It is not that chances for earnings are,It is not that aspects for earnings are
munch-judgement-778,778,5697,al2-fragment16-178,NEWS,0.529,"It is not that prospects for earnings are 10 p.c. better that they were in the middle of last week, but it is possible to argue that prospects are that much better than they would have been under a Labour government and that the market was discounting such a result.","It is not that chances for earnings are 10 p.c. better that they were in the middle of last week, but it is possible to argue that prospects are that much better than they would have been under a Labour government and that the market was discounting such a result.","It is not that scenes for earnings are 10 p.c. better that they were in the middle of last week, but it is possible to argue that prospects are that much better than they would have been under a Labour government and that the market was discounting such a result.",prospects,chances,scenes,15,24,22,21,for,earnings,are, for earnings are,It is not that prospects for earnings are,It is not that chances for earnings are,It is not that scenes for earnings are
munch-judgement-779,779,5697,al2-fragment16-178,NEWS,0.529,"It is not that prospects for earnings are 10 p.c. better that they were in the middle of last week, but it is possible to argue that prospects are that much better than they would have been under a Labour government and that the market was discounting such a result.","It is not that chances for earnings are 10 p.c. better that they were in the middle of last week, but it is possible to argue that prospects are that much better than they would have been under a Labour government and that the market was discounting such a result.","It is not that vistas for earnings are 10 p.c. better that they were in the middle of last week, but it is possible to argue that prospects are that much better than they would have been under a Labour government and that the market was discounting such a result.",prospects,chances,vistas,15,24,22,21,for,earnings,are, for earnings are,It is not that prospects for earnings are,It is not that chances for earnings are,It is not that vistas for earnings are
munch-judgement-780,780,5697,al2-fragment16-178,NEWS,0.529,"It is not that prospects for earnings are 10 p.c. better that they were in the middle of last week, but it is possible to argue that prospects are that much better than they would have been under a Labour government and that the market was discounting such a result.","It is not that chances for earnings are 10 p.c. better that they were in the middle of last week, but it is possible to argue that prospects are that much better than they would have been under a Labour government and that the market was discounting such a result.","It is not that panoramas for earnings are 10 p.c. better that they were in the middle of last week, but it is possible to argue that prospects are that much better than they would have been under a Labour government and that the market was discounting such a result.",prospects,chances,panoramas,15,24,22,24,for,earnings,are, for earnings are,It is not that prospects for earnings are,It is not that chances for earnings are,It is not that panoramas for earnings are
munch-judgement-791,791,5701,al2-fragment16-178,NEWS,0.057,"It is not that prospects for earnings are 10 p.c. better that they were in the middle of last week, but it is possible to argue that prospects are that much better than they would have been under a Labour government and that the market was discounting such a result.","It is not that prospects for earnings are 10 p.c. better that they were in the middle of last week, but it is possible to argue that prospects are that much better than they would have been under a Labour government and that the marketplace was discounting such a result.","It is not that prospects for earnings are 10 p.c. better that they were in the middle of last week, but it is possible to argue that prospects are that much better than they would have been under a Labour government and that the mart was discounting such a result.",market,marketplace,mart,229,235,240,233,was,discounting,such, was discounting such,"It is not that prospects for earnings are 10 p.c. better that they were in the middle of last week, but it is possible to argue that prospects are that much better than they would have been under a Labour government and that the market was discounting such","It is not that prospects for earnings are 10 p.c. better that they were in the middle of last week, but it is possible to argue that prospects are that much better than they would have been under a Labour government and that the marketplace was discounting such","It is not that prospects for earnings are 10 p.c. better that they were in the middle of last week, but it is possible to argue that prospects are that much better than they would have been under a Labour government and that the mart was discounting such"
munch-judgement-792,792,5701,al2-fragment16-178,NEWS,0.057,"It is not that prospects for earnings are 10 p.c. better that they were in the middle of last week, but it is possible to argue that prospects are that much better than they would have been under a Labour government and that the market was discounting such a result.","It is not that prospects for earnings are 10 p.c. better that they were in the middle of last week, but it is possible to argue that prospects are that much better than they would have been under a Labour government and that the consumer was discounting such a result.","It is not that prospects for earnings are 10 p.c. better that they were in the middle of last week, but it is possible to argue that prospects are that much better than they would have been under a Labour government and that the mart was discounting such a result.",market,consumer,mart,229,235,237,233,was,discounting,such, was discounting such,"It is not that prospects for earnings are 10 p.c. better that they were in the middle of last week, but it is possible to argue that prospects are that much better than they would have been under a Labour government and that the market was discounting such","It is not that prospects for earnings are 10 p.c. better that they were in the middle of last week, but it is possible to argue that prospects are that much better than they would have been under a Labour government and that the consumer was discounting such","It is not that prospects for earnings are 10 p.c. better that they were in the middle of last week, but it is possible to argue that prospects are that much better than they would have been under a Labour government and that the mart was discounting such"
munch-judgement-794,794,5706,al2-fragment16-179,NEWS,-0.059,The FT-SE failed to hold its gains yesterday but shortly after opening it was only six points away from last September's previous record closing level.,The FT-SE failed to hold its gains yesterday but shortly after opening it was only six marks away from last September's previous record closing level.,The FT-SE failed to hold its gains yesterday but shortly after opening it was only six elements away from last September's previous record closing level.,points,marks,elements,87,93,92,95,away,from,last, away from last,The FT-SE failed to hold its gains yesterday but shortly after opening it was only six points away from last,The FT-SE failed to hold its gains yesterday but shortly after opening it was only six marks away from last,The FT-SE failed to hold its gains yesterday but shortly after opening it was only six elements away from last
munch-judgement-796,796,5729,al2-fragment16-183,NEWS,0.0,The increase will not be matched by dividend rises — too many companies have been paying more than they could afford over the past two years and need to repair their reserves and ratios — but 7 p.c. growth looks reasonable.,The increase will not be matched by dividend increases — too many companies have been paying more than they could afford over the past two years and need to repair their reserves and ratios — but 7 p.c. growth looks reasonable.,The increase will not be matched by dividend ascents — too many companies have been paying more than they could afford over the past two years and need to repair their reserves and ratios — but 7 p.c. growth looks reasonable.,rises,increases,ascents,45,50,54,52,too,many,companies, — too many companies,The increase will not be matched by dividend rises — too many companies,The increase will not be matched by dividend increases — too many companies,The increase will not be matched by dividend ascents — too many companies
munch-judgement-797,797,5729,al2-fragment16-183,NEWS,0.0,The increase will not be matched by dividend rises — too many companies have been paying more than they could afford over the past two years and need to repair their reserves and ratios — but 7 p.c. growth looks reasonable.,The increase will not be matched by dividend increases — too many companies have been paying more than they could afford over the past two years and need to repair their reserves and ratios — but 7 p.c. growth looks reasonable.,The increase will not be matched by dividend ascension — too many companies have been paying more than they could afford over the past two years and need to repair their reserves and ratios — but 7 p.c. growth looks reasonable.,rises,increases,ascension,45,50,54,54,too,many,companies, — too many companies,The increase will not be matched by dividend rises — too many companies,The increase will not be matched by dividend increases — too many companies,The increase will not be matched by dividend ascension — too many companies
munch-judgement-802,802,5747,al2-fragment16-185,NEWS,-0.242,"Not all problems have gone away of course: yesterday's £6.4 billion public sector borrowing requirement is not much higher than expectations, but it is almost as large as the deficit for the previous 11 months and — with this year's deficit forecast to be double last year's — shows why the Bank of England so eagerly sold £2 billion or more of gilts on election night and why it needs a regular stream of massive sales.","Not all problems have gone away of course: yesterday's £6.4 billion public sector borrowing requirement is not much higher than expectations, but it is almost as large as the deficit for the previous 11 months and — with this year's deficit forecast to be double last year's — demonstrates why the Bank of England so eagerly sold £2 billion or more of gilts on election night and why it needs a regular stream of massive sales.","Not all problems have gone away of course: yesterday's £6.4 billion public sector borrowing requirement is not much higher than expectations, but it is almost as large as the deficit for the previous 11 months and — with this year's deficit forecast to be double last year's — demos why the Bank of England so eagerly sold £2 billion or more of gilts on election night and why it needs a regular stream of massive sales.",shows,demonstrates,demos,277,282,289,282,why,the,Bank, why the Bank,"Not all problems have gone away of course: yesterday's £6.4 billion public sector borrowing requirement is not much higher than expectations, but it is almost as large as the deficit for the previous 11 months and — with this year's deficit forecast to be double last year's — shows why the Bank","Not all problems have gone away of course: yesterday's £6.4 billion public sector borrowing requirement is not much higher than expectations, but it is almost as large as the deficit for the previous 11 months and — with this year's deficit forecast to be double last year's — demonstrates why the Bank","Not all problems have gone away of course: yesterday's £6.4 billion public sector borrowing requirement is not much higher than expectations, but it is almost as large as the deficit for the previous 11 months and — with this year's deficit forecast to be double last year's — demos why the Bank"
munch-judgement-803,803,5747,al2-fragment16-185,NEWS,-0.242,"Not all problems have gone away of course: yesterday's £6.4 billion public sector borrowing requirement is not much higher than expectations, but it is almost as large as the deficit for the previous 11 months and — with this year's deficit forecast to be double last year's — shows why the Bank of England so eagerly sold £2 billion or more of gilts on election night and why it needs a regular stream of massive sales.","Not all problems have gone away of course: yesterday's £6.4 billion public sector borrowing requirement is not much higher than expectations, but it is almost as large as the deficit for the previous 11 months and — with this year's deficit forecast to be double last year's — demonstrates why the Bank of England so eagerly sold £2 billion or more of gilts on election night and why it needs a regular stream of massive sales.","Not all problems have gone away of course: yesterday's £6.4 billion public sector borrowing requirement is not much higher than expectations, but it is almost as large as the deficit for the previous 11 months and — with this year's deficit forecast to be double last year's — exhibits why the Bank of England so eagerly sold £2 billion or more of gilts on election night and why it needs a regular stream of massive sales.",shows,demonstrates,exhibits,277,282,289,285,why,the,Bank, why the Bank,"Not all problems have gone away of course: yesterday's £6.4 billion public sector borrowing requirement is not much higher than expectations, but it is almost as large as the deficit for the previous 11 months and — with this year's deficit forecast to be double last year's — shows why the Bank","Not all problems have gone away of course: yesterday's £6.4 billion public sector borrowing requirement is not much higher than expectations, but it is almost as large as the deficit for the previous 11 months and — with this year's deficit forecast to be double last year's — demonstrates why the Bank","Not all problems have gone away of course: yesterday's £6.4 billion public sector borrowing requirement is not much higher than expectations, but it is almost as large as the deficit for the previous 11 months and — with this year's deficit forecast to be double last year's — exhibits why the Bank"
munch-judgement-804,804,5747,al2-fragment16-185,NEWS,-0.242,"Not all problems have gone away of course: yesterday's £6.4 billion public sector borrowing requirement is not much higher than expectations, but it is almost as large as the deficit for the previous 11 months and — with this year's deficit forecast to be double last year's — shows why the Bank of England so eagerly sold £2 billion or more of gilts on election night and why it needs a regular stream of massive sales.","Not all problems have gone away of course: yesterday's £6.4 billion public sector borrowing requirement is not much higher than expectations, but it is almost as large as the deficit for the previous 11 months and — with this year's deficit forecast to be double last year's — demonstrates why the Bank of England so eagerly sold £2 billion or more of gilts on election night and why it needs a regular stream of massive sales.","Not all problems have gone away of course: yesterday's £6.4 billion public sector borrowing requirement is not much higher than expectations, but it is almost as large as the deficit for the previous 11 months and — with this year's deficit forecast to be double last year's — presents why the Bank of England so eagerly sold £2 billion or more of gilts on election night and why it needs a regular stream of massive sales.",shows,demonstrates,presents,277,282,289,285,why,the,Bank, why the Bank,"Not all problems have gone away of course: yesterday's £6.4 billion public sector borrowing requirement is not much higher than expectations, but it is almost as large as the deficit for the previous 11 months and — with this year's deficit forecast to be double last year's — shows why the Bank","Not all problems have gone away of course: yesterday's £6.4 billion public sector borrowing requirement is not much higher than expectations, but it is almost as large as the deficit for the previous 11 months and — with this year's deficit forecast to be double last year's — demonstrates why the Bank","Not all problems have gone away of course: yesterday's £6.4 billion public sector borrowing requirement is not much higher than expectations, but it is almost as large as the deficit for the previous 11 months and — with this year's deficit forecast to be double last year's — presents why the Bank"
munch-judgement-808,808,5761,al2-fragment23-254,NEWS,0.0,MORE than 800 Lloyd's of London members on syndicates managed by the loss-making Gooda Walker agency have failed in their legal attempt to prevent Lloyd's and members' agents from drawing down their funds.,MORE than 800 Lloyd's of London members on syndicates directed by the loss-making Gooda Walker agency have failed in their legal attempt to prevent Lloyd's and members' agents from drawing down their funds.,MORE than 800 Lloyd's of London members on syndicates overseen by the loss-making Gooda Walker agency have failed in their legal attempt to prevent Lloyd's and members' agents from drawing down their funds.,managed,directed,overseen,54,61,62,62,by,the,loss-making, by the loss-making,MORE than 800 Lloyd's of London members on syndicates managed by the loss-making,MORE than 800 Lloyd's of London members on syndicates directed by the loss-making,MORE than 800 Lloyd's of London members on syndicates overseen by the loss-making
munch-judgement-809,809,5761,al2-fragment23-254,NEWS,0.0,MORE than 800 Lloyd's of London members on syndicates managed by the loss-making Gooda Walker agency have failed in their legal attempt to prevent Lloyd's and members' agents from drawing down their funds.,MORE than 800 Lloyd's of London members on syndicates directed by the loss-making Gooda Walker agency have failed in their legal attempt to prevent Lloyd's and members' agents from drawing down their funds.,MORE than 800 Lloyd's of London members on syndicates supervised by the loss-making Gooda Walker agency have failed in their legal attempt to prevent Lloyd's and members' agents from drawing down their funds.,managed,directed,supervised,54,61,62,64,by,the,loss-making, by the loss-making,MORE than 800 Lloyd's of London members on syndicates managed by the loss-making,MORE than 800 Lloyd's of London members on syndicates directed by the loss-making,MORE than 800 Lloyd's of London members on syndicates supervised by the loss-making
munch-judgement-811,811,5775,al2-fragment23-257,NEWS,-0.294,"In an earlier than expected Commercial Court judgment, Mr Justice Saville found that the members had not produced enough evidence of irregularities in the ‘LMX spiral’, which sends catastrophe risks swirling round the market to stop the usual process of calling on cash deposits to make good syndicate losses.","In an earlier than expected Commercial Court judgment, Mr Justice Saville found that the members had not produced enough evidence of irregularities in the ‘LMX spiral’, which causes catastrophe risks swirling round the market to stop the usual process of calling on cash deposits to make good syndicate losses.","In an earlier than expected Commercial Court judgment, Mr Justice Saville found that the members had not produced enough evidence of irregularities in the ‘LMX spiral’, which mails catastrophe risks swirling round the market to stop the usual process of calling on cash deposits to make good syndicate losses.",sends,causes,mails,175,180,181,180,catastrophe,risks,swirling, catastrophe risks swirling,"In an earlier than expected Commercial Court judgment, Mr Justice Saville found that the members had not produced enough evidence of irregularities in the ‘LMX spiral’, which sends catastrophe risks swirling","In an earlier than expected Commercial Court judgment, Mr Justice Saville found that the members had not produced enough evidence of irregularities in the ‘LMX spiral’, which causes catastrophe risks swirling","In an earlier than expected Commercial Court judgment, Mr Justice Saville found that the members had not produced enough evidence of irregularities in the ‘LMX spiral’, which mails catastrophe risks swirling"
munch-judgement-812,812,5775,al2-fragment23-257,NEWS,-0.294,"In an earlier than expected Commercial Court judgment, Mr Justice Saville found that the members had not produced enough evidence of irregularities in the ‘LMX spiral’, which sends catastrophe risks swirling round the market to stop the usual process of calling on cash deposits to make good syndicate losses.","In an earlier than expected Commercial Court judgment, Mr Justice Saville found that the members had not produced enough evidence of irregularities in the ‘LMX spiral’, which causes catastrophe risks swirling round the market to stop the usual process of calling on cash deposits to make good syndicate losses.","In an earlier than expected Commercial Court judgment, Mr Justice Saville found that the members had not produced enough evidence of irregularities in the ‘LMX spiral’, which posts catastrophe risks swirling round the market to stop the usual process of calling on cash deposits to make good syndicate losses.",sends,causes,posts,175,180,181,180,catastrophe,risks,swirling, catastrophe risks swirling,"In an earlier than expected Commercial Court judgment, Mr Justice Saville found that the members had not produced enough evidence of irregularities in the ‘LMX spiral’, which sends catastrophe risks swirling","In an earlier than expected Commercial Court judgment, Mr Justice Saville found that the members had not produced enough evidence of irregularities in the ‘LMX spiral’, which causes catastrophe risks swirling","In an earlier than expected Commercial Court judgment, Mr Justice Saville found that the members had not produced enough evidence of irregularities in the ‘LMX spiral’, which posts catastrophe risks swirling"
munch-judgement-814,814,5780,al2-fragment23-257,NEWS,-0.088,"In an earlier than expected Commercial Court judgment, Mr Justice Saville found that the members had not produced enough evidence of irregularities in the ‘LMX spiral’, which sends catastrophe risks swirling round the market to stop the usual process of calling on cash deposits to make good syndicate losses.","In an earlier than expected Commercial Court judgment, Mr Justice Saville found that the members had not produced enough evidence of irregularities in the ‘LMX spiral’, which sends catastrophe risks swirling round the market to stop the usual process of calling on cash payments to make good syndicate losses.","In an earlier than expected Commercial Court judgment, Mr Justice Saville found that the members had not produced enough evidence of irregularities in the ‘LMX spiral’, which sends catastrophe risks swirling round the market to stop the usual process of calling on cash sediment to make good syndicate losses.",deposits,payments,sediment,270,278,278,278,to,make,good, to make good,"In an earlier than expected Commercial Court judgment, Mr Justice Saville found that the members had not produced enough evidence of irregularities in the ‘LMX spiral’, which sends catastrophe risks swirling round the market to stop the usual process of calling on cash deposits to make good","In an earlier than expected Commercial Court judgment, Mr Justice Saville found that the members had not produced enough evidence of irregularities in the ‘LMX spiral’, which sends catastrophe risks swirling round the market to stop the usual process of calling on cash payments to make good","In an earlier than expected Commercial Court judgment, Mr Justice Saville found that the members had not produced enough evidence of irregularities in the ‘LMX spiral’, which sends catastrophe risks swirling round the market to stop the usual process of calling on cash sediment to make good"
munch-judgement-815,815,5813,al2-fragment23-266,NEWS,0.167,"Peter Nutting, who led the association of Outhwaite members to a succesful settlement, said he sympathised with Gooda Walker names, but ‘if the names were not going to pay these calls, who did they think was going to pay them?’","Peter Nutting, who led the association of Outhwaite members to a succesful settlement, said he sympathised with Gooda Walker names, but ‘if the names were not going to cover these calls, who did they think was going to pay them?’","Peter Nutting, who led the association of Outhwaite members to a succesful settlement, said he sympathised with Gooda Walker names, but ‘if the names were not going to give these calls, who did they think was going to pay them?’",pay,cover,give,168,171,173,172,these,"calls,",who," these calls, who","Peter Nutting, who led the association of Outhwaite members to a succesful settlement, said he sympathised with Gooda Walker names, but ‘if the names were not going to pay these calls, who","Peter Nutting, who led the association of Outhwaite members to a succesful settlement, said he sympathised with Gooda Walker names, but ‘if the names were not going to cover these calls, who","Peter Nutting, who led the association of Outhwaite members to a succesful settlement, said he sympathised with Gooda Walker names, but ‘if the names were not going to give these calls, who"
munch-judgement-817,817,5842,al5-fragment03-21,NEWS,0.303,"In her first full interview since being appointed Health Secretary, she said the election result, and Mr Major's unequivocal commitment to the NHS, had finally ‘nailed the lie’ about privatisation of health care.","In her first full interview since being appointed Health Secretary, she said the election result, and Mr Major's unequivocal commitment to the NHS, had finally ‘exposed the lie’ about privatisation of health care.","In her first full interview since being appointed Health Secretary, she said the election result, and Mr Major's unequivocal commitment to the NHS, had finally ‘attached the lie’ about privatisation of health care.",nailed,exposed,attached,161,167,168,169,the,lie’,about, the lie’ about,"In her first full interview since being appointed Health Secretary, she said the election result, and Mr Major's unequivocal commitment to the NHS, had finally ‘nailed the lie’ about","In her first full interview since being appointed Health Secretary, she said the election result, and Mr Major's unequivocal commitment to the NHS, had finally ‘exposed the lie’ about","In her first full interview since being appointed Health Secretary, she said the election result, and Mr Major's unequivocal commitment to the NHS, had finally ‘attached the lie’ about"
munch-judgement-818,818,5846,al5-fragment03-24,NEWS,-0.062,"It will continue to be true to its founding principles, available to all and free at the point of delivery,’ she said.","It will continue to be true to its founding principles, available to all and free at the moment of delivery,’ she said.","It will continue to be true to its founding principles, available to all and free at the location of delivery,’ she said.",point,moment,location,89,94,95,97,of,"delivery,’",she," of delivery,’ she","It will continue to be true to its founding principles, available to all and free at the point of delivery,’ she","It will continue to be true to its founding principles, available to all and free at the moment of delivery,’ she","It will continue to be true to its founding principles, available to all and free at the location of delivery,’ she"
munch-judgement-819,819,5881,al5-fragment03-39,NEWS,0.194,"Mrs Bottomley's first big test as Health Secretary will come this summer with the annual public spending round, which will be conducted against a background of concern over high Government borrowing and pressure from the Tory Right for public spending cuts.","Mrs Bottomley's first big test as Health Secretary will come this summer with the annual public spending round, which will be conducted against a backdrop of concern over high Government borrowing and pressure from the Tory Right for public spending cuts.","Mrs Bottomley's first big test as Health Secretary will come this summer with the annual public spending round, which will be conducted against a ground of concern over high Government borrowing and pressure from the Tory Right for public spending cuts.",background,backdrop,ground,146,156,154,152,of,concern,over, of concern over,"Mrs Bottomley's first big test as Health Secretary will come this summer with the annual public spending round, which will be conducted against a background of concern over","Mrs Bottomley's first big test as Health Secretary will come this summer with the annual public spending round, which will be conducted against a backdrop of concern over","Mrs Bottomley's first big test as Health Secretary will come this summer with the annual public spending round, which will be conducted against a ground of concern over"
munch-judgement-821,821,5898,al5-fragment03-43,NEWS,0.156,"‘It will always be the case that the holder of my office will need to fight the corner of the health service and there will always, inevitably, be more than we can do.’","‘It will always be the case that the holder of my office will need to support the corner of the health service and there will always, inevitably, be more than we can do.’","‘It will always be the case that the holder of my office will need to contend the corner of the health service and there will always, inevitably, be more than we can do.’",fight,support,contend,70,75,77,77,the,corner,of, the corner of,‘It will always be the case that the holder of my office will need to fight the corner of,‘It will always be the case that the holder of my office will need to support the corner of,‘It will always be the case that the holder of my office will need to contend the corner of
munch-judgement-822,822,5898,al5-fragment03-43,NEWS,0.156,"‘It will always be the case that the holder of my office will need to fight the corner of the health service and there will always, inevitably, be more than we can do.’","‘It will always be the case that the holder of my office will need to support the corner of the health service and there will always, inevitably, be more than we can do.’","‘It will always be the case that the holder of my office will need to struggle the corner of the health service and there will always, inevitably, be more than we can do.’",fight,support,struggle,70,75,77,78,the,corner,of, the corner of,‘It will always be the case that the holder of my office will need to fight the corner of,‘It will always be the case that the holder of my office will need to support the corner of,‘It will always be the case that the holder of my office will need to struggle the corner of
munch-judgement-824,824,5908,al5-fragment03-46,NEWS,0.0,"Her priorities include giving more encouragement to medical research; emphasis on preventive health to make the NHS a ‘health as well as a sickness service’, with the publication shortly of new national targets for reducing deaths from heart disease and cancers; and pressing ahead with care in the community.","Her priorities include giving more encouragement to medical research; emphasis on preventive health to make the NHS a ‘health as well as a sickness service’, with the publication shortly of new national targets for decreasing deaths from heart disease and cancers; and pressing ahead with care in the community.","Her priorities include giving more encouragement to medical research; emphasis on preventive health to make the NHS a ‘health as well as a sickness service’, with the publication shortly of new national targets for concentrating deaths from heart disease and cancers; and pressing ahead with care in the community.",reducing,decreasing,concentrating,215,223,225,228,deaths,from,heart, deaths from heart,"Her priorities include giving more encouragement to medical research; emphasis on preventive health to make the NHS a ‘health as well as a sickness service’, with the publication shortly of new national targets for reducing deaths from heart","Her priorities include giving more encouragement to medical research; emphasis on preventive health to make the NHS a ‘health as well as a sickness service’, with the publication shortly of new national targets for decreasing deaths from heart","Her priorities include giving more encouragement to medical research; emphasis on preventive health to make the NHS a ‘health as well as a sickness service’, with the publication shortly of new national targets for concentrating deaths from heart"
munch-judgement-825,825,5924,alp-fragment01-6,ACPROSE,0.273,"The Government White Paper Crime, Justice and Protecting the Public proposes a radical change for probation practice.","The Government White Paper Crime, Justice and Protecting the Public suggests a radical change for probation practice.","The Government White Paper Crime, Justice and Protecting the Public offers a radical change for probation practice.",proposes,suggests,offers,68,76,76,74,a,radical,change, a radical change,"The Government White Paper Crime, Justice and Protecting the Public proposes a radical change","The Government White Paper Crime, Justice and Protecting the Public suggests a radical change","The Government White Paper Crime, Justice and Protecting the Public offers a radical change"
munch-judgement-827,827,5947,alp-fragment01-15,ACPROSE,0.059,"The aim of this article is to challenge the assertion contained in the White Paper Crime, Justice and Protecting the Public (Home Office, 1990a) that probation practice can be conceived of as a form of punishment in the community.","The aim of this article is to challenge the assertion contained in the White Paper Crime, Justice and Protecting the Public (Home Office, 1990a) that probation practice can be conceived of as a type of punishment in the community.","The aim of this article is to challenge the assertion contained in the White Paper Crime, Justice and Protecting the Public (Home Office, 1990a) that probation practice can be conceived of as a contour of punishment in the community.",form,type,contour,194,198,198,201,of,punishment,in, of punishment in,"The aim of this article is to challenge the assertion contained in the White Paper Crime, Justice and Protecting the Public (Home Office, 1990a) that probation practice can be conceived of as a form of punishment in","The aim of this article is to challenge the assertion contained in the White Paper Crime, Justice and Protecting the Public (Home Office, 1990a) that probation practice can be conceived of as a type of punishment in","The aim of this article is to challenge the assertion contained in the White Paper Crime, Justice and Protecting the Public (Home Office, 1990a) that probation practice can be conceived of as a contour of punishment in"
munch-judgement-828,828,5954,alp-fragment01-17,ACPROSE,0.094,"In describing the project, a non-punitive model for understanding probation practice will be developed.","In describing the project, a non-punitive framework for understanding probation practice will be developed.","In describing the project, a non-punitive simulation for understanding probation practice will be developed.",model,framework,simulation,42,47,51,52,for,understanding,probation, for understanding probation,"In describing the project, a non-punitive model for understanding probation","In describing the project, a non-punitive framework for understanding probation","In describing the project, a non-punitive simulation for understanding probation"
munch-judgement-829,829,5957,alp-fragment01-18,ACPROSE,-0.088,"This non-punitive paradigm will provide a framework for contrasting the efficacy of current practice with future plans inappropriately to transform probation work into ‘a new approach to punishment in the community’ (p. 18, para. 4.3).","This non-punitive paradigm will provide a framework for contrasting the efficacy of current practice with future projects inappropriately to transform probation work into ‘a new approach to punishment in the community’ (p. 18, para. 4.3).","This non-punitive paradigm will provide a framework for contrasting the efficacy of current practice with future designs inappropriately to transform probation work into ‘a new approach to punishment in the community’ (p. 18, para. 4.3).",plans,projects,designs,113,118,121,120,inappropriately,to,transform, inappropriately to transform,This non-punitive paradigm will provide a framework for contrasting the efficacy of current practice with future plans inappropriately to transform,This non-punitive paradigm will provide a framework for contrasting the efficacy of current practice with future projects inappropriately to transform,This non-punitive paradigm will provide a framework for contrasting the efficacy of current practice with future designs inappropriately to transform
munch-judgement-830,830,5977,alp-fragment01-22,ACPROSE,-0.121,"Discourses on punishment and dictionary definitions of the term clearly specify the central feature of punishment as being the infliction of pain rather than the loss of liberty per se (Hudson, 1987).","Discourses on punishment and dictionary definitions of the term clearly specify the central feature of punishment as being the infliction of pain rather than the deprivation of liberty per se (Hudson, 1987).","Discourses on punishment and dictionary definitions of the term clearly specify the central feature of punishment as being the infliction of pain rather than the red of liberty per se (Hudson, 1987).",loss,deprivation,red,162,166,173,165,of,liberty,per, of liberty per,Discourses on punishment and dictionary definitions of the term clearly specify the central feature of punishment as being the infliction of pain rather than the loss of liberty per,Discourses on punishment and dictionary definitions of the term clearly specify the central feature of punishment as being the infliction of pain rather than the deprivation of liberty per,Discourses on punishment and dictionary definitions of the term clearly specify the central feature of punishment as being the infliction of pain rather than the red of liberty per
munch-judgement-831,831,5980,alp-fragment01-25,ACPROSE,0.176,In these sections punishment will be understood to mean the infliction of pain and the review of the project will seek to demonstrate that the probation practice described is not only more demanding but also more effective than this traditional understanding of punishment.,In these parts punishment will be understood to mean the infliction of pain and the review of the project will seek to demonstrate that the probation practice described is not only more demanding but also more effective than this traditional understanding of punishment.,In these segments punishment will be understood to mean the infliction of pain and the review of the project will seek to demonstrate that the probation practice described is not only more demanding but also more effective than this traditional understanding of punishment.,sections,parts,segments,9,17,14,17,punishment,will,be, punishment will be,In these sections punishment will be,In these parts punishment will be,In these segments punishment will be
munch-judgement-835,835,6003,alp-fragment01-32,ACPROSE,-0.061,"In the sections to follow the stark question is therefore put ‘Is the Probation Service in the business of inflicting pain?’ and the answer which unfolds may be summarized ‘No, because it neither aspires nor wishes to!’","In the sections to follow the blunt question is therefore put ‘Is the Probation Service in the business of inflicting pain?’ and the answer which unfolds may be summarized ‘No, because it neither aspires nor wishes to!’","In the sections to follow the bleak question is therefore put ‘Is the Probation Service in the business of inflicting pain?’ and the answer which unfolds may be summarized ‘No, because it neither aspires nor wishes to!’",stark,blunt,bleak,30,35,35,35,question,is,therefore, question is therefore,In the sections to follow the stark question is therefore,In the sections to follow the blunt question is therefore,In the sections to follow the bleak question is therefore
munch-judgement-836,836,6003,alp-fragment01-32,ACPROSE,-0.061,"In the sections to follow the stark question is therefore put ‘Is the Probation Service in the business of inflicting pain?’ and the answer which unfolds may be summarized ‘No, because it neither aspires nor wishes to!’","In the sections to follow the blunt question is therefore put ‘Is the Probation Service in the business of inflicting pain?’ and the answer which unfolds may be summarized ‘No, because it neither aspires nor wishes to!’","In the sections to follow the desolate question is therefore put ‘Is the Probation Service in the business of inflicting pain?’ and the answer which unfolds may be summarized ‘No, because it neither aspires nor wishes to!’",stark,blunt,desolate,30,35,35,38,question,is,therefore, question is therefore,In the sections to follow the stark question is therefore,In the sections to follow the blunt question is therefore,In the sections to follow the desolate question is therefore
munch-judgement-838,838,6013,alp-fragment01-36,ACPROSE,0.094,Almost a century later the new approach to punishment in the community outlined by the White Paper once again presents alcohol misuse as a key problem requiring community-based intervention.,Almost a century later the new approach to punishment in the community described by the White Paper once again presents alcohol misuse as a key problem requiring community-based intervention.,Almost a century later the new approach to punishment in the community delineated by the White Paper once again presents alcohol misuse as a key problem requiring community-based intervention.,outlined,described,delineated,71,79,80,81,by,the,White, by the White,Almost a century later the new approach to punishment in the community outlined by the White,Almost a century later the new approach to punishment in the community described by the White,Almost a century later the new approach to punishment in the community delineated by the White
munch-judgement-839,839,6023,alp-fragment01-40,ACPROSE,-0.059,"They learn about the relative strength of different drinks, the amount which is safe to consume, and the pitfalls to avoid (e.g. competitive drinking and buying ‘rounds’) (p. 37, para. 7.11).","They learn about the relative potency of different drinks, the amount which is safe to consume, and the pitfalls to avoid (e.g. competitive drinking and buying ‘rounds’) (p. 37, para. 7.11).","They learn about the relative force of different drinks, the amount which is safe to consume, and the pitfalls to avoid (e.g. competitive drinking and buying ‘rounds’) (p. 37, para. 7.11).",strength,potency,force,30,38,37,35,of,different,"drinks,"," of different drinks,","They learn about the relative strength of different drinks,","They learn about the relative potency of different drinks,","They learn about the relative force of different drinks,"
munch-judgement-840,840,6023,alp-fragment01-40,ACPROSE,-0.059,"They learn about the relative strength of different drinks, the amount which is safe to consume, and the pitfalls to avoid (e.g. competitive drinking and buying ‘rounds’) (p. 37, para. 7.11).","They learn about the relative potency of different drinks, the amount which is safe to consume, and the pitfalls to avoid (e.g. competitive drinking and buying ‘rounds’) (p. 37, para. 7.11).","They learn about the relative forcefulness of different drinks, the amount which is safe to consume, and the pitfalls to avoid (e.g. competitive drinking and buying ‘rounds’) (p. 37, para. 7.11).",strength,potency,forcefulness,30,38,37,42,of,different,"drinks,"," of different drinks,","They learn about the relative strength of different drinks,","They learn about the relative potency of different drinks,","They learn about the relative forcefulness of different drinks,"
munch-judgement-842,842,6032,alp-fragment01-45,ACPROSE,0.057,"Aware of practitioners' frustration in not being able to work effectively with these problematic clients, Probation management, in partnership with the voluntary sector, determined to develop an Alcohol Education Course (AEC).","Aware of practitioners' frustration in not being able to work effectively with these problematic clients, Probation administration, in partnership with the voluntary sector, determined to develop an Alcohol Education Course (AEC).","Aware of practitioners' frustration in not being able to work effectively with these problematic clients, Probation governance, in partnership with the voluntary sector, determined to develop an Alcohol Education Course (AEC).",management,administration,governance,116,126,130,126,in,partnership,with,", in partnership with","Aware of practitioners' frustration in not being able to work effectively with these problematic clients, Probation management, in partnership with","Aware of practitioners' frustration in not being able to work effectively with these problematic clients, Probation administration, in partnership with","Aware of practitioners' frustration in not being able to work effectively with these problematic clients, Probation governance, in partnership with"
munch-judgement-843,843,6032,alp-fragment01-45,ACPROSE,0.057,"Aware of practitioners' frustration in not being able to work effectively with these problematic clients, Probation management, in partnership with the voluntary sector, determined to develop an Alcohol Education Course (AEC).","Aware of practitioners' frustration in not being able to work effectively with these problematic clients, Probation administration, in partnership with the voluntary sector, determined to develop an Alcohol Education Course (AEC).","Aware of practitioners' frustration in not being able to work effectively with these problematic clients, Probation organization, in partnership with the voluntary sector, determined to develop an Alcohol Education Course (AEC).",management,administration,organization,116,126,130,128,in,partnership,with,", in partnership with","Aware of practitioners' frustration in not being able to work effectively with these problematic clients, Probation management, in partnership with","Aware of practitioners' frustration in not being able to work effectively with these problematic clients, Probation administration, in partnership with","Aware of practitioners' frustration in not being able to work effectively with these problematic clients, Probation organization, in partnership with"
munch-judgement-845,845,6037,alp-fragment01-47,ACPROSE,0.2,Towards the end of 1986 an AEC was launched and has been running ever since.,Towards the end of 1986 an AEC was introduced and has been running ever since.,Towards the end of 1986 an AEC was propelled and has been running ever since.,launched,introduced,propelled,35,43,45,44,and,has,been, and has been,Towards the end of 1986 an AEC was launched and has been,Towards the end of 1986 an AEC was introduced and has been,Towards the end of 1986 an AEC was propelled and has been
munch-judgement-846,846,6037,alp-fragment01-47,ACPROSE,0.2,Towards the end of 1986 an AEC was launched and has been running ever since.,Towards the end of 1986 an AEC was introduced and has been running ever since.,Towards the end of 1986 an AEC was impelled and has been running ever since.,launched,introduced,impelled,35,43,45,43,and,has,been, and has been,Towards the end of 1986 an AEC was launched and has been,Towards the end of 1986 an AEC was introduced and has been,Towards the end of 1986 an AEC was impelled and has been
munch-judgement-848,848,6050,alp-fragment01-56,ACPROSE,0.382,"To encourage the maintenance of, or, where appropriate, a reduction to a personally and socially safe level of alcohol unit intake.","To encourage the continuation of, or, where appropriate, a reduction to a personally and socially safe level of alcohol unit intake.","To encourage the care of, or, where appropriate, a reduction to a personally and socially safe level of alcohol unit intake.",maintenance,continuation,care,17,28,29,21,"of,","or,",where," of, or, where","To encourage the maintenance of, or, where","To encourage the continuation of, or, where","To encourage the care of, or, where"
munch-judgement-849,849,6050,alp-fragment01-56,ACPROSE,0.382,"To encourage the maintenance of, or, where appropriate, a reduction to a personally and socially safe level of alcohol unit intake.","To encourage the continuation of, or, where appropriate, a reduction to a personally and socially safe level of alcohol unit intake.","To encourage the upkeep of, or, where appropriate, a reduction to a personally and socially safe level of alcohol unit intake.",maintenance,continuation,upkeep,17,28,29,23,"of,","or,",where," of, or, where","To encourage the maintenance of, or, where","To encourage the continuation of, or, where","To encourage the upkeep of, or, where"
munch-judgement-851,851,6052,alp-fragment01-57,ACPROSE,0.0,"To meet these objectives the AEC has a structured programme involving group and individual contact, that is, six group sessions sandwiched between one-to-one interviews held immediately before and after the group con act.","To meet these objectives the AEC has a structured programme involving group and individual communication, that is, six group sessions sandwiched between one-to-one interviews held immediately before and after the group con act.","To meet these objectives the AEC has a structured programme involving group and individual touching, that is, six group sessions sandwiched between one-to-one interviews held immediately before and after the group con act.",contact,communication,touching,91,98,104,99,that,"is,",six,", that is, six","To meet these objectives the AEC has a structured programme involving group and individual contact, that is, six","To meet these objectives the AEC has a structured programme involving group and individual communication, that is, six","To meet these objectives the AEC has a structured programme involving group and individual touching, that is, six"
munch-judgement-852,852,6059,alp-fragment01-58,ACPROSE,0.029,"The initial one-to-one meeting, held with one of the two group leaders, serves to clarify what participants can expect from the course and what is expected of them.","The initial one-to-one meeting, held with one of the two group leaders, serves to clarify what participants can expect from the program and what is expected of them.","The initial one-to-one meeting, held with one of the two group leaders, serves to clarify what participants can expect from the path and what is expected of them.",course,program,path,128,134,135,132,and,what,is, and what is,"The initial one-to-one meeting, held with one of the two group leaders, serves to clarify what participants can expect from the course and what is","The initial one-to-one meeting, held with one of the two group leaders, serves to clarify what participants can expect from the program and what is","The initial one-to-one meeting, held with one of the two group leaders, serves to clarify what participants can expect from the path and what is"
munch-judgement-853,853,6059,alp-fragment01-58,ACPROSE,0.029,"The initial one-to-one meeting, held with one of the two group leaders, serves to clarify what participants can expect from the course and what is expected of them.","The initial one-to-one meeting, held with one of the two group leaders, serves to clarify what participants can expect from the program and what is expected of them.","The initial one-to-one meeting, held with one of the two group leaders, serves to clarify what participants can expect from the track and what is expected of them.",course,program,track,128,134,135,133,and,what,is, and what is,"The initial one-to-one meeting, held with one of the two group leaders, serves to clarify what participants can expect from the course and what is","The initial one-to-one meeting, held with one of the two group leaders, serves to clarify what participants can expect from the program and what is","The initial one-to-one meeting, held with one of the two group leaders, serves to clarify what participants can expect from the track and what is"
munch-judgement-855,855,6063,alp-fragment01-60,ACPROSE,0.062,"The final interview entails a personalized review of the course, as well as the formulation of a follow-up plan to be undertaken with the offender's supervising officer.","The final interview entails a personalized review of the programme, as well as the formulation of a follow-up plan to be undertaken with the offender's supervising officer.","The final interview entails a personalized review of the track, as well as the formulation of a follow-up plan to be undertaken with the offender's supervising officer.",course,programme,track,57,63,66,62,as,well,as,", as well as","The final interview entails a personalized review of the course, as well as","The final interview entails a personalized review of the programme, as well as","The final interview entails a personalized review of the track, as well as"
munch-judgement-856,856,6089,alp-fragment01-67,ACPROSE,-0.029,From the description of the AEC already given the demanding and disciplined nature of the course can be appreciated.,From the description of the AEC already given the demanding and disciplined atmosphere of the course can be appreciated.,From the description of the AEC already given the demanding and disciplined trait of the course can be appreciated.,nature,atmosphere,trait,76,82,86,81,of,the,course, of the course,From the description of the AEC already given the demanding and disciplined nature of the course,From the description of the AEC already given the demanding and disciplined atmosphere of the course,From the description of the AEC already given the demanding and disciplined trait of the course
munch-judgement-857,857,6114,alp-fragment01-83,ACPROSE,0.0,"Although summarized as an alcohol education course, the sessions are not just concerned with giving information but also with enabling participants to make practical use of it.","Although summarized as an alcohol education programme, the sessions are not just concerned with giving information but also with enabling participants to make practical use of it.","Although summarized as an alcohol education path, the sessions are not just concerned with giving information but also with enabling participants to make practical use of it.",course,programme,path,44,50,53,48,the,sessions,are,", the sessions are","Although summarized as an alcohol education course, the sessions are","Although summarized as an alcohol education programme, the sessions are","Although summarized as an alcohol education path, the sessions are"
munch-judgement-858,858,6114,alp-fragment01-83,ACPROSE,0.0,"Although summarized as an alcohol education course, the sessions are not just concerned with giving information but also with enabling participants to make practical use of it.","Although summarized as an alcohol education programme, the sessions are not just concerned with giving information but also with enabling participants to make practical use of it.","Although summarized as an alcohol education track, the sessions are not just concerned with giving information but also with enabling participants to make practical use of it.",course,programme,track,44,50,53,49,the,sessions,are,", the sessions are","Although summarized as an alcohol education course, the sessions are","Although summarized as an alcohol education programme, the sessions are","Although summarized as an alcohol education track, the sessions are"
munch-judgement-860,860,6142,alp-fragment01-93,ACPROSE,-0.059,"The use of role play, incorporating previously discussed difficulties (i.e. homework assignment session 4) in ‘real’ or set up situations provides an opportunity for testing these skills.","The use of role play, incorporating previously discussed difficulties (i.e. homework assignment session 4) in ‘real’ or set up scenarios provides an opportunity for testing these skills.","The use of role play, incorporating previously discussed difficulties (i.e. homework assignment session 4) in ‘real’ or set up sites provides an opportunity for testing these skills.",situations,scenarios,sites,127,137,136,132,provides,an,opportunity, provides an opportunity,"The use of role play, incorporating previously discussed difficulties (i.e. homework assignment session 4) in ‘real’ or set up situations provides an opportunity","The use of role play, incorporating previously discussed difficulties (i.e. homework assignment session 4) in ‘real’ or set up scenarios provides an opportunity","The use of role play, incorporating previously discussed difficulties (i.e. homework assignment session 4) in ‘real’ or set up sites provides an opportunity"
munch-judgement-862,862,6159,alp-fragment01-100,ACPROSE,0.242,Twenty years later the AEC demonstrates that this remains no less true now than it was then.,Twenty years later the AEC shows that this remains no less true now than it was then.,Twenty years later the AEC demos that this remains no less true now than it was then.,demonstrates,shows,demos,27,39,32,32,that,this,remains, that this remains,Twenty years later the AEC demonstrates that this remains,Twenty years later the AEC shows that this remains,Twenty years later the AEC demos that this remains
munch-judgement-863,863,6159,alp-fragment01-100,ACPROSE,0.242,Twenty years later the AEC demonstrates that this remains no less true now than it was then.,Twenty years later the AEC shows that this remains no less true now than it was then.,Twenty years later the AEC exhibits that this remains no less true now than it was then.,demonstrates,shows,exhibits,27,39,32,35,that,this,remains, that this remains,Twenty years later the AEC demonstrates that this remains,Twenty years later the AEC shows that this remains,Twenty years later the AEC exhibits that this remains
munch-judgement-865,865,6163,amm-fragment02-1594,ACPROSE,-0.147,"In this chapter some of the ways in which palaeontologists determine the way fossil animals lived are described, reanimating the dead fragments to build up a living creature.","In this chapter some of the methods in which palaeontologists determine the way fossil animals lived are described, reanimating the dead fragments to build up a living creature.","In this chapter some of the directions in which palaeontologists determine the way fossil animals lived are described, reanimating the dead fragments to build up a living creature.",ways,methods,directions,28,32,35,38,in,which,palaeontologists, in which palaeontologists,In this chapter some of the ways in which palaeontologists,In this chapter some of the methods in which palaeontologists,In this chapter some of the directions in which palaeontologists
munch-judgement-866,866,6180,amm-fragment02-1598,ACPROSE,-0.062,Many different lines of evidence may be used to flesh out the bare bones of the fossils.,Many different types of evidence may be used to flesh out the bare bones of the fossils.,Many different marks of evidence may be used to flesh out the bare bones of the fossils.,lines,types,marks,15,20,20,20,of,evidence,may, of evidence may,Many different lines of evidence may,Many different types of evidence may,Many different marks of evidence may
munch-judgement-867,867,6180,amm-fragment02-1598,ACPROSE,-0.062,Many different lines of evidence may be used to flesh out the bare bones of the fossils.,Many different types of evidence may be used to flesh out the bare bones of the fossils.,Many different prints of evidence may be used to flesh out the bare bones of the fossils.,lines,types,prints,15,20,20,21,of,evidence,may, of evidence may,Many different lines of evidence may,Many different types of evidence may,Many different prints of evidence may
munch-judgement-869,869,6195,amm-fragment02-1606,ACPROSE,0.235,"The character of the rocks, and their setting in the past geography at the time when they accumulated, diagnoses the climatic setting in which the extinct fauna lived, and climate imposes certain restraints on possible modes of life.","The character of the rocks, and their setting in the past geography at the time when they accumulated, identifies the climatic setting in which the extinct fauna lived, and climate imposes certain restraints on possible modes of life.","The character of the rocks, and their setting in the past geography at the time when they accumulated, names the climatic setting in which the extinct fauna lived, and climate imposes certain restraints on possible modes of life.",diagnoses,identifies,names,103,112,113,108,the,climatic,setting, the climatic setting,"The character of the rocks, and their setting in the past geography at the time when they accumulated, diagnoses the climatic setting","The character of the rocks, and their setting in the past geography at the time when they accumulated, identifies the climatic setting","The character of the rocks, and their setting in the past geography at the time when they accumulated, names the climatic setting"
munch-judgement-870,870,6210,amm-fragment02-1615,ACPROSE,0.294,"But the structure and functioning of grinding or chewing teeth in other mammals, in which opposing teeth co-operate in action, and which can be matched in extinct, unrelated mammals, is a much more subtle matter, involving detailed studies on the operation of living dental systems to help elucidate the functioning of fossil ones.","But the structure and functioning of grinding or chewing teeth in other mammals, in which opposite teeth co-operate in action, and which can be matched in extinct, unrelated mammals, is a much more subtle matter, involving detailed studies on the operation of living dental systems to help elucidate the functioning of fossil ones.","But the structure and functioning of grinding or chewing teeth in other mammals, in which opponent teeth co-operate in action, and which can be matched in extinct, unrelated mammals, is a much more subtle matter, involving detailed studies on the operation of living dental systems to help elucidate the functioning of fossil ones.",opposing,opposite,opponent,90,98,98,98,teeth,co-operate,in, teeth co-operate in,"But the structure and functioning of grinding or chewing teeth in other mammals, in which opposing teeth co-operate in","But the structure and functioning of grinding or chewing teeth in other mammals, in which opposite teeth co-operate in","But the structure and functioning of grinding or chewing teeth in other mammals, in which opponent teeth co-operate in"
munch-judgement-871,871,6214,amm-fragment02-1616,ACPROSE,0.139,"The technique of ‘hunt the analogue’ is a favourite one practised by palaeontologists, but it is certainly not a foolproof one, because there are many fossil animals that defy comparison with living organisms, and some analogues do not stand up to detailed scrutiny.","The technique of ‘hunt the analogue’ is a favourite one practised by palaeontologists, but it is certainly not a foolproof one, because there are many fossil animals that resist comparison with living organisms, and some analogues do not stand up to detailed scrutiny.","The technique of ‘hunt the analogue’ is a favourite one practised by palaeontologists, but it is certainly not a foolproof one, because there are many fossil animals that withstand comparison with living organisms, and some analogues do not stand up to detailed scrutiny.",defy,resist,withstand,171,175,177,180,comparison,with,living, comparison with living,"The technique of ‘hunt the analogue’ is a favourite one practised by palaeontologists, but it is certainly not a foolproof one, because there are many fossil animals that defy comparison with living","The technique of ‘hunt the analogue’ is a favourite one practised by palaeontologists, but it is certainly not a foolproof one, because there are many fossil animals that resist comparison with living","The technique of ‘hunt the analogue’ is a favourite one practised by palaeontologists, but it is certainly not a foolproof one, because there are many fossil animals that withstand comparison with living"
munch-judgement-872,872,6214,amm-fragment02-1616,ACPROSE,0.139,"The technique of ‘hunt the analogue’ is a favourite one practised by palaeontologists, but it is certainly not a foolproof one, because there are many fossil animals that defy comparison with living organisms, and some analogues do not stand up to detailed scrutiny.","The technique of ‘hunt the analogue’ is a favourite one practised by palaeontologists, but it is certainly not a foolproof one, because there are many fossil animals that resist comparison with living organisms, and some analogues do not stand up to detailed scrutiny.","The technique of ‘hunt the analogue’ is a favourite one practised by palaeontologists, but it is certainly not a foolproof one, because there are many fossil animals that hold comparison with living organisms, and some analogues do not stand up to detailed scrutiny.",defy,resist,hold,171,175,177,175,comparison,with,living, comparison with living,"The technique of ‘hunt the analogue’ is a favourite one practised by palaeontologists, but it is certainly not a foolproof one, because there are many fossil animals that defy comparison with living","The technique of ‘hunt the analogue’ is a favourite one practised by palaeontologists, but it is certainly not a foolproof one, because there are many fossil animals that resist comparison with living","The technique of ‘hunt the analogue’ is a favourite one practised by palaeontologists, but it is certainly not a foolproof one, because there are many fossil animals that hold comparison with living"
munch-judgement-875,875,6293,amm-fragment02-1669,ACPROSE,0.529,"Canals within the algae stand out as rods in this kind of preservation, which is common in Ordovician rocks.","ridges within the algae stand out as rods in this kind of preservation, which is common in Ordovician rocks.","Watercourses within the algae stand out as rods in this kind of preservation, which is common in Ordovician rocks.",Canals,ridges,Watercourses,0,6,6,12,within,the,algae, within the algae,Canals within the algae,ridges within the algae,Watercourses within the algae
munch-judgement-876,876,6293,amm-fragment02-1669,ACPROSE,0.529,"Canals within the algae stand out as rods in this kind of preservation, which is common in Ordovician rocks.","ridges within the algae stand out as rods in this kind of preservation, which is common in Ordovician rocks.","Waterways within the algae stand out as rods in this kind of preservation, which is common in Ordovician rocks.",Canals,ridges,Waterways,0,6,6,9,within,the,algae, within the algae,Canals within the algae,ridges within the algae,Waterways within the algae
munch-judgement-878,878,6332,amm-fragment02-1741,ACPROSE,0.118,"By the same token the free-swimming trilobite may be expected to have a very wide geographical distribution, for oceans would be no barrier to it.","By the same reasoning the free-swimming trilobite may be expected to have a very wide geographical distribution, for oceans would be no barrier to it.","By the same disk the free-swimming trilobite may be expected to have a very wide geographical distribution, for oceans would be no barrier to it.",token,reasoning,disk,12,17,21,16,the,free-swimming,trilobite, the free-swimming trilobite,By the same token the free-swimming trilobite,By the same reasoning the free-swimming trilobite,By the same disk the free-swimming trilobite
munch-judgement-879,879,6332,amm-fragment02-1741,ACPROSE,0.118,"By the same token the free-swimming trilobite may be expected to have a very wide geographical distribution, for oceans would be no barrier to it.","By the same reasoning the free-swimming trilobite may be expected to have a very wide geographical distribution, for oceans would be no barrier to it.","By the same disc the free-swimming trilobite may be expected to have a very wide geographical distribution, for oceans would be no barrier to it.",token,reasoning,disc,12,17,21,16,the,free-swimming,trilobite, the free-swimming trilobite,By the same token the free-swimming trilobite,By the same reasoning the free-swimming trilobite,By the same disc the free-swimming trilobite
munch-judgement-881,881,6337,amm-fragment02-1743,ACPROSE,-0.086,"So in this case the different sources of evidence all point in the same direction, whether derived from a detailed consideration of the way the trilobite is constructed, or by analogy with living animals with similar adaptations, or from the evidence of the rocks or the distribution of the fossils.","So in this case the different sources of evidence all point in the same conclusion, whether derived from a detailed consideration of the way the trilobite is constructed, or by analogy with living animals with similar adaptations, or from the evidence of the rocks or the distribution of the fossils.","So in this case the different sources of evidence all point in the same way, whether derived from a detailed consideration of the way the trilobite is constructed, or by analogy with living animals with similar adaptations, or from the evidence of the rocks or the distribution of the fossils.",direction,conclusion,way,72,81,82,75,whether,derived,from,", whether derived from","So in this case the different sources of evidence all point in the same direction, whether derived from","So in this case the different sources of evidence all point in the same conclusion, whether derived from","So in this case the different sources of evidence all point in the same way, whether derived from"
munch-judgement-882,882,6351,amm-fragment02-1753,ACPROSE,-0.121,The giant sauropod dinosaurs like Brachiosaurus were the largest land animals the world has seen they weighed more than 80 tonnes and present quite different problems in the interpretation of their life habits from the diminutive trilobites.,The giant sauropod dinosaurs like Brachiosaurus were the largest land animals the world has known they weighed more than 80 tonnes and present quite different problems in the interpretation of their life habits from the diminutive trilobites.,The giant sauropod dinosaurs like Brachiosaurus were the largest land animals the world has comprehended they weighed more than 80 tonnes and present quite different problems in the interpretation of their life habits from the diminutive trilobites.,seen,known,comprehended,92,96,97,104,they,weighed,more, they weighed more,The giant sauropod dinosaurs like Brachiosaurus were the largest land animals the world has seen they weighed more,The giant sauropod dinosaurs like Brachiosaurus were the largest land animals the world has known they weighed more,The giant sauropod dinosaurs like Brachiosaurus were the largest land animals the world has comprehended they weighed more
munch-judgement-883,883,6357,amm-fragment02-1758,ACPROSE,0.118,Recently the life habits of the giants have been looked at in a way that disproves most of these traditional notions.,Recently the life routines of the giants have been looked at in a way that disproves most of these traditional notions.,Recently the life attire of the giants have been looked at in a way that disproves most of these traditional notions.,habits,routines,attire,18,24,26,24,of,the,giants, of the giants,Recently the life habits of the giants,Recently the life routines of the giants,Recently the life attire of the giants
munch-judgement-884,884,6357,amm-fragment02-1758,ACPROSE,0.118,Recently the life habits of the giants have been looked at in a way that disproves most of these traditional notions.,Recently the life routines of the giants have been looked at in a way that disproves most of these traditional notions.,Recently the life garb of the giants have been looked at in a way that disproves most of these traditional notions.,habits,routines,garb,18,24,26,22,of,the,giants, of the giants,Recently the life habits of the giants,Recently the life routines of the giants,Recently the life garb of the giants
munch-judgement-885,885,6357,amm-fragment02-1758,ACPROSE,0.118,Recently the life habits of the giants have been looked at in a way that disproves most of these traditional notions.,Recently the life routines of the giants have been looked at in a way that disproves most of these traditional notions.,Recently the life dresses of the giants have been looked at in a way that disproves most of these traditional notions.,habits,routines,dresses,18,24,26,25,of,the,giants, of the giants,Recently the life habits of the giants,Recently the life routines of the giants,Recently the life dresses of the giants
munch-judgement-889,889,6373,amm-fragment02-1769,ACPROSE,0.03,But other aspects of the dinosaur living habits are still more strongly debated.,But other features of the dinosaur living habits are still more strongly debated.,But other views of the dinosaur living habits are still more strongly debated.,aspects,features,views,10,17,18,15,of,the,dinosaur, of the dinosaur,But other aspects of the dinosaur,But other features of the dinosaur,But other views of the dinosaur
munch-judgement-890,890,6392,amm-fragment02-1779,ACPROSE,-0.121,"It has also been argued that the small mouths of the giants simply could not have downed enough food to support a warm-blooded metabolism, particularly plant food that needs a lot of processing before it becomes available as energy.","It has also been argued that the small mouths of the giants simply could not have downed enough food to maintain a warm-blooded metabolism, particularly plant food that needs a lot of processing before it becomes available as energy.","It has also been argued that the small mouths of the giants simply could not have downed enough food to hold a warm-blooded metabolism, particularly plant food that needs a lot of processing before it becomes available as energy.",support,maintain,hold,104,111,112,108,a,warm-blooded,"metabolism,"," a warm-blooded metabolism,","It has also been argued that the small mouths of the giants simply could not have downed enough food to support a warm-blooded metabolism,","It has also been argued that the small mouths of the giants simply could not have downed enough food to maintain a warm-blooded metabolism,","It has also been argued that the small mouths of the giants simply could not have downed enough food to hold a warm-blooded metabolism,"
munch-judgement-891,891,6396,amm-fragment02-1781,ACPROSE,0.419,Protagonists of the warm-blooded theory will show some of the horned dinosaurs charging over the Cretaceous plains like furious reptilian rhinoceroses!,Supporters of the warm-blooded theory will show some of the horned dinosaurs charging over the Cretaceous plains like furious reptilian rhinoceroses!,Agonists of the warm-blooded theory will show some of the horned dinosaurs charging over the Cretaceous plains like furious reptilian rhinoceroses!,Protagonists,Supporters,Agonists,0,12,10,8,of,the,warm-blooded, of the warm-blooded,Protagonists of the warm-blooded,Supporters of the warm-blooded,Agonists of the warm-blooded
munch-judgement-892,892,6405,amm-fragment02-1786,ACPROSE,0.059,"The point is that birds themselves are warm-blooded, like mammals, and if birds and dinosaurs are as closely related as now seems likely, then it obviously increases the likelihood that the dinosaurs themselves may have been warm-blooded.","The Essence is that birds themselves are warm-blooded, like mammals, and if birds and dinosaurs are as closely related as now seems likely, then it obviously increases the likelihood that the dinosaurs themselves may have been warm-blooded.","The tip is that birds themselves are warm-blooded, like mammals, and if birds and dinosaurs are as closely related as now seems likely, then it obviously increases the likelihood that the dinosaurs themselves may have been warm-blooded.",point,Essence,tip,4,9,11,7,is,that,birds, is that birds,The point is that birds,The Essence is that birds,The tip is that birds
munch-judgement-893,893,6405,amm-fragment02-1786,ACPROSE,0.059,"The point is that birds themselves are warm-blooded, like mammals, and if birds and dinosaurs are as closely related as now seems likely, then it obviously increases the likelihood that the dinosaurs themselves may have been warm-blooded.","The Essence is that birds themselves are warm-blooded, like mammals, and if birds and dinosaurs are as closely related as now seems likely, then it obviously increases the likelihood that the dinosaurs themselves may have been warm-blooded.","The peak is that birds themselves are warm-blooded, like mammals, and if birds and dinosaurs are as closely related as now seems likely, then it obviously increases the likelihood that the dinosaurs themselves may have been warm-blooded.",point,Essence,peak,4,9,11,8,is,that,birds, is that birds,The point is that birds,The Essence is that birds,The peak is that birds
munch-judgement-895,895,6420,amm-fragment02-1789,ACPROSE,0.147,"But the end-product is the accurate reconstruction of the Jurassic and Cretaceous terrestrial world, over which the dinosaurs were indisputably dominant.","But the end-product is the accurate reconstruction of the Jurassic and Cretaceous terrestrial environment, over which the dinosaurs were indisputably dominant.","But the end-product is the accurate reconstruction of the Jurassic and Cretaceous terrestrial globe, over which the dinosaurs were indisputably dominant.",world,environment,globe,94,99,105,99,over,which,the,", over which the","But the end-product is the accurate reconstruction of the Jurassic and Cretaceous terrestrial world, over which the","But the end-product is the accurate reconstruction of the Jurassic and Cretaceous terrestrial environment, over which the","But the end-product is the accurate reconstruction of the Jurassic and Cretaceous terrestrial globe, over which the"
munch-judgement-896,896,6424,as6-fragment01-4,ACPROSE,-0.029,The aim is to analyse a problem which economic growth alone has failed to cure — and to consider possible new forms of public action.,The aim is to analyse a problem which economic progress alone has failed to cure — and to consider possible new forms of public action.,The aim is to analyse a problem which economic maturation alone has failed to cure — and to consider possible new forms of public action.,growth,progress,maturation,47,53,55,57,alone,has,failed, alone has failed,The aim is to analyse a problem which economic growth alone has failed,The aim is to analyse a problem which economic progress alone has failed,The aim is to analyse a problem which economic maturation alone has failed
munch-judgement-897,897,6430,as6-fragment01-5,ACPROSE,-0.061,"The biggest single difficulty in drawing attention to urban poverty is that it is not new, but simply — in some of its most worrying manifestations — getting worse.","The biggest single difficulty in bringing attention to urban poverty is that it is not new, but simply — in some of its most worrying manifestations — getting worse.","The biggest single difficulty in forcing attention to urban poverty is that it is not new, but simply — in some of its most worrying manifestations — getting worse.",drawing,bringing,forcing,33,40,41,40,attention,to,urban, attention to urban,The biggest single difficulty in drawing attention to urban,The biggest single difficulty in bringing attention to urban,The biggest single difficulty in forcing attention to urban
munch-judgement-898,898,6449,as6-fragment01-11,ACPROSE,0.0,"In the early 1940s and 1950s, the belief was widely held that a combination of government intervention — in the form of town planning, housing and health programmes, and the provision of social security — and permanent male full employment, together with an increase in real wages, would reduce suffering due to poverty to manageable proportions.","In the early 1940s and 1950s, the belief was widely held that a combination of government intervention — in the form of town planning, housing and health programmes, and the provision of social security — and permanent male full employment, together with an increase in real wages, would lessen suffering due to poverty to manageable proportions.","In the early 1940s and 1950s, the belief was widely held that a combination of government intervention — in the form of town planning, housing and health programmes, and the provision of social security — and permanent male full employment, together with an increase in real wages, would concentrate suffering due to poverty to manageable proportions.",reduce,lessen,concentrate,288,294,294,299,suffering,due,to, suffering due to,"In the early 1940s and 1950s, the belief was widely held that a combination of government intervention — in the form of town planning, housing and health programmes, and the provision of social security — and permanent male full employment, together with an increase in real wages, would reduce suffering due to","In the early 1940s and 1950s, the belief was widely held that a combination of government intervention — in the form of town planning, housing and health programmes, and the provision of social security — and permanent male full employment, together with an increase in real wages, would lessen suffering due to","In the early 1940s and 1950s, the belief was widely held that a combination of government intervention — in the form of town planning, housing and health programmes, and the provision of social security — and permanent male full employment, together with an increase in real wages, would concentrate suffering due to"
munch-judgement-899,899,6459,as6-fragment01-14,ACPROSE,-0.286,"The work of Peter Townsend and others showed that, far from presiding over the elimination of poverty, the Wilson Government actually failed to prevent some of its features from worsening (Townsend and Bosanquet, 1972).","The work of Peter Townsend and others revealed that, far from presiding over the elimination of poverty, the Wilson Government actually failed to prevent some of its features from worsening (Townsend and Bosanquet, 1972).","The work of Peter Townsend and others demoed that, far from presiding over the elimination of poverty, the Wilson Government actually failed to prevent some of its features from worsening (Townsend and Bosanquet, 1972).",showed,revealed,demoed,38,44,46,44,"that,",far,from," that, far from","The work of Peter Townsend and others showed that, far from","The work of Peter Townsend and others revealed that, far from","The work of Peter Townsend and others demoed that, far from"
munch-judgement-900,900,6461,as6-fragment01-14,ACPROSE,0.206,"The work of Peter Townsend and others showed that, far from presiding over the elimination of poverty, the Wilson Government actually failed to prevent some of its features from worsening (Townsend and Bosanquet, 1972).","The work of Peter Townsend and others showed that, far from presiding over the eradication of poverty, the Wilson Government actually failed to prevent some of its features from worsening (Townsend and Bosanquet, 1972).","The work of Peter Townsend and others showed that, far from presiding over the evacuation of poverty, the Wilson Government actually failed to prevent some of its features from worsening (Townsend and Bosanquet, 1972).",elimination,eradication,evacuation,79,90,90,89,of,"poverty,",the," of poverty, the","The work of Peter Townsend and others showed that, far from presiding over the elimination of poverty, the","The work of Peter Townsend and others showed that, far from presiding over the eradication of poverty, the","The work of Peter Townsend and others showed that, far from presiding over the evacuation of poverty, the"
munch-judgement-901,901,6461,as6-fragment01-14,ACPROSE,0.206,"The work of Peter Townsend and others showed that, far from presiding over the elimination of poverty, the Wilson Government actually failed to prevent some of its features from worsening (Townsend and Bosanquet, 1972).","The work of Peter Townsend and others showed that, far from presiding over the eradication of poverty, the Wilson Government actually failed to prevent some of its features from worsening (Townsend and Bosanquet, 1972).","The work of Peter Townsend and others showed that, far from presiding over the excretion of poverty, the Wilson Government actually failed to prevent some of its features from worsening (Townsend and Bosanquet, 1972).",elimination,eradication,excretion,79,90,90,88,of,"poverty,",the," of poverty, the","The work of Peter Townsend and others showed that, far from presiding over the elimination of poverty, the","The work of Peter Townsend and others showed that, far from presiding over the eradication of poverty, the","The work of Peter Townsend and others showed that, far from presiding over the excretion of poverty, the"
munch-judgement-902,902,6461,as6-fragment01-14,ACPROSE,0.206,"The work of Peter Townsend and others showed that, far from presiding over the elimination of poverty, the Wilson Government actually failed to prevent some of its features from worsening (Townsend and Bosanquet, 1972).","The work of Peter Townsend and others showed that, far from presiding over the eradication of poverty, the Wilson Government actually failed to prevent some of its features from worsening (Townsend and Bosanquet, 1972).","The work of Peter Townsend and others showed that, far from presiding over the voiding of poverty, the Wilson Government actually failed to prevent some of its features from worsening (Townsend and Bosanquet, 1972).",elimination,eradication,voiding,79,90,90,86,of,"poverty,",the," of poverty, the","The work of Peter Townsend and others showed that, far from presiding over the elimination of poverty, the","The work of Peter Townsend and others showed that, far from presiding over the eradication of poverty, the","The work of Peter Townsend and others showed that, far from presiding over the voiding of poverty, the"
munch-judgement-906,906,6473,as6-fragment01-17,ACPROSE,-0.067,"Post-war reconstruction and housing programmes seemed to do nothing to prevent, and seemed even to encourage, a rise in crime and mental illness.","Post-war reconstruction and housing programmes seemed to do nothing to prevent, and seemed even to motivate, a rise in crime and mental illness.","Post-war reconstruction and housing programmes seemed to do nothing to prevent, and seemed even to inspire, a rise in crime and mental illness.",encourage,motivate,inspire,99,108,107,106,a,rise,in,", a rise in","Post-war reconstruction and housing programmes seemed to do nothing to prevent, and seemed even to encourage, a rise in","Post-war reconstruction and housing programmes seemed to do nothing to prevent, and seemed even to motivate, a rise in","Post-war reconstruction and housing programmes seemed to do nothing to prevent, and seemed even to inspire, a rise in"
munch-judgement-907,907,6473,as6-fragment01-17,ACPROSE,-0.067,"Post-war reconstruction and housing programmes seemed to do nothing to prevent, and seemed even to encourage, a rise in crime and mental illness.","Post-war reconstruction and housing programmes seemed to do nothing to prevent, and seemed even to motivate, a rise in crime and mental illness.","Post-war reconstruction and housing programmes seemed to do nothing to prevent, and seemed even to exalt, a rise in crime and mental illness.",encourage,motivate,exalt,99,108,107,104,a,rise,in,", a rise in","Post-war reconstruction and housing programmes seemed to do nothing to prevent, and seemed even to encourage, a rise in","Post-war reconstruction and housing programmes seemed to do nothing to prevent, and seemed even to motivate, a rise in","Post-war reconstruction and housing programmes seemed to do nothing to prevent, and seemed even to exalt, a rise in"
munch-judgement-909,909,6481,as6-fragment01-19,ACPROSE,-0.176,Rising unemployment turned a lingering and growing malaise into a crisis.,Increasing unemployment turned a lingering and growing malaise into a crisis.,Lifting unemployment turned a lingering and growing malaise into a crisis.,Rising,Increasing,Lifting,0,6,10,7,unemployment,turned,a, unemployment turned a,Rising unemployment turned a,Increasing unemployment turned a,Lifting unemployment turned a
munch-judgement-910,910,6489,as6-fragment01-21,ACPROSE,-0.094,"In the early 1980s, at a time when manufacturing industry was collapsing and the outlook for the unskilled looked particularly bleak, frustration boiled over in a series of riots in London, Bristol, Birmingham, Liverpool, and elsewhere.","In the early 1980s, at a time when manufacturing industry was collapsing and the prospects for the unskilled looked particularly bleak, frustration boiled over in a series of riots in London, Bristol, Birmingham, Liverpool, and elsewhere.","In the early 1980s, at a time when manufacturing industry was collapsing and the lookout for the unskilled looked particularly bleak, frustration boiled over in a series of riots in London, Bristol, Birmingham, Liverpool, and elsewhere.",outlook,prospects,lookout,81,88,90,88,for,the,unskilled, for the unskilled,"In the early 1980s, at a time when manufacturing industry was collapsing and the outlook for the unskilled","In the early 1980s, at a time when manufacturing industry was collapsing and the prospects for the unskilled","In the early 1980s, at a time when manufacturing industry was collapsing and the lookout for the unskilled"
munch-judgement-911,911,6491,as6-fragment01-21,ACPROSE,0.088,"In the early 1980s, at a time when manufacturing industry was collapsing and the outlook for the unskilled looked particularly bleak, frustration boiled over in a series of riots in London, Bristol, Birmingham, Liverpool, and elsewhere.","In the early 1980s, at a time when manufacturing industry was collapsing and the outlook for the unskilled looked particularly depressing, frustration boiled over in a series of riots in London, Bristol, Birmingham, Liverpool, and elsewhere.","In the early 1980s, at a time when manufacturing industry was collapsing and the outlook for the unskilled looked particularly cutting, frustration boiled over in a series of riots in London, Bristol, Birmingham, Liverpool, and elsewhere.",bleak,depressing,cutting,127,132,137,134,frustration,boiled,over,", frustration boiled over","In the early 1980s, at a time when manufacturing industry was collapsing and the outlook for the unskilled looked particularly bleak, frustration boiled over","In the early 1980s, at a time when manufacturing industry was collapsing and the outlook for the unskilled looked particularly depressing, frustration boiled over","In the early 1980s, at a time when manufacturing industry was collapsing and the outlook for the unskilled looked particularly cutting, frustration boiled over"
munch-judgement-912,912,6491,as6-fragment01-21,ACPROSE,0.088,"In the early 1980s, at a time when manufacturing industry was collapsing and the outlook for the unskilled looked particularly bleak, frustration boiled over in a series of riots in London, Bristol, Birmingham, Liverpool, and elsewhere.","In the early 1980s, at a time when manufacturing industry was collapsing and the outlook for the unskilled looked particularly depressing, frustration boiled over in a series of riots in London, Bristol, Birmingham, Liverpool, and elsewhere.","In the early 1980s, at a time when manufacturing industry was collapsing and the outlook for the unskilled looked particularly raw, frustration boiled over in a series of riots in London, Bristol, Birmingham, Liverpool, and elsewhere.",bleak,depressing,raw,127,132,137,130,frustration,boiled,over,", frustration boiled over","In the early 1980s, at a time when manufacturing industry was collapsing and the outlook for the unskilled looked particularly bleak, frustration boiled over","In the early 1980s, at a time when manufacturing industry was collapsing and the outlook for the unskilled looked particularly depressing, frustration boiled over","In the early 1980s, at a time when manufacturing industry was collapsing and the outlook for the unskilled looked particularly raw, frustration boiled over"
munch-judgement-914,914,6520,as6-fragment01-29,ACPROSE,0.294,The police force face the virtually impossible task of keeping the lid on the explosive mixture of ingredients that the dynamics of British society have assembled in the inner city.,The police force face the virtually impossible task of keeping the lid on the explosive mixture of elements that the dynamics of British society have assembled in the inner city.,The police force face the virtually impossible task of keeping the lid on the explosive mixture of fixings that the dynamics of British society have assembled in the inner city.,ingredients,elements,fixings,99,110,107,106,that,the,dynamics, that the dynamics,The police force face the virtually impossible task of keeping the lid on the explosive mixture of ingredients that the dynamics,The police force face the virtually impossible task of keeping the lid on the explosive mixture of elements that the dynamics,The police force face the virtually impossible task of keeping the lid on the explosive mixture of fixings that the dynamics
munch-judgement-915,915,6551,as6-fragment01-38,ACPROSE,-0.032,"And he concludes, ‘of all the warnings that the inner city has to offer for the direction British society is taking, this is perhaps the most sinister’.","And he concludes, ‘of all the warnings that the inner city has to offer for the route British society is taking, this is perhaps the most sinister’.","And he concludes, ‘of all the warnings that the inner city has to offer for the way British society is taking, this is perhaps the most sinister’.",direction,route,way,80,89,85,83,British,society,is, British society is,"And he concludes, ‘of all the warnings that the inner city has to offer for the direction British society is","And he concludes, ‘of all the warnings that the inner city has to offer for the route British society is","And he concludes, ‘of all the warnings that the inner city has to offer for the way British society is"
munch-judgement-916,916,6551,as6-fragment01-38,ACPROSE,-0.032,"And he concludes, ‘of all the warnings that the inner city has to offer for the direction British society is taking, this is perhaps the most sinister’.","And he concludes, ‘of all the warnings that the inner city has to offer for the course British society is taking, this is perhaps the most sinister’.","And he concludes, ‘of all the warnings that the inner city has to offer for the way British society is taking, this is perhaps the most sinister’.",direction,course,way,80,89,86,83,British,society,is, British society is,"And he concludes, ‘of all the warnings that the inner city has to offer for the direction British society is","And he concludes, ‘of all the warnings that the inner city has to offer for the course British society is","And he concludes, ‘of all the warnings that the inner city has to offer for the way British society is"
munch-judgement-918,918,6559,as6-fragment01-40,ACPROSE,0.029,"The basic social contract, whereby citizens enjoy certain rights — including health care, decent education and housing and a job — in return for which they observe the rule of law, was breaking down.","The basic social contract, whereby citizens have certain rights — including health care, decent education and housing and a job — in return for which they observe the rule of law, was breaking down.","The basic social contract, whereby citizens love certain rights — including health care, decent education and housing and a job — in return for which they observe the rule of law, was breaking down.",enjoy,have,love,44,49,48,48,certain,rights,including, certain rights — including,"The basic social contract, whereby citizens enjoy certain rights — including","The basic social contract, whereby citizens have certain rights — including","The basic social contract, whereby citizens love certain rights — including"
munch-judgement-919,919,6561,as6-fragment01-40,ACPROSE,0.057,"The basic social contract, whereby citizens enjoy certain rights — including health care, decent education and housing and a job — in return for which they observe the rule of law, was breaking down.","The basic social contract, whereby citizens enjoy certain rights — including health care, decent education and housing and a job — in return for which they obey the rule of law, was breaking down.","The basic social contract, whereby citizens enjoy certain rights — including health care, decent education and housing and a job — in return for which they watch the rule of law, was breaking down.",observe,obey,watch,156,163,160,161,the,rule,of, the rule of,"The basic social contract, whereby citizens enjoy certain rights — including health care, decent education and housing and a job — in return for which they observe the rule of","The basic social contract, whereby citizens enjoy certain rights — including health care, decent education and housing and a job — in return for which they obey the rule of","The basic social contract, whereby citizens enjoy certain rights — including health care, decent education and housing and a job — in return for which they watch the rule of"
munch-judgement-920,920,6576,as6-fragment01-47,ACPROSE,0.235,"Sensational media and police reports in 1989 seemed to suggest an increased use of ‘crack’ among young people in parts of south London, Liverpool, and Birmingham — with attendant fears that this particularly dangerous substance might become widespread, as it was reported to be in parts of the United States.","Sensational media and police reports in 1989 seemed to suggest an increased use of ‘cocaine’ among young people in parts of south London, Liverpool, and Birmingham — with attendant fears that this particularly dangerous substance might become widespread, as it was reported to be in parts of the United States.","Sensational media and police reports in 1989 seemed to suggest an increased use of ‘cleft’ among young people in parts of south London, Liverpool, and Birmingham — with attendant fears that this particularly dangerous substance might become widespread, as it was reported to be in parts of the United States.",crack,cocaine,cleft,84,89,91,89,among,young,people,’ among young people,Sensational media and police reports in 1989 seemed to suggest an increased use of ‘crack’ among young people,Sensational media and police reports in 1989 seemed to suggest an increased use of ‘cocaine’ among young people,Sensational media and police reports in 1989 seemed to suggest an increased use of ‘cleft’ among young people
munch-judgement-921,921,6576,as6-fragment01-47,ACPROSE,0.235,"Sensational media and police reports in 1989 seemed to suggest an increased use of ‘crack’ among young people in parts of south London, Liverpool, and Birmingham — with attendant fears that this particularly dangerous substance might become widespread, as it was reported to be in parts of the United States.","Sensational media and police reports in 1989 seemed to suggest an increased use of ‘cocaine’ among young people in parts of south London, Liverpool, and Birmingham — with attendant fears that this particularly dangerous substance might become widespread, as it was reported to be in parts of the United States.","Sensational media and police reports in 1989 seemed to suggest an increased use of ‘crevice’ among young people in parts of south London, Liverpool, and Birmingham — with attendant fears that this particularly dangerous substance might become widespread, as it was reported to be in parts of the United States.",crack,cocaine,crevice,84,89,91,91,among,young,people,’ among young people,Sensational media and police reports in 1989 seemed to suggest an increased use of ‘crack’ among young people,Sensational media and police reports in 1989 seemed to suggest an increased use of ‘cocaine’ among young people,Sensational media and police reports in 1989 seemed to suggest an increased use of ‘crevice’ among young people
munch-judgement-922,922,6576,as6-fragment01-47,ACPROSE,0.235,"Sensational media and police reports in 1989 seemed to suggest an increased use of ‘crack’ among young people in parts of south London, Liverpool, and Birmingham — with attendant fears that this particularly dangerous substance might become widespread, as it was reported to be in parts of the United States.","Sensational media and police reports in 1989 seemed to suggest an increased use of ‘cocaine’ among young people in parts of south London, Liverpool, and Birmingham — with attendant fears that this particularly dangerous substance might become widespread, as it was reported to be in parts of the United States.","Sensational media and police reports in 1989 seemed to suggest an increased use of ‘fissure’ among young people in parts of south London, Liverpool, and Birmingham — with attendant fears that this particularly dangerous substance might become widespread, as it was reported to be in parts of the United States.",crack,cocaine,fissure,84,89,91,91,among,young,people,’ among young people,Sensational media and police reports in 1989 seemed to suggest an increased use of ‘crack’ among young people,Sensational media and police reports in 1989 seemed to suggest an increased use of ‘cocaine’ among young people,Sensational media and police reports in 1989 seemed to suggest an increased use of ‘fissure’ among young people
munch-judgement-923,923,6576,as6-fragment01-47,ACPROSE,0.235,"Sensational media and police reports in 1989 seemed to suggest an increased use of ‘crack’ among young people in parts of south London, Liverpool, and Birmingham — with attendant fears that this particularly dangerous substance might become widespread, as it was reported to be in parts of the United States.","Sensational media and police reports in 1989 seemed to suggest an increased use of ‘cocaine’ among young people in parts of south London, Liverpool, and Birmingham — with attendant fears that this particularly dangerous substance might become widespread, as it was reported to be in parts of the United States.","Sensational media and police reports in 1989 seemed to suggest an increased use of ‘scissure’ among young people in parts of south London, Liverpool, and Birmingham — with attendant fears that this particularly dangerous substance might become widespread, as it was reported to be in parts of the United States.",crack,cocaine,scissure,84,89,91,92,among,young,people,’ among young people,Sensational media and police reports in 1989 seemed to suggest an increased use of ‘crack’ among young people,Sensational media and police reports in 1989 seemed to suggest an increased use of ‘cocaine’ among young people,Sensational media and police reports in 1989 seemed to suggest an increased use of ‘scissure’ among young people
munch-judgement-930,930,6590,as6-fragment01-51,ACPROSE,0.233,"In short, if life was always harder in the inner cities than elsewhere, and if conditions may temporarily have been alleviated by the impact of the welfare state and rising incomes, the last decade has been widely represented as a period of deterioration.","In short, if life was always harder in the inner cities than elsewhere, and if conditions may temporarily have been alleviated by the influence of the welfare state and rising incomes, the last decade has been widely represented as a period of deterioration.","In short, if life was always harder in the inner cities than elsewhere, and if conditions may temporarily have been alleviated by the contact of the welfare state and rising incomes, the last decade has been widely represented as a period of deterioration.",impact,influence,contact,134,140,143,141,of,the,welfare, of the welfare,"In short, if life was always harder in the inner cities than elsewhere, and if conditions may temporarily have been alleviated by the impact of the welfare","In short, if life was always harder in the inner cities than elsewhere, and if conditions may temporarily have been alleviated by the influence of the welfare","In short, if life was always harder in the inner cities than elsewhere, and if conditions may temporarily have been alleviated by the contact of the welfare"
munch-judgement-931,931,6590,as6-fragment01-51,ACPROSE,0.233,"In short, if life was always harder in the inner cities than elsewhere, and if conditions may temporarily have been alleviated by the impact of the welfare state and rising incomes, the last decade has been widely represented as a period of deterioration.","In short, if life was always harder in the inner cities than elsewhere, and if conditions may temporarily have been alleviated by the influence of the welfare state and rising incomes, the last decade has been widely represented as a period of deterioration.","In short, if life was always harder in the inner cities than elsewhere, and if conditions may temporarily have been alleviated by the striking of the welfare state and rising incomes, the last decade has been widely represented as a period of deterioration.",impact,influence,striking,134,140,143,142,of,the,welfare, of the welfare,"In short, if life was always harder in the inner cities than elsewhere, and if conditions may temporarily have been alleviated by the impact of the welfare","In short, if life was always harder in the inner cities than elsewhere, and if conditions may temporarily have been alleviated by the influence of the welfare","In short, if life was always harder in the inner cities than elsewhere, and if conditions may temporarily have been alleviated by the striking of the welfare"
munch-judgement-933,933,6594,as6-fragment01-53,ACPROSE,-0.162,What has been lacking however — as well as the political will to do something — has been any shared agreement on the cause.,What has been lacking however — as well as the political will to do something — has been any mutual agreement on the cause.,What has been lacking however — as well as the political will to do something — has been any divided agreement on the cause.,shared,mutual,divided,93,99,99,100,agreement,on,the, agreement on the,What has been lacking however — as well as the political will to do something — has been any shared agreement on the,What has been lacking however — as well as the political will to do something — has been any mutual agreement on the,What has been lacking however — as well as the political will to do something — has been any divided agreement on the
munch-judgement-934,934,6602,as6-fragment01-62,ACPROSE,0.0,The view that only ‘outstanding management’ could meet the problem was held by the Audit Commission (1987).,The opinion that only ‘outstanding management’ could meet the problem was held by the Audit Commission (1987).,The aspect that only ‘outstanding management’ could meet the problem was held by the Audit Commission (1987).,view,opinion,aspect,4,8,11,10,that,only,‘outstanding, that only ‘outstanding,The view that only ‘outstanding,The opinion that only ‘outstanding,The aspect that only ‘outstanding
munch-judgement-935,935,6602,as6-fragment01-62,ACPROSE,0.0,The view that only ‘outstanding management’ could meet the problem was held by the Audit Commission (1987).,The opinion that only ‘outstanding management’ could meet the problem was held by the Audit Commission (1987).,The scene that only ‘outstanding management’ could meet the problem was held by the Audit Commission (1987).,view,opinion,scene,4,8,11,9,that,only,‘outstanding, that only ‘outstanding,The view that only ‘outstanding,The opinion that only ‘outstanding,The scene that only ‘outstanding
munch-judgement-936,936,6602,as6-fragment01-62,ACPROSE,0.0,The view that only ‘outstanding management’ could meet the problem was held by the Audit Commission (1987).,The opinion that only ‘outstanding management’ could meet the problem was held by the Audit Commission (1987).,The vista that only ‘outstanding management’ could meet the problem was held by the Audit Commission (1987).,view,opinion,vista,4,8,11,9,that,only,‘outstanding, that only ‘outstanding,The view that only ‘outstanding,The opinion that only ‘outstanding,The vista that only ‘outstanding
munch-judgement-937,937,6602,as6-fragment01-62,ACPROSE,0.0,The view that only ‘outstanding management’ could meet the problem was held by the Audit Commission (1987).,The opinion that only ‘outstanding management’ could meet the problem was held by the Audit Commission (1987).,The panorama that only ‘outstanding management’ could meet the problem was held by the Audit Commission (1987).,view,opinion,panorama,4,8,11,12,that,only,‘outstanding, that only ‘outstanding,The view that only ‘outstanding,The opinion that only ‘outstanding,The panorama that only ‘outstanding
munch-judgement-944,944,6603,as6-fragment01-62,ACPROSE,-0.206,The view that only ‘outstanding management’ could meet the problem was held by the Audit Commission (1987).,The view that only ‘outstanding management’ could solve the problem was held by the Audit Commission (1987).,The view that only ‘outstanding management’ could encounter the problem was held by the Audit Commission (1987).,meet,solve,encounter,50,54,55,59,the,problem,was, the problem was,The view that only ‘outstanding management’ could meet the problem was,The view that only ‘outstanding management’ could solve the problem was,The view that only ‘outstanding management’ could encounter the problem was
munch-judgement-945,945,6603,as6-fragment01-62,ACPROSE,-0.206,The view that only ‘outstanding management’ could meet the problem was held by the Audit Commission (1987).,The view that only ‘outstanding management’ could solve the problem was held by the Audit Commission (1987).,The view that only ‘outstanding management’ could see the problem was held by the Audit Commission (1987).,meet,solve,see,50,54,55,53,the,problem,was, the problem was,The view that only ‘outstanding management’ could meet the problem was,The view that only ‘outstanding management’ could solve the problem was,The view that only ‘outstanding management’ could see the problem was
munch-judgement-947,947,6607,as6-fragment01-63,ACPROSE,0.306,The picture painted by the Commission's report on inner London is as gruesome as any ever presented (and is itself revealing of common prejudices in its choice of indicators of deprivation):,The picture painted by the Commission's report on inner London is as gruesome as any ever shown (and is itself revealing of common prejudices in its choice of indicators of deprivation):,The picture painted by the Commission's report on inner London is as gruesome as any ever staged (and is itself revealing of common prejudices in its choice of indicators of deprivation):,presented,shown,staged,90,99,95,96,(and,is,itself, (and is itself,The picture painted by the Commission's report on inner London is as gruesome as any ever presented (and is itself,The picture painted by the Commission's report on inner London is as gruesome as any ever shown (and is itself,The picture painted by the Commission's report on inner London is as gruesome as any ever staged (and is itself
munch-judgement-948,948,6607,as6-fragment01-63,ACPROSE,0.306,The picture painted by the Commission's report on inner London is as gruesome as any ever presented (and is itself revealing of common prejudices in its choice of indicators of deprivation):,The picture painted by the Commission's report on inner London is as gruesome as any ever shown (and is itself revealing of common prejudices in its choice of indicators of deprivation):,The picture painted by the Commission's report on inner London is as gruesome as any ever represented (and is itself revealing of common prejudices in its choice of indicators of deprivation):,presented,shown,represented,90,99,95,101,(and,is,itself, (and is itself,The picture painted by the Commission's report on inner London is as gruesome as any ever presented (and is itself,The picture painted by the Commission's report on inner London is as gruesome as any ever shown (and is itself,The picture painted by the Commission's report on inner London is as gruesome as any ever represented (and is itself
munch-judgement-950,950,6611,as6-fragment01-68,ACPROSE,0.0,"Drawing on North American experience, the Commission concluded that ‘poor management was an important contributory factor to New York's problems’, and sought to apply the same lessons here (p. 2).","Drawing on North American experience, the Commission determined that ‘poor management was an important contributory factor to New York's problems’, and sought to apply the same lessons here (p. 2).","Drawing on North American experience, the Commission ended that ‘poor management was an important contributory factor to New York's problems’, and sought to apply the same lessons here (p. 2).",concluded,determined,ended,53,62,63,58,that,‘poor,management, that ‘poor management,"Drawing on North American experience, the Commission concluded that ‘poor management","Drawing on North American experience, the Commission determined that ‘poor management","Drawing on North American experience, the Commission ended that ‘poor management"
munch-judgement-951,951,6611,as6-fragment01-68,ACPROSE,0.0,"Drawing on North American experience, the Commission concluded that ‘poor management was an important contributory factor to New York's problems’, and sought to apply the same lessons here (p. 2).","Drawing on North American experience, the Commission determined that ‘poor management was an important contributory factor to New York's problems’, and sought to apply the same lessons here (p. 2).","Drawing on North American experience, the Commission terminated that ‘poor management was an important contributory factor to New York's problems’, and sought to apply the same lessons here (p. 2).",concluded,determined,terminated,53,62,63,63,that,‘poor,management, that ‘poor management,"Drawing on North American experience, the Commission concluded that ‘poor management","Drawing on North American experience, the Commission determined that ‘poor management","Drawing on North American experience, the Commission terminated that ‘poor management"
munch-judgement-954,954,6633,as6-fragment01-71,ACPROSE,0.242,"the encouragement of private investment and the liberation of the market; the containment of the forces of social discontent; the control of the powers of the local authorities; and the encouragement of the movement of the wealthy into the inner city thus creating buffer areas of Tory support, accentuating inequalities and injustice and (hopefully though not necessarily) reducing the potential for conflict among the urban poor.","the encouragement of private investment and the liberation of the market; the containment of the forces of social discontent; the control of the powers of the local authorities; and the encouragement of the movement of the wealthy into the inner city thus creating fallback areas of Tory support, accentuating inequalities and injustice and (hopefully though not necessarily) reducing the potential for conflict among the urban poor.","the encouragement of private investment and the liberation of the market; the containment of the forces of social discontent; the control of the powers of the local authorities; and the encouragement of the movement of the wealthy into the inner city thus creating pilot areas of Tory support, accentuating inequalities and injustice and (hopefully though not necessarily) reducing the potential for conflict among the urban poor.",buffer,fallback,pilot,265,271,273,270,areas,of,Tory, areas of Tory,the encouragement of private investment and the liberation of the market; the containment of the forces of social discontent; the control of the powers of the local authorities; and the encouragement of the movement of the wealthy into the inner city thus creating buffer areas of Tory,the encouragement of private investment and the liberation of the market; the containment of the forces of social discontent; the control of the powers of the local authorities; and the encouragement of the movement of the wealthy into the inner city thus creating fallback areas of Tory,the encouragement of private investment and the liberation of the market; the containment of the forces of social discontent; the control of the powers of the local authorities; and the encouragement of the movement of the wealthy into the inner city thus creating pilot areas of Tory
munch-judgement-955,955,6653,as6-fragment01-76,ACPROSE,0.206,"It was initiated partly in response to the furore caused by Enoch Powell's 1969 ‘rivers of blood’ speech, much as disturbances at the 1976 Notting Hill Carnival prompted further steps on the part of the Department of the Environment — ‘A riot makes a much bigger impact on government thinking’, as Donnison (1987) has pointed out, ‘than any amount of earnest and accurate research’.","It was initiated partly in response to the furore caused by Enoch Powell's 1969 ‘rivers of blood’ speech, much as disturbances at the 1976 Notting Hill Carnival brought further steps on the part of the Department of the Environment — ‘A riot makes a much bigger impact on government thinking’, as Donnison (1987) has pointed out, ‘than any amount of earnest and accurate research’.","It was initiated partly in response to the furore caused by Enoch Powell's 1969 ‘rivers of blood’ speech, much as disturbances at the 1976 Notting Hill Carnival reminded further steps on the part of the Department of the Environment — ‘A riot makes a much bigger impact on government thinking’, as Donnison (1987) has pointed out, ‘than any amount of earnest and accurate research’.",prompted,brought,reminded,161,169,168,169,further,steps,on, further steps on,"It was initiated partly in response to the furore caused by Enoch Powell's 1969 ‘rivers of blood’ speech, much as disturbances at the 1976 Notting Hill Carnival prompted further steps on","It was initiated partly in response to the furore caused by Enoch Powell's 1969 ‘rivers of blood’ speech, much as disturbances at the 1976 Notting Hill Carnival brought further steps on","It was initiated partly in response to the furore caused by Enoch Powell's 1969 ‘rivers of blood’ speech, much as disturbances at the 1976 Notting Hill Carnival reminded further steps on"
munch-judgement-956,956,6653,as6-fragment01-76,ACPROSE,0.206,"It was initiated partly in response to the furore caused by Enoch Powell's 1969 ‘rivers of blood’ speech, much as disturbances at the 1976 Notting Hill Carnival prompted further steps on the part of the Department of the Environment — ‘A riot makes a much bigger impact on government thinking’, as Donnison (1987) has pointed out, ‘than any amount of earnest and accurate research’.","It was initiated partly in response to the furore caused by Enoch Powell's 1969 ‘rivers of blood’ speech, much as disturbances at the 1976 Notting Hill Carnival brought further steps on the part of the Department of the Environment — ‘A riot makes a much bigger impact on government thinking’, as Donnison (1987) has pointed out, ‘than any amount of earnest and accurate research’.","It was initiated partly in response to the furore caused by Enoch Powell's 1969 ‘rivers of blood’ speech, much as disturbances at the 1976 Notting Hill Carnival cued further steps on the part of the Department of the Environment — ‘A riot makes a much bigger impact on government thinking’, as Donnison (1987) has pointed out, ‘than any amount of earnest and accurate research’.",prompted,brought,cued,161,169,168,165,further,steps,on, further steps on,"It was initiated partly in response to the furore caused by Enoch Powell's 1969 ‘rivers of blood’ speech, much as disturbances at the 1976 Notting Hill Carnival prompted further steps on","It was initiated partly in response to the furore caused by Enoch Powell's 1969 ‘rivers of blood’ speech, much as disturbances at the 1976 Notting Hill Carnival brought further steps on","It was initiated partly in response to the furore caused by Enoch Powell's 1969 ‘rivers of blood’ speech, much as disturbances at the 1976 Notting Hill Carnival cued further steps on"
munch-judgement-957,957,6653,as6-fragment01-76,ACPROSE,0.206,"It was initiated partly in response to the furore caused by Enoch Powell's 1969 ‘rivers of blood’ speech, much as disturbances at the 1976 Notting Hill Carnival prompted further steps on the part of the Department of the Environment — ‘A riot makes a much bigger impact on government thinking’, as Donnison (1987) has pointed out, ‘than any amount of earnest and accurate research’.","It was initiated partly in response to the furore caused by Enoch Powell's 1969 ‘rivers of blood’ speech, much as disturbances at the 1976 Notting Hill Carnival caused further steps on the part of the Department of the Environment — ‘A riot makes a much bigger impact on government thinking’, as Donnison (1987) has pointed out, ‘than any amount of earnest and accurate research’.","It was initiated partly in response to the furore caused by Enoch Powell's 1969 ‘rivers of blood’ speech, much as disturbances at the 1976 Notting Hill Carnival reminded further steps on the part of the Department of the Environment — ‘A riot makes a much bigger impact on government thinking’, as Donnison (1987) has pointed out, ‘than any amount of earnest and accurate research’.",prompted,caused,reminded,161,169,167,169,further,steps,on, further steps on,"It was initiated partly in response to the furore caused by Enoch Powell's 1969 ‘rivers of blood’ speech, much as disturbances at the 1976 Notting Hill Carnival prompted further steps on","It was initiated partly in response to the furore caused by Enoch Powell's 1969 ‘rivers of blood’ speech, much as disturbances at the 1976 Notting Hill Carnival caused further steps on","It was initiated partly in response to the furore caused by Enoch Powell's 1969 ‘rivers of blood’ speech, much as disturbances at the 1976 Notting Hill Carnival reminded further steps on"
munch-judgement-958,958,6653,as6-fragment01-76,ACPROSE,0.206,"It was initiated partly in response to the furore caused by Enoch Powell's 1969 ‘rivers of blood’ speech, much as disturbances at the 1976 Notting Hill Carnival prompted further steps on the part of the Department of the Environment — ‘A riot makes a much bigger impact on government thinking’, as Donnison (1987) has pointed out, ‘than any amount of earnest and accurate research’.","It was initiated partly in response to the furore caused by Enoch Powell's 1969 ‘rivers of blood’ speech, much as disturbances at the 1976 Notting Hill Carnival caused further steps on the part of the Department of the Environment — ‘A riot makes a much bigger impact on government thinking’, as Donnison (1987) has pointed out, ‘than any amount of earnest and accurate research’.","It was initiated partly in response to the furore caused by Enoch Powell's 1969 ‘rivers of blood’ speech, much as disturbances at the 1976 Notting Hill Carnival cued further steps on the part of the Department of the Environment — ‘A riot makes a much bigger impact on government thinking’, as Donnison (1987) has pointed out, ‘than any amount of earnest and accurate research’.",prompted,caused,cued,161,169,167,165,further,steps,on, further steps on,"It was initiated partly in response to the furore caused by Enoch Powell's 1969 ‘rivers of blood’ speech, much as disturbances at the 1976 Notting Hill Carnival prompted further steps on","It was initiated partly in response to the furore caused by Enoch Powell's 1969 ‘rivers of blood’ speech, much as disturbances at the 1976 Notting Hill Carnival caused further steps on","It was initiated partly in response to the furore caused by Enoch Powell's 1969 ‘rivers of blood’ speech, much as disturbances at the 1976 Notting Hill Carnival cued further steps on"
munch-judgement-961,961,6663,as6-fragment01-77,ACPROSE,0.429,"The Urban Programme consisted of grants and initiatives under the 1969 Local Government Grants (Social Need) Act, which was intended as a flexible instrument to provide supplementary help to local authorities in the fields of housing, education, and health.","The Urban Programme consisted of grants and initiatives under the 1969 Local Government Grants (Social Need) Act, which was intended as a flexible instrument to provide supplementary help to local authorities in the areas of housing, education, and health.","The Urban Programme consisted of grants and initiatives under the 1969 Local Government Grants (Social Need) Act, which was intended as a flexible instrument to provide supplementary help to local authorities in the tracts of housing, education, and health.",fields,areas,tracts,216,222,221,222,of,"housing,","education,"," of housing, education,","The Urban Programme consisted of grants and initiatives under the 1969 Local Government Grants (Social Need) Act, which was intended as a flexible instrument to provide supplementary help to local authorities in the fields of housing, education,","The Urban Programme consisted of grants and initiatives under the 1969 Local Government Grants (Social Need) Act, which was intended as a flexible instrument to provide supplementary help to local authorities in the areas of housing, education,","The Urban Programme consisted of grants and initiatives under the 1969 Local Government Grants (Social Need) Act, which was intended as a flexible instrument to provide supplementary help to local authorities in the tracts of housing, education,"
munch-judgement-962,962,6663,as6-fragment01-77,ACPROSE,0.429,"The Urban Programme consisted of grants and initiatives under the 1969 Local Government Grants (Social Need) Act, which was intended as a flexible instrument to provide supplementary help to local authorities in the fields of housing, education, and health.","The Urban Programme consisted of grants and initiatives under the 1969 Local Government Grants (Social Need) Act, which was intended as a flexible instrument to provide supplementary help to local authorities in the areas of housing, education, and health.","The Urban Programme consisted of grants and initiatives under the 1969 Local Government Grants (Social Need) Act, which was intended as a flexible instrument to provide supplementary help to local authorities in the parcels of housing, education, and health.",fields,areas,parcels,216,222,221,223,of,"housing,","education,"," of housing, education,","The Urban Programme consisted of grants and initiatives under the 1969 Local Government Grants (Social Need) Act, which was intended as a flexible instrument to provide supplementary help to local authorities in the fields of housing, education,","The Urban Programme consisted of grants and initiatives under the 1969 Local Government Grants (Social Need) Act, which was intended as a flexible instrument to provide supplementary help to local authorities in the areas of housing, education,","The Urban Programme consisted of grants and initiatives under the 1969 Local Government Grants (Social Need) Act, which was intended as a flexible instrument to provide supplementary help to local authorities in the parcels of housing, education,"
munch-judgement-964,964,6665,as6-fragment01-78,ACPROSE,-0.143,"Originally, the Programme supplemented existing central and local government schemes designed to meet special needs in urban areas.","Originally, the Programme supplemented existing central and local government schemes intended to meet special needs in urban areas.","Originally, the Programme supplemented existing central and local government schemes planned to meet special needs in urban areas.",designed,intended,planned,85,93,93,92,to,meet,special, to meet special,"Originally, the Programme supplemented existing central and local government schemes designed to meet special","Originally, the Programme supplemented existing central and local government schemes intended to meet special","Originally, the Programme supplemented existing central and local government schemes planned to meet special"
munch-judgement-965,965,6667,as6-fragment01-79,ACPROSE,0.294,"The scope was extended in an ‘enhanced’ Urban Programme, which included economic and environmental as well as social projects, and was specifically directed at the inner urban areas where the problems were most severe.","The scope was expanded in an ‘enhanced’ Urban Programme, which included economic and environmental as well as social projects, and was specifically directed at the inner urban areas where the problems were most severe.","The scope was exserted in an ‘enhanced’ Urban Programme, which included economic and environmental as well as social projects, and was specifically directed at the inner urban areas where the problems were most severe.",extended,expanded,exserted,14,22,22,22,in,an,‘enhanced’, in an ‘enhanced’,The scope was extended in an ‘enhanced’,The scope was expanded in an ‘enhanced’,The scope was exserted in an ‘enhanced’
munch-judgement-966,966,6675,as6-fragment01-81,ACPROSE,-0.229,"The ‘enhanced Programme resulted from the 1978 Inner Urban Areas Act, based on a White Paper, published the previous year, on Policy for the Inner Cities (DoE, 1977), the first comprehensive policy statement on the subject to acknowledge it as a definable and cohesive problem.","The ‘enhanced Programme resulted from the 1978 Inner Urban Areas Act, based on a White Paper, published the previous year, on Policy for the Inner Cities (DoE, 1977), the first comprehensive policy statement on the matter to acknowledge it as a definable and cohesive problem.","The ‘enhanced Programme resulted from the 1978 Inner Urban Areas Act, based on a White Paper, published the previous year, on Policy for the Inner Cities (DoE, 1977), the first comprehensive policy statement on the content to acknowledge it as a definable and cohesive problem.",subject,matter,content,215,222,221,222,to,acknowledge,it, to acknowledge it,"The ‘enhanced Programme resulted from the 1978 Inner Urban Areas Act, based on a White Paper, published the previous year, on Policy for the Inner Cities (DoE, 1977), the first comprehensive policy statement on the subject to acknowledge it","The ‘enhanced Programme resulted from the 1978 Inner Urban Areas Act, based on a White Paper, published the previous year, on Policy for the Inner Cities (DoE, 1977), the first comprehensive policy statement on the matter to acknowledge it","The ‘enhanced Programme resulted from the 1978 Inner Urban Areas Act, based on a White Paper, published the previous year, on Policy for the Inner Cities (DoE, 1977), the first comprehensive policy statement on the content to acknowledge it"
munch-judgement-967,967,6689,as6-fragment01-84,ACPROSE,0.029,"It argued that in talking about inner cities it was vital to think in terms not just of individuals, but of society; that the multiple deprivations of the worst hit areas affected all the residents; that the consequences included a pervasive sense of neglect and decay, a decline in community spirit, a low standard of neighbourhood facilities, and an increase in crime and vandalism; and that, without government intervention, the future was one of reduced job opportunities, deteriorating housing, and a decline in public services.","It argued that in talking about inner cities it was vital to think in terms not just of individuals, but of society; that the multiple deprivations of the worst hit areas affected all the residents; that the consequences included a pervasive feeling of neglect and decay, a decline in community spirit, a low standard of neighbourhood facilities, and an increase in crime and vandalism; and that, without government intervention, the future was one of reduced job opportunities, deteriorating housing, and a decline in public services.","It argued that in talking about inner cities it was vital to think in terms not just of individuals, but of society; that the multiple deprivations of the worst hit areas affected all the residents; that the consequences included a pervasive sensation of neglect and decay, a decline in community spirit, a low standard of neighbourhood facilities, and an increase in crime and vandalism; and that, without government intervention, the future was one of reduced job opportunities, deteriorating housing, and a decline in public services.",sense,feeling,sensation,242,247,249,251,of,neglect,and, of neglect and,"It argued that in talking about inner cities it was vital to think in terms not just of individuals, but of society; that the multiple deprivations of the worst hit areas affected all the residents; that the consequences included a pervasive sense of neglect and","It argued that in talking about inner cities it was vital to think in terms not just of individuals, but of society; that the multiple deprivations of the worst hit areas affected all the residents; that the consequences included a pervasive feeling of neglect and","It argued that in talking about inner cities it was vital to think in terms not just of individuals, but of society; that the multiple deprivations of the worst hit areas affected all the residents; that the consequences included a pervasive sensation of neglect and"
munch-judgement-968,968,6689,as6-fragment01-84,ACPROSE,0.029,"It argued that in talking about inner cities it was vital to think in terms not just of individuals, but of society; that the multiple deprivations of the worst hit areas affected all the residents; that the consequences included a pervasive sense of neglect and decay, a decline in community spirit, a low standard of neighbourhood facilities, and an increase in crime and vandalism; and that, without government intervention, the future was one of reduced job opportunities, deteriorating housing, and a decline in public services.","It argued that in talking about inner cities it was vital to think in terms not just of individuals, but of society; that the multiple deprivations of the worst hit areas affected all the residents; that the consequences included a pervasive feeling of neglect and decay, a decline in community spirit, a low standard of neighbourhood facilities, and an increase in crime and vandalism; and that, without government intervention, the future was one of reduced job opportunities, deteriorating housing, and a decline in public services.","It argued that in talking about inner cities it was vital to think in terms not just of individuals, but of society; that the multiple deprivations of the worst hit areas affected all the residents; that the consequences included a pervasive sentience of neglect and decay, a decline in community spirit, a low standard of neighbourhood facilities, and an increase in crime and vandalism; and that, without government intervention, the future was one of reduced job opportunities, deteriorating housing, and a decline in public services.",sense,feeling,sentience,242,247,249,251,of,neglect,and, of neglect and,"It argued that in talking about inner cities it was vital to think in terms not just of individuals, but of society; that the multiple deprivations of the worst hit areas affected all the residents; that the consequences included a pervasive sense of neglect and","It argued that in talking about inner cities it was vital to think in terms not just of individuals, but of society; that the multiple deprivations of the worst hit areas affected all the residents; that the consequences included a pervasive feeling of neglect and","It argued that in talking about inner cities it was vital to think in terms not just of individuals, but of society; that the multiple deprivations of the worst hit areas affected all the residents; that the consequences included a pervasive sentience of neglect and"
munch-judgement-970,970,6700,as6-fragment01-85,ACPROSE,0.152,"The document, and the legislation that derived from it, pointed to a positively discriminatory approach: with both central and local government supplementing existing programmes in such a way as to strengthen local economies, as well as the physical and social environment.","The document, and the legislation that derived from it, pointed to a positively discriminatory approach: with both central and local government supplementing existing programmes in such a way as to boost local economies, as well as the physical and social environment.","The document, and the legislation that derived from it, pointed to a positively discriminatory approach: with both central and local government supplementing existing programmes in such a way as to fortify local economies, as well as the physical and social environment.",strengthen,boost,fortify,198,208,203,205,local,"economies,",as," local economies, as","The document, and the legislation that derived from it, pointed to a positively discriminatory approach: with both central and local government supplementing existing programmes in such a way as to strengthen local economies, as","The document, and the legislation that derived from it, pointed to a positively discriminatory approach: with both central and local government supplementing existing programmes in such a way as to boost local economies, as","The document, and the legislation that derived from it, pointed to a positively discriminatory approach: with both central and local government supplementing existing programmes in such a way as to fortify local economies, as"
munch-judgement-971,971,6700,as6-fragment01-85,ACPROSE,0.152,"The document, and the legislation that derived from it, pointed to a positively discriminatory approach: with both central and local government supplementing existing programmes in such a way as to strengthen local economies, as well as the physical and social environment.","The document, and the legislation that derived from it, pointed to a positively discriminatory approach: with both central and local government supplementing existing programmes in such a way as to boost local economies, as well as the physical and social environment.","The document, and the legislation that derived from it, pointed to a positively discriminatory approach: with both central and local government supplementing existing programmes in such a way as to tone local economies, as well as the physical and social environment.",strengthen,boost,tone,198,208,203,202,local,"economies,",as," local economies, as","The document, and the legislation that derived from it, pointed to a positively discriminatory approach: with both central and local government supplementing existing programmes in such a way as to strengthen local economies, as","The document, and the legislation that derived from it, pointed to a positively discriminatory approach: with both central and local government supplementing existing programmes in such a way as to boost local economies, as","The document, and the legislation that derived from it, pointed to a positively discriminatory approach: with both central and local government supplementing existing programmes in such a way as to tone local economies, as"
munch-judgement-974,974,6745,as6-fragment01-98,ACPROSE,-0.086,"Yet, the irony of the early 1980s — as a deteriorating, but perennial, urban problem rapidly became the most acute aspect of the crisis of mass unemployment — was that a Tory government, willy-nilly, found itself presiding over an increase in state intervention through a variety of agencies.","Yet, the irony of the early 1980s — as a deteriorating, but perennial, urban problem rapidly became the most acute aspect of the crisis of mass unemployment — was that a Tory government, willy-nilly, discovered itself presiding over an increase in state intervention through a variety of agencies.","Yet, the irony of the early 1980s — as a deteriorating, but perennial, urban problem rapidly became the most acute aspect of the crisis of mass unemployment — was that a Tory government, willy-nilly, encountered itself presiding over an increase in state intervention through a variety of agencies.",found,discovered,encountered,200,205,210,211,itself,presiding,over, itself presiding over,"Yet, the irony of the early 1980s — as a deteriorating, but perennial, urban problem rapidly became the most acute aspect of the crisis of mass unemployment — was that a Tory government, willy-nilly, found itself presiding over","Yet, the irony of the early 1980s — as a deteriorating, but perennial, urban problem rapidly became the most acute aspect of the crisis of mass unemployment — was that a Tory government, willy-nilly, discovered itself presiding over","Yet, the irony of the early 1980s — as a deteriorating, but perennial, urban problem rapidly became the most acute aspect of the crisis of mass unemployment — was that a Tory government, willy-nilly, encountered itself presiding over"
munch-judgement-975,975,6745,as6-fragment01-98,ACPROSE,-0.086,"Yet, the irony of the early 1980s — as a deteriorating, but perennial, urban problem rapidly became the most acute aspect of the crisis of mass unemployment — was that a Tory government, willy-nilly, found itself presiding over an increase in state intervention through a variety of agencies.","Yet, the irony of the early 1980s — as a deteriorating, but perennial, urban problem rapidly became the most acute aspect of the crisis of mass unemployment — was that a Tory government, willy-nilly, discovered itself presiding over an increase in state intervention through a variety of agencies.","Yet, the irony of the early 1980s — as a deteriorating, but perennial, urban problem rapidly became the most acute aspect of the crisis of mass unemployment — was that a Tory government, willy-nilly, regained itself presiding over an increase in state intervention through a variety of agencies.",found,discovered,regained,200,205,210,208,itself,presiding,over, itself presiding over,"Yet, the irony of the early 1980s — as a deteriorating, but perennial, urban problem rapidly became the most acute aspect of the crisis of mass unemployment — was that a Tory government, willy-nilly, found itself presiding over","Yet, the irony of the early 1980s — as a deteriorating, but perennial, urban problem rapidly became the most acute aspect of the crisis of mass unemployment — was that a Tory government, willy-nilly, discovered itself presiding over","Yet, the irony of the early 1980s — as a deteriorating, but perennial, urban problem rapidly became the most acute aspect of the crisis of mass unemployment — was that a Tory government, willy-nilly, regained itself presiding over"
munch-judgement-980,980,6760,as6-fragment01-103,ACPROSE,0.2,"It was providing 27,500 training places (often in conjunction with the Manpower Services Commission): some 2,500 buildings were being improved; estate action aimed to tackle run down housing; and a large number of new ‘partnerships’ (which some might see as subsidies, or discredited regional grants, in a new guise) were in operation, in an effort to bring private investment to run-down urban areas.","It was providing 27,500 training places (often in conjunction with the Manpower Services Commission): some 2,500 buildings were being improved; estate action intended to tackle run down housing; and a large number of new ‘partnerships’ (which some might see as subsidies, or discredited regional grants, in a new guise) were in operation, in an effort to bring private investment to run-down urban areas.","It was providing 27,500 training places (often in conjunction with the Manpower Services Commission): some 2,500 buildings were being improved; estate action trained to tackle run down housing; and a large number of new ‘partnerships’ (which some might see as subsidies, or discredited regional grants, in a new guise) were in operation, in an effort to bring private investment to run-down urban areas.",aimed,intended,trained,158,163,166,165,to,tackle,run, to tackle run,"It was providing 27,500 training places (often in conjunction with the Manpower Services Commission): some 2,500 buildings were being improved; estate action aimed to tackle run","It was providing 27,500 training places (often in conjunction with the Manpower Services Commission): some 2,500 buildings were being improved; estate action intended to tackle run","It was providing 27,500 training places (often in conjunction with the Manpower Services Commission): some 2,500 buildings were being improved; estate action trained to tackle run"
munch-judgement-981,981,6770,as6-fragment01-104,ACPROSE,0.343,By 1988 it was claimed that £200 million of Urban Development Grant and Urban Regeneration Grant had successfully ‘levered’ more than £800 million of private investment into the inner cities (although how much of the latter sum might have been invested in any case is difficult to say).,By 1988 it was claimed that £200 million of Urban Development Grant and Urban Regeneration Grant had successfully ‘funneled’ more than £800 million of private investment into the inner cities (although how much of the latter sum might have been invested in any case is difficult to say).,By 1988 it was claimed that £200 million of Urban Development Grant and Urban Regeneration Grant had successfully ‘prised’ more than £800 million of private investment into the inner cities (although how much of the latter sum might have been invested in any case is difficult to say).,levered,funneled,prised,115,122,123,121,more,than,£800,’ more than £800,By 1988 it was claimed that £200 million of Urban Development Grant and Urban Regeneration Grant had successfully ‘levered’ more than £800,By 1988 it was claimed that £200 million of Urban Development Grant and Urban Regeneration Grant had successfully ‘funneled’ more than £800,By 1988 it was claimed that £200 million of Urban Development Grant and Urban Regeneration Grant had successfully ‘prised’ more than £800
munch-judgement-982,982,6770,as6-fragment01-104,ACPROSE,0.343,By 1988 it was claimed that £200 million of Urban Development Grant and Urban Regeneration Grant had successfully ‘levered’ more than £800 million of private investment into the inner cities (although how much of the latter sum might have been invested in any case is difficult to say).,By 1988 it was claimed that £200 million of Urban Development Grant and Urban Regeneration Grant had successfully ‘funneled’ more than £800 million of private investment into the inner cities (although how much of the latter sum might have been invested in any case is difficult to say).,By 1988 it was claimed that £200 million of Urban Development Grant and Urban Regeneration Grant had successfully ‘jimmied’ more than £800 million of private investment into the inner cities (although how much of the latter sum might have been invested in any case is difficult to say).,levered,funneled,jimmied,115,122,123,122,more,than,£800,’ more than £800,By 1988 it was claimed that £200 million of Urban Development Grant and Urban Regeneration Grant had successfully ‘levered’ more than £800,By 1988 it was claimed that £200 million of Urban Development Grant and Urban Regeneration Grant had successfully ‘funneled’ more than £800,By 1988 it was claimed that £200 million of Urban Development Grant and Urban Regeneration Grant had successfully ‘jimmied’ more than £800
munch-judgement-984,984,6797,as6-fragment01-110,ACPROSE,0.364,"One of the most bizarre aspects of government policy has been the effective murder of the voluntary sector, and its appropriation, by subterfuge, into the Tory version of the corporate state.","One of the most bizarre aspects of government policy has been the effective murder of the voluntary sector, and its appropriation, by subterfuge, into the Tory model of the corporate state.","One of the most bizarre aspects of government policy has been the effective murder of the voluntary sector, and its appropriation, by subterfuge, into the Tory adaptation of the corporate state.",version,model,adaptation,160,167,165,170,of,the,corporate, of the corporate,"One of the most bizarre aspects of government policy has been the effective murder of the voluntary sector, and its appropriation, by subterfuge, into the Tory version of the corporate","One of the most bizarre aspects of government policy has been the effective murder of the voluntary sector, and its appropriation, by subterfuge, into the Tory model of the corporate","One of the most bizarre aspects of government policy has been the effective murder of the voluntary sector, and its appropriation, by subterfuge, into the Tory adaptation of the corporate"
munch-judgement-985,985,6829,as6-fragment01-116,ACPROSE,0.441,"However, the later withdrawal of government support, with the scrapping of the Community Programme as unemployment receded, left many of these voluntary organizations high and dry.","However, the later withdrawal of government support, with the scrapping of the Community Programme as unemployment subsided, left many of these voluntary organizations high and dry.","However, the later withdrawal of government support, with the scrapping of the Community Programme as unemployment retired, left many of these voluntary organizations high and dry.",receded,subsided,retired,115,122,123,122,left,many,of,", left many of","However, the later withdrawal of government support, with the scrapping of the Community Programme as unemployment receded, left many of","However, the later withdrawal of government support, with the scrapping of the Community Programme as unemployment subsided, left many of","However, the later withdrawal of government support, with the scrapping of the Community Programme as unemployment retired, left many of"
munch-judgement-986,986,6829,as6-fragment01-116,ACPROSE,0.441,"However, the later withdrawal of government support, with the scrapping of the Community Programme as unemployment receded, left many of these voluntary organizations high and dry.","However, the later withdrawal of government support, with the scrapping of the Community Programme as unemployment declined, left many of these voluntary organizations high and dry.","However, the later withdrawal of government support, with the scrapping of the Community Programme as unemployment retired, left many of these voluntary organizations high and dry.",receded,declined,retired,115,122,123,122,left,many,of,", left many of","However, the later withdrawal of government support, with the scrapping of the Community Programme as unemployment receded, left many of","However, the later withdrawal of government support, with the scrapping of the Community Programme as unemployment declined, left many of","However, the later withdrawal of government support, with the scrapping of the Community Programme as unemployment retired, left many of"
munch-judgement-988,988,6871,as6-fragment02-356,ACPROSE,0.171,A glimpse of the impact of the 1980–1 riots at this level can be achieved through two important debates in Parliament.,A glimpse of the effect of the 1980–1 riots at this level can be achieved through two important debates in Parliament.,A glimpse of the contact of the 1980–1 riots at this level can be achieved through two important debates in Parliament.,impact,effect,contact,17,23,23,24,of,the,1980–1, of the 1980–1,A glimpse of the impact of the 1980–1,A glimpse of the effect of the 1980–1,A glimpse of the contact of the 1980–1
munch-judgement-989,989,6871,as6-fragment02-356,ACPROSE,0.171,A glimpse of the impact of the 1980–1 riots at this level can be achieved through two important debates in Parliament.,A glimpse of the effect of the 1980–1 riots at this level can be achieved through two important debates in Parliament.,A glimpse of the striking of the 1980–1 riots at this level can be achieved through two important debates in Parliament.,impact,effect,striking,17,23,23,25,of,the,1980–1, of the 1980–1,A glimpse of the impact of the 1980–1,A glimpse of the effect of the 1980–1,A glimpse of the striking of the 1980–1
munch-judgement-991,991,6879,as6-fragment02-358,ACPROSE,0.176,"The tone of the debate was set by Home Secretary William Whitelaw's introductory statement in which he spoke of (a) the need to ‘remove the scourge of criminal violence from our streets’, and (b) the urgency of developing ‘policies designed to promote the mutual tolerance and understanding upon which the whole future of a free democratic society depends’ (Hansard, vol. 8, 16 July 1981: col. 1405).","The tone of the debate was set by Home Secretary William Whitelaw's introductory statement in which he spoke of (a) the need to ‘remove the horror of criminal violence from our streets’, and (b) the urgency of developing ‘policies designed to promote the mutual tolerance and understanding upon which the whole future of a free democratic society depends’ (Hansard, vol. 8, 16 July 1981: col. 1405).","The tone of the debate was set by Home Secretary William Whitelaw's introductory statement in which he spoke of (a) the need to ‘remove the flagellum of criminal violence from our streets’, and (b) the urgency of developing ‘policies designed to promote the mutual tolerance and understanding upon which the whole future of a free democratic society depends’ (Hansard, vol. 8, 16 July 1981: col. 1405).",scourge,horror,flagellum,140,147,146,149,of,criminal,violence, of criminal violence,The tone of the debate was set by Home Secretary William Whitelaw's introductory statement in which he spoke of (a) the need to ‘remove the scourge of criminal violence,The tone of the debate was set by Home Secretary William Whitelaw's introductory statement in which he spoke of (a) the need to ‘remove the horror of criminal violence,The tone of the debate was set by Home Secretary William Whitelaw's introductory statement in which he spoke of (a) the need to ‘remove the flagellum of criminal violence
munch-judgement-992,992,6880,as6-fragment02-358,ACPROSE,0.059,"The tone of the debate was set by Home Secretary William Whitelaw's introductory statement in which he spoke of (a) the need to ‘remove the scourge of criminal violence from our streets’, and (b) the urgency of developing ‘policies designed to promote the mutual tolerance and understanding upon which the whole future of a free democratic society depends’ (Hansard, vol. 8, 16 July 1981: col. 1405).","The tone of the debate was set by Home Secretary William Whitelaw's introductory statement in which he spoke of (a) the need to ‘remove the scourge of criminal violence from our streets’, and (b) the urgency of developing ‘policies created to promote the mutual tolerance and understanding upon which the whole future of a free democratic society depends’ (Hansard, vol. 8, 16 July 1981: col. 1405).","The tone of the debate was set by Home Secretary William Whitelaw's introductory statement in which he spoke of (a) the need to ‘remove the scourge of criminal violence from our streets’, and (b) the urgency of developing ‘policies planned to promote the mutual tolerance and understanding upon which the whole future of a free democratic society depends’ (Hansard, vol. 8, 16 July 1981: col. 1405).",designed,created,planned,232,240,239,239,to,promote,the, to promote the,"The tone of the debate was set by Home Secretary William Whitelaw's introductory statement in which he spoke of (a) the need to ‘remove the scourge of criminal violence from our streets’, and (b) the urgency of developing ‘policies designed to promote the","The tone of the debate was set by Home Secretary William Whitelaw's introductory statement in which he spoke of (a) the need to ‘remove the scourge of criminal violence from our streets’, and (b) the urgency of developing ‘policies created to promote the","The tone of the debate was set by Home Secretary William Whitelaw's introductory statement in which he spoke of (a) the need to ‘remove the scourge of criminal violence from our streets’, and (b) the urgency of developing ‘policies planned to promote the"
munch-judgement-993,993,6883,as6-fragment02-359,ACPROSE,0.514,"The ‘scourge of criminal violence’ was, Whitelaw argued, a danger to the whole framework of consent and legality on which the political institutions of British society were based.","The ‘menace of criminal violence’ was, Whitelaw argued, a danger to the whole framework of consent and legality on which the political institutions of British society were based.","The ‘flagellum of criminal violence’ was, Whitelaw argued, a danger to the whole framework of consent and legality on which the political institutions of British society were based.",scourge,menace,flagellum,5,12,11,14,of,criminal,violence’, of criminal violence’,The ‘scourge of criminal violence’,The ‘menace of criminal violence’,The ‘flagellum of criminal violence’
munch-judgement-994,994,6908,as6-fragment02-364,ACPROSE,-0.143,"The need to support the police was accepted by both the Labour and the Conservative speakers in the parliamentary debate on the riots, and was established as a benchmark for the official response to the riots long before the Scarman Report was published in November 1981.","The need to back the police was accepted by both the Labour and the Conservative speakers in the parliamentary debate on the riots, and was established as a benchmark for the official response to the riots long before the Scarman Report was published in November 1981.","The need to hold the police was accepted by both the Labour and the Conservative speakers in the parliamentary debate on the riots, and was established as a benchmark for the official response to the riots long before the Scarman Report was published in November 1981.",support,back,hold,12,19,16,16,the,police,was, the police was,The need to support the police was,The need to back the police was,The need to hold the police was
munch-judgement-995,995,6922,as6-fragment02-368,ACPROSE,0.375,"The importance of this debate can be explained, partly, by the political capital which the Opposition could make from linking the social and economic malaise of the country at large with violent street disturbances.","The importance of this debate can be explained, partly, by the political capital which the Opposition could make from linking the social and economic troubles of the country at large with violent street disturbances.","The importance of this debate can be explained, partly, by the political capital which the Opposition could make from linking the social and economic uneasiness of the country at large with violent street disturbances.",malaise,troubles,uneasiness,150,157,158,160,of,the,country, of the country,"The importance of this debate can be explained, partly, by the political capital which the Opposition could make from linking the social and economic malaise of the country","The importance of this debate can be explained, partly, by the political capital which the Opposition could make from linking the social and economic troubles of the country","The importance of this debate can be explained, partly, by the political capital which the Opposition could make from linking the social and economic uneasiness of the country"
munch-judgement-996,996,6947,as6-fragment02-378,ACPROSE,0.125,"Hattersley had suggested that the riots were a ‘direct product’ of high levels of youth unemployment, and a furious debate ensued in both Parliament and the media about this assertion.","Hattersley had suggested that the riots were a ‘direct product’ of high rates of youth unemployment, and a furious debate ensued in both Parliament and the media about this assertion.","Hattersley had suggested that the riots were a ‘direct product’ of high altitudes of youth unemployment, and a furious debate ensued in both Parliament and the media about this assertion.",levels,rates,altitudes,72,78,77,81,of,youth,"unemployment,"," of youth unemployment,","Hattersley had suggested that the riots were a ‘direct product’ of high levels of youth unemployment,","Hattersley had suggested that the riots were a ‘direct product’ of high rates of youth unemployment,","Hattersley had suggested that the riots were a ‘direct product’ of high altitudes of youth unemployment,"
munch-judgement-997,997,6947,as6-fragment02-378,ACPROSE,0.125,"Hattersley had suggested that the riots were a ‘direct product’ of high levels of youth unemployment, and a furious debate ensued in both Parliament and the media about this assertion.","Hattersley had suggested that the riots were a ‘direct product’ of high rates of youth unemployment, and a furious debate ensued in both Parliament and the media about this assertion.","Hattersley had suggested that the riots were a ‘direct product’ of high heights of youth unemployment, and a furious debate ensued in both Parliament and the media about this assertion.",levels,rates,heights,72,78,77,79,of,youth,"unemployment,"," of youth unemployment,","Hattersley had suggested that the riots were a ‘direct product’ of high levels of youth unemployment,","Hattersley had suggested that the riots were a ‘direct product’ of high rates of youth unemployment,","Hattersley had suggested that the riots were a ‘direct product’ of high heights of youth unemployment,"
munch-judgement-999,999,6979,as6-fragment02-386,ACPROSE,0.097,Such a move towards greater political integration was seen by Lord Scarman as essential if the gap between inner-city residents and the forces of law and order was to be bridged.,Such a move towards greater political integration was seen by Lord Scarman as essential if the divide between inner-city residents and the forces of law and order was to be bridged.,Such a move towards greater political integration was seen by Lord Scarman as essential if the opening between inner-city residents and the forces of law and order was to be bridged.,gap,divide,opening,95,98,101,102,between,inner-city,residents, between inner-city residents,Such a move towards greater political integration was seen by Lord Scarman as essential if the gap between inner-city residents,Such a move towards greater political integration was seen by Lord Scarman as essential if the divide between inner-city residents,Such a move towards greater political integration was seen by Lord Scarman as essential if the opening between inner-city residents
munch-judgement-1000,1000,6980,as6-fragment02-386,ACPROSE,-0.03,Such a move towards greater political integration was seen by Lord Scarman as essential if the gap between inner-city residents and the forces of law and order was to be bridged.,Such a move towards greater political integration was seen by Lord Scarman as essential if the gap between inner-city residents and the upholders of law and order was to be bridged.,Such a move towards greater political integration was seen by Lord Scarman as essential if the gap between inner-city residents and the forcefulness of law and order was to be bridged.,forces,upholders,forcefulness,136,142,145,148,of,law,and, of law and,Such a move towards greater political integration was seen by Lord Scarman as essential if the gap between inner-city residents and the forces of law and,Such a move towards greater political integration was seen by Lord Scarman as essential if the gap between inner-city residents and the upholders of law and,Such a move towards greater political integration was seen by Lord Scarman as essential if the gap between inner-city residents and the forcefulness of law and
munch-judgement-1001,1001,6980,as6-fragment02-386,ACPROSE,-0.03,Such a move towards greater political integration was seen by Lord Scarman as essential if the gap between inner-city residents and the forces of law and order was to be bridged.,Such a move towards greater political integration was seen by Lord Scarman as essential if the gap between inner-city residents and the upholders of law and order was to be bridged.,Such a move towards greater political integration was seen by Lord Scarman as essential if the gap between inner-city residents and the strengths of law and order was to be bridged.,forces,upholders,strengths,136,142,145,145,of,law,and, of law and,Such a move towards greater political integration was seen by Lord Scarman as essential if the gap between inner-city residents and the forces of law and,Such a move towards greater political integration was seen by Lord Scarman as essential if the gap between inner-city residents and the upholders of law and,Such a move towards greater political integration was seen by Lord Scarman as essential if the gap between inner-city residents and the strengths of law and
munch-judgement-1003,1003,6991,as6-fragment02-388,ACPROSE,0.258,"This did not, however, stop the question of political marginality and the need to reform existing policies from being raised at all, as can be seen subsequently by the attempts after 1981 to introduce both locally and nationally measures which were meant to address some of the grievances of the rioters and to ensure that further disturbances did not occur.","This did not, however, stop the question of political marginality and the need to reform existing policies from being raised at all, as can be seen subsequently by the attempts after 1981 to introduce both locally and nationally procedures which were meant to address some of the grievances of the rioters and to ensure that further disturbances did not occur.","This did not, however, stop the question of political marginality and the need to reform existing policies from being raised at all, as can be seen subsequently by the attempts after 1981 to introduce both locally and nationally measurements which were meant to address some of the grievances of the rioters and to ensure that further disturbances did not occur.",measures,procedures,measurements,229,237,239,241,which,were,meant, which were meant,"This did not, however, stop the question of political marginality and the need to reform existing policies from being raised at all, as can be seen subsequently by the attempts after 1981 to introduce both locally and nationally measures which were meant","This did not, however, stop the question of political marginality and the need to reform existing policies from being raised at all, as can be seen subsequently by the attempts after 1981 to introduce both locally and nationally procedures which were meant","This did not, however, stop the question of political marginality and the need to reform existing policies from being raised at all, as can be seen subsequently by the attempts after 1981 to introduce both locally and nationally measurements which were meant"
munch-judgement-1004,1004,6991,as6-fragment02-388,ACPROSE,0.258,"This did not, however, stop the question of political marginality and the need to reform existing policies from being raised at all, as can be seen subsequently by the attempts after 1981 to introduce both locally and nationally measures which were meant to address some of the grievances of the rioters and to ensure that further disturbances did not occur.","This did not, however, stop the question of political marginality and the need to reform existing policies from being raised at all, as can be seen subsequently by the attempts after 1981 to introduce both locally and nationally procedures which were meant to address some of the grievances of the rioters and to ensure that further disturbances did not occur.","This did not, however, stop the question of political marginality and the need to reform existing policies from being raised at all, as can be seen subsequently by the attempts after 1981 to introduce both locally and nationally measurings which were meant to address some of the grievances of the rioters and to ensure that further disturbances did not occur.",measures,procedures,measurings,229,237,239,239,which,were,meant, which were meant,"This did not, however, stop the question of political marginality and the need to reform existing policies from being raised at all, as can be seen subsequently by the attempts after 1981 to introduce both locally and nationally measures which were meant","This did not, however, stop the question of political marginality and the need to reform existing policies from being raised at all, as can be seen subsequently by the attempts after 1981 to introduce both locally and nationally procedures which were meant","This did not, however, stop the question of political marginality and the need to reform existing policies from being raised at all, as can be seen subsequently by the attempts after 1981 to introduce both locally and nationally measurings which were meant"
munch-judgement-1005,1005,6991,as6-fragment02-388,ACPROSE,0.258,"This did not, however, stop the question of political marginality and the need to reform existing policies from being raised at all, as can be seen subsequently by the attempts after 1981 to introduce both locally and nationally measures which were meant to address some of the grievances of the rioters and to ensure that further disturbances did not occur.","This did not, however, stop the question of political marginality and the need to reform existing policies from being raised at all, as can be seen subsequently by the attempts after 1981 to introduce both locally and nationally procedures which were meant to address some of the grievances of the rioters and to ensure that further disturbances did not occur.","This did not, however, stop the question of political marginality and the need to reform existing policies from being raised at all, as can be seen subsequently by the attempts after 1981 to introduce both locally and nationally mensurations which were meant to address some of the grievances of the rioters and to ensure that further disturbances did not occur.",measures,procedures,mensurations,229,237,239,241,which,were,meant, which were meant,"This did not, however, stop the question of political marginality and the need to reform existing policies from being raised at all, as can be seen subsequently by the attempts after 1981 to introduce both locally and nationally measures which were meant","This did not, however, stop the question of political marginality and the need to reform existing policies from being raised at all, as can be seen subsequently by the attempts after 1981 to introduce both locally and nationally procedures which were meant","This did not, however, stop the question of political marginality and the need to reform existing policies from being raised at all, as can be seen subsequently by the attempts after 1981 to introduce both locally and nationally mensurations which were meant"
munch-judgement-1009,1009,7028,as6-fragment02-400,ACPROSE,0.188,"Peregrine Worsthorne, for example, used the ferocity of the confrontations in Handsworth, Brixton, and Tottenham to argue that there was a major question mark over the possibility of assimilating the ‘coloured population’ into mainstream ‘British values’ (Sunday Telegraph, 29 September 1985).","Peregrine Worsthorne, for example, used the ferocity of the confrontations in Handsworth, Brixton, and Tottenham to argue that there was a major question mark over the possibility of assimilating the ‘non-white population’ into mainstream ‘British values’ (Sunday Telegraph, 29 September 1985).","Peregrine Worsthorne, for example, used the ferocity of the confrontations in Handsworth, Brixton, and Tottenham to argue that there was a major question mark over the possibility of assimilating the ‘colorful population’ into mainstream ‘British values’ (Sunday Telegraph, 29 September 1985).",coloured,non-white,colorful,201,209,210,209,population’,into,mainstream, population’ into mainstream,"Peregrine Worsthorne, for example, used the ferocity of the confrontations in Handsworth, Brixton, and Tottenham to argue that there was a major question mark over the possibility of assimilating the ‘coloured population’ into mainstream","Peregrine Worsthorne, for example, used the ferocity of the confrontations in Handsworth, Brixton, and Tottenham to argue that there was a major question mark over the possibility of assimilating the ‘non-white population’ into mainstream","Peregrine Worsthorne, for example, used the ferocity of the confrontations in Handsworth, Brixton, and Tottenham to argue that there was a major question mark over the possibility of assimilating the ‘colorful population’ into mainstream"
munch-judgement-1010,1010,7032,as6-fragment02-401,ACPROSE,0.312,"To be sure there was still a strong response opposing Enoch Powell's call for repatriation, from all shades of political opinion, but the racialization of public debate about the 1985 riots went much further than 1980–1.","To be sure there was still a strong response opposing Enoch Powell's call for repatriation, from all kinds of political opinion, but the racialization of public debate about the 1985 riots went much further than 1980–1.","To be sure there was still a strong response opposing Enoch Powell's call for repatriation, from all tints of political opinion, but the racialization of public debate about the 1985 riots went much further than 1980–1.",shades,kinds,tints,101,107,106,106,of,political,"opinion,"," of political opinion,","To be sure there was still a strong response opposing Enoch Powell's call for repatriation, from all shades of political opinion,","To be sure there was still a strong response opposing Enoch Powell's call for repatriation, from all kinds of political opinion,","To be sure there was still a strong response opposing Enoch Powell's call for repatriation, from all tints of political opinion,"
munch-judgement-1011,1011,7043,as6-fragment02-404,ACPROSE,-0.094,"After Handsworth part of the press response was to blame the riot on rivalry between West Indians and Asians, and even after the arguments were criticized by local residents; and community leaders, they were used to ‘explain’' what happened.","After Handsworth portions of the press response was to blame the riot on rivalry between West Indians and Asians, and even after the arguments were criticized by local residents; and community leaders, they were used to ‘explain’' what happened.","After Handsworth piece of the press response was to blame the riot on rivalry between West Indians and Asians, and even after the arguments were criticized by local residents; and community leaders, they were used to ‘explain’' what happened.",part,portions,piece,17,21,25,22,of,the,press, of the press,After Handsworth part of the press,After Handsworth portions of the press,After Handsworth piece of the press
munch-judgement-1012,1012,7043,as6-fragment02-404,ACPROSE,-0.094,"After Handsworth part of the press response was to blame the riot on rivalry between West Indians and Asians, and even after the arguments were criticized by local residents; and community leaders, they were used to ‘explain’' what happened.","After Handsworth portions of the press response was to blame the riot on rivalry between West Indians and Asians, and even after the arguments were criticized by local residents; and community leaders, they were used to ‘explain’' what happened.","After Handsworth region of the press response was to blame the riot on rivalry between West Indians and Asians, and even after the arguments were criticized by local residents; and community leaders, they were used to ‘explain’' what happened.",part,portions,region,17,21,25,23,of,the,press, of the press,After Handsworth part of the press,After Handsworth portions of the press,After Handsworth region of the press
munch-judgement-1014,1014,7047,as6-fragment02-405,ACPROSE,0.171,"In addition, the question whether the cultures and values of the black communities, their family structures, and their political attitudes ‘bred violence’ was constantly raised (van Dijk, 1988).","In addition, the question whether the cultures and values of the black communities, their family structures, and their political attitudes ‘produced violence’ was constantly raised (van Dijk, 1988).","In addition, the question whether the cultures and values of the black communities, their family structures, and their political attitudes ‘made violence’ was constantly raised (van Dijk, 1988).",bred,produced,made,140,144,148,144,violence’,was,constantly, violence’ was constantly,"In addition, the question whether the cultures and values of the black communities, their family structures, and their political attitudes ‘bred violence’ was constantly","In addition, the question whether the cultures and values of the black communities, their family structures, and their political attitudes ‘produced violence’ was constantly","In addition, the question whether the cultures and values of the black communities, their family structures, and their political attitudes ‘made violence’ was constantly"
munch-judgement-1015,1015,7047,as6-fragment02-405,ACPROSE,0.171,"In addition, the question whether the cultures and values of the black communities, their family structures, and their political attitudes ‘bred violence’ was constantly raised (van Dijk, 1988).","In addition, the question whether the cultures and values of the black communities, their family structures, and their political attitudes ‘caused violence’ was constantly raised (van Dijk, 1988).","In addition, the question whether the cultures and values of the black communities, their family structures, and their political attitudes ‘made violence’ was constantly raised (van Dijk, 1988).",bred,caused,made,140,144,146,144,violence’,was,constantly, violence’ was constantly,"In addition, the question whether the cultures and values of the black communities, their family structures, and their political attitudes ‘bred violence’ was constantly","In addition, the question whether the cultures and values of the black communities, their family structures, and their political attitudes ‘caused violence’ was constantly","In addition, the question whether the cultures and values of the black communities, their family structures, and their political attitudes ‘made violence’ was constantly"
munch-judgement-1017,1017,7049,as6-fragment02-406,ACPROSE,-0.094,"The actual facts' of who was arrested during the riots, whether black or white, were hardly debated since it was assumed that they were mostly black and mostly unemployed and involved with crime (Keith, 1987).","The actual facts' of who was arrested during the riots, whether black or white, were hardly debated since it was presumed that they were mostly black and mostly unemployed and involved with crime (Keith, 1987).","The actual facts' of who was arrested during the riots, whether black or white, were hardly debated since it was struck that they were mostly black and mostly unemployed and involved with crime (Keith, 1987).",assumed,presumed,struck,113,120,121,119,that,they,were, that they were,"The actual facts' of who was arrested during the riots, whether black or white, were hardly debated since it was assumed that they were","The actual facts' of who was arrested during the riots, whether black or white, were hardly debated since it was presumed that they were","The actual facts' of who was arrested during the riots, whether black or white, were hardly debated since it was struck that they were"
munch-judgement-1018,1018,7055,as6-fragment02-408,ACPROSE,0.125,The Dear Report on Handsworth captures this image and links it to the social condition of young blacks:,The Dear Report on Handsworth encapsulates this image and links it to the social condition of young blacks:,The Dear Report on Handsworth gets this image and links it to the social condition of young blacks:,captures,encapsulates,gets,30,38,42,34,this,image,and, this image and,The Dear Report on Handsworth captures this image and,The Dear Report on Handsworth encapsulates this image and,The Dear Report on Handsworth gets this image and
munch-judgement-1019,1019,7055,as6-fragment02-408,ACPROSE,0.125,The Dear Report on Handsworth captures this image and links it to the social condition of young blacks:,The Dear Report on Handsworth encapsulates this image and links it to the social condition of young blacks:,The Dear Report on Handsworth catches this image and links it to the social condition of young blacks:,captures,encapsulates,catches,30,38,42,37,this,image,and, this image and,The Dear Report on Handsworth captures this image and,The Dear Report on Handsworth encapsulates this image and,The Dear Report on Handsworth catches this image and
munch-judgement-1021,1021,7065,as6-fragment02-411,ACPROSE,-0.194,We share a common sorrow.,We have a common sorrow.,We use a common sorrow.,share,have,use,3,8,7,6,a,common,sorrow., a common sorrow.,We share a common sorrow.,We have a common sorrow.,We use a common sorrow.
munch-judgement-1022,1022,7065,as6-fragment02-411,ACPROSE,-0.194,We share a common sorrow.,We have a common sorrow.,We utilize a common sorrow.,share,have,utilize,3,8,7,10,a,common,sorrow., a common sorrow.,We share a common sorrow.,We have a common sorrow.,We utilize a common sorrow.
munch-judgement-1023,1023,7065,as6-fragment02-411,ACPROSE,-0.194,We share a common sorrow.,We have a common sorrow.,We apply a common sorrow.,share,have,apply,3,8,7,8,a,common,sorrow., a common sorrow.,We share a common sorrow.,We have a common sorrow.,We apply a common sorrow.
munch-judgement-1024,1024,7065,as6-fragment02-411,ACPROSE,-0.194,We share a common sorrow.,We have a common sorrow.,We employ a common sorrow.,share,have,employ,3,8,7,9,a,common,sorrow., a common sorrow.,We share a common sorrow.,We have a common sorrow.,We employ a common sorrow.
munch-judgement-1031,1031,7069,as6-fragment02-414,ACPROSE,0.0,"This ‘black’ criminal minority was constructed not only into the leading force behind the riots, but sometimes as the only force.","This ‘black’ criminal minority was constructed not only into the leading power behind the riots, but sometimes as the only force.","This ‘black’ criminal minority was constructed not only into the leading strength behind the riots, but sometimes as the only force.",force,power,strength,73,78,78,81,behind,the,"riots,"," behind the riots,","This ‘black’ criminal minority was constructed not only into the leading force behind the riots,","This ‘black’ criminal minority was constructed not only into the leading power behind the riots,","This ‘black’ criminal minority was constructed not only into the leading strength behind the riots,"
munch-judgement-1032,1032,7079,as6-fragment02-418,ACPROSE,-0.152,"Images of ‘urban decay’, ‘tinderbox cities’, and ‘ghetto streets’ linked up with the images of ‘race inequality’ and ‘black ghettos’ to produce an analysis more complex but also more contradictory.","Scenes of ‘urban decay’, ‘tinderbox cities’, and ‘ghetto streets’ linked up with the images of ‘race inequality’ and ‘black ghettos’ to produce an analysis more complex but also more contradictory.","icons of ‘urban decay’, ‘tinderbox cities’, and ‘ghetto streets’ linked up with the images of ‘race inequality’ and ‘black ghettos’ to produce an analysis more complex but also more contradictory.",Images,Scenes,icons,0,6,6,5,of,‘urban,"decay’,"," of ‘urban decay’,","Images of ‘urban decay’,","Scenes of ‘urban decay’,","icons of ‘urban decay’,"
munch-judgement-1033,1033,7080,as6-fragment02-418,ACPROSE,0.324,"Images of ‘urban decay’, ‘tinderbox cities’, and ‘ghetto streets’ linked up with the images of ‘race inequality’ and ‘black ghettos’ to produce an analysis more complex but also more contradictory.","Images of ‘urban deterioration’, ‘tinderbox cities’, and ‘ghetto streets’ linked up with the images of ‘race inequality’ and ‘black ghettos’ to produce an analysis more complex but also more contradictory.","Images of ‘urban decomposition’, ‘tinderbox cities’, and ‘ghetto streets’ linked up with the images of ‘race inequality’ and ‘black ghettos’ to produce an analysis more complex but also more contradictory.",decay,deterioration,decomposition,17,22,30,30,‘tinderbox,"cities’,",and,"’, ‘tinderbox cities’, and","Images of ‘urban decay’, ‘tinderbox cities’, and","Images of ‘urban deterioration’, ‘tinderbox cities’, and","Images of ‘urban decomposition’, ‘tinderbox cities’, and"
munch-judgement-1034,1034,7102,as6-fragment02-422,ACPROSE,-0.182,"Even the Daily Mail, which deployed the clearest use of ‘race’ and ‘outside agitator’ arguments, ran a major story on Broadwater Farm under the headline: ‘Burnt-out hulks litter this concrete jungle … despair hangs heavy’ (8 October 1985).","Even the Daily Mail, which deployed the clearest use of ‘race’ and ‘outside agitator’ arguments, published a major story on Broadwater Farm under the headline: ‘Burnt-out hulks litter this concrete jungle … despair hangs heavy’ (8 October 1985).","Even the Daily Mail, which deployed the clearest use of ‘race’ and ‘outside agitator’ arguments, guided a major story on Broadwater Farm under the headline: ‘Burnt-out hulks litter this concrete jungle … despair hangs heavy’ (8 October 1985).",ran,published,guided,97,100,106,103,a,major,story, a major story,"Even the Daily Mail, which deployed the clearest use of ‘race’ and ‘outside agitator’ arguments, ran a major story","Even the Daily Mail, which deployed the clearest use of ‘race’ and ‘outside agitator’ arguments, published a major story","Even the Daily Mail, which deployed the clearest use of ‘race’ and ‘outside agitator’ arguments, guided a major story"
munch-judgement-1035,1035,7102,as6-fragment02-422,ACPROSE,-0.182,"Even the Daily Mail, which deployed the clearest use of ‘race’ and ‘outside agitator’ arguments, ran a major story on Broadwater Farm under the headline: ‘Burnt-out hulks litter this concrete jungle … despair hangs heavy’ (8 October 1985).","Even the Daily Mail, which deployed the clearest use of ‘race’ and ‘outside agitator’ arguments, published a major story on Broadwater Farm under the headline: ‘Burnt-out hulks litter this concrete jungle … despair hangs heavy’ (8 October 1985).","Even the Daily Mail, which deployed the clearest use of ‘race’ and ‘outside agitator’ arguments, drew a major story on Broadwater Farm under the headline: ‘Burnt-out hulks litter this concrete jungle … despair hangs heavy’ (8 October 1985).",ran,published,drew,97,100,106,101,a,major,story, a major story,"Even the Daily Mail, which deployed the clearest use of ‘race’ and ‘outside agitator’ arguments, ran a major story","Even the Daily Mail, which deployed the clearest use of ‘race’ and ‘outside agitator’ arguments, published a major story","Even the Daily Mail, which deployed the clearest use of ‘race’ and ‘outside agitator’ arguments, drew a major story"
munch-judgement-1037,1037,7131,as6-fragment02-426,ACPROSE,0.235,"The Government's record on unemployment was a heavily politicized issue, and just as in 1981 it vehemently denied any responsibility for the riots through its pursuit of free-market policies.","The Government's record on unemployment was a heavily politicized issue, and just as in 1981 it vehemently denied any responsibility for the riots through its enacting of free-market policies.","The Government's record on unemployment was a heavily politicized issue, and just as in 1981 it vehemently denied any responsibility for the riots through its chase of free-market policies.",pursuit,enacting,chase,159,166,167,164,of,free-market,policies., of free-market policies.,"The Government's record on unemployment was a heavily politicized issue, and just as in 1981 it vehemently denied any responsibility for the riots through its pursuit of free-market policies.","The Government's record on unemployment was a heavily politicized issue, and just as in 1981 it vehemently denied any responsibility for the riots through its enacting of free-market policies.","The Government's record on unemployment was a heavily politicized issue, and just as in 1981 it vehemently denied any responsibility for the riots through its chase of free-market policies."
munch-judgement-1038,1038,7139,as6-fragment02-427,ACPROSE,0.25,But the Government did find a way of accepting a link between the riots and social problems without bringing its main policies into the debate: namely by linking the growth of violent disorder to crime and drugs.,But the Government did find a way of accepting a link between the riots and social problems without bringing its main policies into the debate: namely by linking the growth of violent chaos to crime and drugs.,But the Government did find a way of accepting a link between the riots and social problems without bringing its main policies into the debate: namely by linking the growth of violent disorderliness to crime and drugs.,disorder,chaos,disorderliness,184,192,189,198,to,crime,and, to crime and,But the Government did find a way of accepting a link between the riots and social problems without bringing its main policies into the debate: namely by linking the growth of violent disorder to crime and,But the Government did find a way of accepting a link between the riots and social problems without bringing its main policies into the debate: namely by linking the growth of violent chaos to crime and,But the Government did find a way of accepting a link between the riots and social problems without bringing its main policies into the debate: namely by linking the growth of violent disorderliness to crime and
munch-judgement-1039,1039,7147,as6-fragment02-429,ACPROSE,-0.241,"The general form relied on the argument that the riots were not a form of protest against the insufferable social conditions of inner-city areas or the actions of the police, but a ‘criminal act’ or a ‘cry for loot’.","The general form relied on the argument that the riots were not a type of protest against the insufferable social conditions of inner-city areas or the actions of the police, but a ‘criminal act’ or a ‘cry for loot’.","The general form relied on the argument that the riots were not a contour of protest against the insufferable social conditions of inner-city areas or the actions of the police, but a ‘criminal act’ or a ‘cry for loot’.",form,type,contour,66,70,70,73,of,protest,against, of protest against,The general form relied on the argument that the riots were not a form of protest against,The general form relied on the argument that the riots were not a type of protest against,The general form relied on the argument that the riots were not a contour of protest against
munch-judgement-1041,1041,7165,as6-fragment02-435,ACPROSE,0.364,"First, it distanced the riots from the social, economic, political, and other grievances which had been linked to them by locating the cause outside the ‘social problems’ of inner-city dwellers and in the ‘simple greed’ of the drug barons to accumulate ‘loot’.","First, it distanced the riots from the social, economic, political, and other grievances which had been linked to them by locating the cause outside the ‘social problems’ of inner-city dwellers and in the ‘simple greed’ of the drug magnates to accumulate ‘loot’.","First, it distanced the riots from the social, economic, political, and other grievances which had been linked to them by locating the cause outside the ‘social problems’ of inner-city dwellers and in the ‘simple greed’ of the drug nobles to accumulate ‘loot’.",barons,magnates,nobles,232,238,240,238,to,accumulate,‘loot’., to accumulate ‘loot’.,"First, it distanced the riots from the social, economic, political, and other grievances which had been linked to them by locating the cause outside the ‘social problems’ of inner-city dwellers and in the ‘simple greed’ of the drug barons to accumulate ‘loot’.","First, it distanced the riots from the social, economic, political, and other grievances which had been linked to them by locating the cause outside the ‘social problems’ of inner-city dwellers and in the ‘simple greed’ of the drug magnates to accumulate ‘loot’.","First, it distanced the riots from the social, economic, political, and other grievances which had been linked to them by locating the cause outside the ‘social problems’ of inner-city dwellers and in the ‘simple greed’ of the drug nobles to accumulate ‘loot’."
munch-judgement-1045,1045,7174,as6-fragment02-438,ACPROSE,0.088,"Responding to the Handsworth events Douglas Hurd was moved to argue forcibly that such events were senseless and reflected more on those who participated in them than on the society in which they took place: ‘The sound which law abiding people in Handsworth heard on Monday night, the echoes of which I picked up on Tuesday, was not a cry for help but a cry for loot’ (Financial Times, 13 September 1985).","Responding to the Handsworth events Douglas Hurd was moved to argue forcibly that such events were pointless and reflected more on those who participated in them than on the society in which they took place: ‘The sound which law abiding people in Handsworth heard on Monday night, the echoes of which I picked up on Tuesday, was not a cry for help but a cry for loot’ (Financial Times, 13 September 1985).","Responding to the Handsworth events Douglas Hurd was moved to argue forcibly that such events were insensible and reflected more on those who participated in them than on the society in which they took place: ‘The sound which law abiding people in Handsworth heard on Monday night, the echoes of which I picked up on Tuesday, was not a cry for help but a cry for loot’ (Financial Times, 13 September 1985).",senseless,pointless,insensible,99,108,108,109,and,reflected,more, and reflected more,Responding to the Handsworth events Douglas Hurd was moved to argue forcibly that such events were senseless and reflected more,Responding to the Handsworth events Douglas Hurd was moved to argue forcibly that such events were pointless and reflected more,Responding to the Handsworth events Douglas Hurd was moved to argue forcibly that such events were insensible and reflected more
munch-judgement-1046,1046,7178,as6-fragment02-438,ACPROSE,0.545,"Responding to the Handsworth events Douglas Hurd was moved to argue forcibly that such events were senseless and reflected more on those who participated in them than on the society in which they took place: ‘The sound which law abiding people in Handsworth heard on Monday night, the echoes of which I picked up on Tuesday, was not a cry for help but a cry for loot’ (Financial Times, 13 September 1985).","Responding to the Handsworth events Douglas Hurd was moved to argue forcibly that such events were senseless and reflected more on those who participated in them than on the society in which they took place: ‘The sound which law abiding people in Handsworth heard on Monday night, the reverberation of which I picked up on Tuesday, was not a cry for help but a cry for loot’ (Financial Times, 13 September 1985).","Responding to the Handsworth events Douglas Hurd was moved to argue forcibly that such events were senseless and reflected more on those who participated in them than on the society in which they took place: ‘The sound which law abiding people in Handsworth heard on Monday night, the replications of which I picked up on Tuesday, was not a cry for help but a cry for loot’ (Financial Times, 13 September 1985).",echoes,reverberation,replications,285,291,298,297,of,which,I, of which I,"Responding to the Handsworth events Douglas Hurd was moved to argue forcibly that such events were senseless and reflected more on those who participated in them than on the society in which they took place: ‘The sound which law abiding people in Handsworth heard on Monday night, the echoes of which I","Responding to the Handsworth events Douglas Hurd was moved to argue forcibly that such events were senseless and reflected more on those who participated in them than on the society in which they took place: ‘The sound which law abiding people in Handsworth heard on Monday night, the reverberation of which I","Responding to the Handsworth events Douglas Hurd was moved to argue forcibly that such events were senseless and reflected more on those who participated in them than on the society in which they took place: ‘The sound which law abiding people in Handsworth heard on Monday night, the replications of which I"
munch-judgement-1047,1047,7193,as6-fragment02-441,ACPROSE,-0.258,"Such language focused attention on the individuals or groups who were ‘breaking the law’, ‘committing criminal acts’, and threatening the interests of the law-abiding ‘majority’.","Such language fixed attention on the individuals or groups who were ‘breaking the law’, ‘committing criminal acts’, and threatening the interests of the law-abiding ‘majority’.","Such language sharpened attention on the individuals or groups who were ‘breaking the law’, ‘committing criminal acts’, and threatening the interests of the law-abiding ‘majority’.",focused,fixed,sharpened,14,21,19,23,attention,on,the, attention on the,Such language focused attention on the,Such language fixed attention on the,Such language sharpened attention on the
munch-judgement-1048,1048,7196,as6-fragment02-441,ACPROSE,0.188,"Such language focused attention on the individuals or groups who were ‘breaking the law’, ‘committing criminal acts’, and threatening the interests of the law-abiding ‘majority’.","Such language focused attention on the individuals or groups who were ‘breaking the law’, ‘committing criminal acts’, and endangering the interests of the law-abiding ‘majority’.","Such language focused attention on the individuals or groups who were ‘breaking the law’, ‘committing criminal acts’, and warning the interests of the law-abiding ‘majority’.",threatening,endangering,warning,122,133,133,129,the,interests,of, the interests of,"Such language focused attention on the individuals or groups who were ‘breaking the law’, ‘committing criminal acts’, and threatening the interests of","Such language focused attention on the individuals or groups who were ‘breaking the law’, ‘committing criminal acts’, and endangering the interests of","Such language focused attention on the individuals or groups who were ‘breaking the law’, ‘committing criminal acts’, and warning the interests of"
munch-judgement-1049,1049,7201,b17-fragment02-175,ACPROSE,-0.226,This chapter will examine a range of theories which attempt to explain such behaviour.,This chapter will examine a variety of theories which attempt to explain such behaviour.,This chapter will examine a tract of theories which attempt to explain such behaviour.,range,variety,tract,28,33,35,33,of,theories,which, of theories which,This chapter will examine a range of theories which,This chapter will examine a variety of theories which,This chapter will examine a tract of theories which
munch-judgement-1050,1050,7201,b17-fragment02-175,ACPROSE,-0.226,This chapter will examine a range of theories which attempt to explain such behaviour.,This chapter will examine a variety of theories which attempt to explain such behaviour.,This chapter will examine a parcel of theories which attempt to explain such behaviour.,range,variety,parcel,28,33,35,34,of,theories,which, of theories which,This chapter will examine a range of theories which,This chapter will examine a variety of theories which,This chapter will examine a parcel of theories which
munch-judgement-1052,1052,7243,b17-fragment02-201,ACPROSE,0.182,"Most advocates of biological theories do not express themselves in the same bizarre language and style as Lombroso, and such theories of crime are not merely historical relics that died with Lombroso.","Most supporters of biological theories do not express themselves in the same bizarre language and style as Lombroso, and such theories of crime are not merely historical relics that died with Lombroso.","Most counselors of biological theories do not express themselves in the same bizarre language and style as Lombroso, and such theories of crime are not merely historical relics that died with Lombroso.",advocates,supporters,counselors,5,14,15,15,of,biological,theories, of biological theories,Most advocates of biological theories,Most supporters of biological theories,Most counselors of biological theories
munch-judgement-1053,1053,7247,b17-fragment02-202,ACPROSE,-0.206,"In a major study of institutionalised delinquents (delinquents in some form of custody) in the USA in the 1950s, Sheldon and Eleanor Glueck found that delinquent boys were twice as likely to have a mesomorphic build, a chunky, muscular, compared with non-delinquent boys.","In a major study of institutionalised delinquents (delinquents in some type of custody) in the USA in the 1950s, Sheldon and Eleanor Glueck found that delinquent boys were twice as likely to have a mesomorphic build, a chunky, muscular, compared with non-delinquent boys.","In a major study of institutionalised delinquents (delinquents in some contour of custody) in the USA in the 1950s, Sheldon and Eleanor Glueck found that delinquent boys were twice as likely to have a mesomorphic build, a chunky, muscular, compared with non-delinquent boys.",form,type,contour,71,75,75,78,of,custody),in, of custody) in,In a major study of institutionalised delinquents (delinquents in some form of custody) in,In a major study of institutionalised delinquents (delinquents in some type of custody) in,In a major study of institutionalised delinquents (delinquents in some contour of custody) in
munch-judgement-1054,1054,7255,b17-fragment02-205,ACPROSE,-0.294,"Furthermore, it has been found that the association between delinquency on the one hand and height, weight and physique on the other is greatly reduced once social, background factors are taken into account.","Furthermore, it has been discovered that the association between delinquency on the one hand and height, weight and physique on the other is greatly reduced once social, background factors are taken into account.","Furthermore, it has been chanced that the association between delinquency on the one hand and height, weight and physique on the other is greatly reduced once social, background factors are taken into account.",found,discovered,chanced,25,30,35,32,that,the,association, that the association,"Furthermore, it has been found that the association","Furthermore, it has been discovered that the association","Furthermore, it has been chanced that the association"
munch-judgement-1055,1055,7255,b17-fragment02-205,ACPROSE,-0.294,"Furthermore, it has been found that the association between delinquency on the one hand and height, weight and physique on the other is greatly reduced once social, background factors are taken into account.","Furthermore, it has been discovered that the association between delinquency on the one hand and height, weight and physique on the other is greatly reduced once social, background factors are taken into account.","Furthermore, it has been encountered that the association between delinquency on the one hand and height, weight and physique on the other is greatly reduced once social, background factors are taken into account.",found,discovered,encountered,25,30,35,36,that,the,association, that the association,"Furthermore, it has been found that the association","Furthermore, it has been discovered that the association","Furthermore, it has been encountered that the association"
munch-judgement-1057,1057,7259,b17-fragment02-205,ACPROSE,0.324,"Furthermore, it has been found that the association between delinquency on the one hand and height, weight and physique on the other is greatly reduced once social, background factors are taken into account.","Furthermore, it has been found that the association between delinquency on the one hand and height, weight and physique on the other is greatly reduced once social, cultural factors are taken into account.","Furthermore, it has been found that the association between delinquency on the one hand and height, weight and physique on the other is greatly reduced once social, ground factors are taken into account.",background,cultural,ground,165,175,173,171,factors,are,taken, factors are taken,"Furthermore, it has been found that the association between delinquency on the one hand and height, weight and physique on the other is greatly reduced once social, background factors are taken","Furthermore, it has been found that the association between delinquency on the one hand and height, weight and physique on the other is greatly reduced once social, cultural factors are taken","Furthermore, it has been found that the association between delinquency on the one hand and height, weight and physique on the other is greatly reduced once social, ground factors are taken"
munch-judgement-1058,1058,7274,b17-fragment02-210,ACPROSE,0.121,"An individual's degree of extroversion or introversion is inherited, determined by his or her genetic make-up.","An individual's degree of extroversion or introversion is hereditary, determined by his or her genetic make-up.","An individual's degree of extroversion or introversion is gotten, determined by his or her genetic make-up.",inherited,hereditary,gotten,58,67,68,64,determined,by,his,", determined by his","An individual's degree of extroversion or introversion is inherited, determined by his","An individual's degree of extroversion or introversion is hereditary, determined by his","An individual's degree of extroversion or introversion is gotten, determined by his"
munch-judgement-1059,1059,7274,b17-fragment02-210,ACPROSE,0.121,"An individual's degree of extroversion or introversion is inherited, determined by his or her genetic make-up.","An individual's degree of extroversion or introversion is hereditary, determined by his or her genetic make-up.","An individual's degree of extroversion or introversion is acquired, determined by his or her genetic make-up.",inherited,hereditary,acquired,58,67,68,66,determined,by,his,", determined by his","An individual's degree of extroversion or introversion is inherited, determined by his","An individual's degree of extroversion or introversion is hereditary, determined by his","An individual's degree of extroversion or introversion is acquired, determined by his"
munch-judgement-1061,1061,7280,b17-fragment02-212,ACPROSE,0.242,Eysenck then argues that extroversion is the inherited basis of criminal behaviour.,Eysenck then argues that extroversion is the genetic basis of criminal behaviour.,Eysenck then argues that extroversion is the transmitted basis of criminal behaviour.,inherited,genetic,transmitted,45,54,52,56,basis,of,criminal, basis of criminal,Eysenck then argues that extroversion is the inherited basis of criminal,Eysenck then argues that extroversion is the genetic basis of criminal,Eysenck then argues that extroversion is the transmitted basis of criminal
munch-judgement-1062,1062,7282,b17-fragment02-213,ACPROSE,-0.194,"Extroverts take longer to learn the rules of society, they are more likely to break them, and thus more likely become convicted criminals.","Extroverts take longer to learn the regulations of society, they are more likely to break them, and thus more likely become convicted criminals.","Extroverts take longer to learn the rulers of society, they are more likely to break them, and thus more likely become convicted criminals.",rules,regulations,rulers,36,41,47,42,of,"society,",they," of society, they","Extroverts take longer to learn the rules of society, they","Extroverts take longer to learn the regulations of society, they","Extroverts take longer to learn the rulers of society, they"
munch-judgement-1066,1066,7301,b17-fragment02-223,ACPROSE,-0.242,"However, psychological causes are seen as treatable, whereas biological causes mark the individual for life.","However, psychological causes are seen as treatable, whereas biological causes affect the individual for life.","However, psychological causes are seen as treatable, whereas biological causes change the individual for life.",mark,affect,change,79,83,85,85,the,individual,for, the individual for,"However, psychological causes are seen as treatable, whereas biological causes mark the individual for","However, psychological causes are seen as treatable, whereas biological causes affect the individual for","However, psychological causes are seen as treatable, whereas biological causes change the individual for"
munch-judgement-1067,1067,7325,b17-fragment02-231,ACPROSE,0.147,"The problem with assessing the influence of parental and family dimensions, such as weak supervision or parental criminality, is the fact that they are closely linked to various aspects of social and economic disadvantage, such as poverty, overcrowding and poor housing.","The problem with assessing the influence of parental and family dimensions, such as weak supervision or parental criminality, is the fact that they are closely linked to various facets of social and economic disadvantage, such as poverty, overcrowding and poor housing.","The problem with assessing the influence of parental and family dimensions, such as weak supervision or parental criminality, is the fact that they are closely linked to various views of social and economic disadvantage, such as poverty, overcrowding and poor housing.",aspects,facets,views,178,185,184,183,of,social,and, of social and,"The problem with assessing the influence of parental and family dimensions, such as weak supervision or parental criminality, is the fact that they are closely linked to various aspects of social and","The problem with assessing the influence of parental and family dimensions, such as weak supervision or parental criminality, is the fact that they are closely linked to various facets of social and","The problem with assessing the influence of parental and family dimensions, such as weak supervision or parental criminality, is the fact that they are closely linked to various views of social and"
munch-judgement-1068,1068,7325,b17-fragment02-231,ACPROSE,0.147,"The problem with assessing the influence of parental and family dimensions, such as weak supervision or parental criminality, is the fact that they are closely linked to various aspects of social and economic disadvantage, such as poverty, overcrowding and poor housing.","The problem with assessing the influence of parental and family dimensions, such as weak supervision or parental criminality, is the fact that they are closely linked to various facets of social and economic disadvantage, such as poverty, overcrowding and poor housing.","The problem with assessing the influence of parental and family dimensions, such as weak supervision or parental criminality, is the fact that they are closely linked to various prospects of social and economic disadvantage, such as poverty, overcrowding and poor housing.",aspects,facets,prospects,178,185,184,187,of,social,and, of social and,"The problem with assessing the influence of parental and family dimensions, such as weak supervision or parental criminality, is the fact that they are closely linked to various aspects of social and","The problem with assessing the influence of parental and family dimensions, such as weak supervision or parental criminality, is the fact that they are closely linked to various facets of social and","The problem with assessing the influence of parental and family dimensions, such as weak supervision or parental criminality, is the fact that they are closely linked to various prospects of social and"
munch-judgement-1069,1069,7325,b17-fragment02-231,ACPROSE,0.147,"The problem with assessing the influence of parental and family dimensions, such as weak supervision or parental criminality, is the fact that they are closely linked to various aspects of social and economic disadvantage, such as poverty, overcrowding and poor housing.","The problem with assessing the influence of parental and family dimensions, such as weak supervision or parental criminality, is the fact that they are closely linked to various facets of social and economic disadvantage, such as poverty, overcrowding and poor housing.","The problem with assessing the influence of parental and family dimensions, such as weak supervision or parental criminality, is the fact that they are closely linked to various vistas of social and economic disadvantage, such as poverty, overcrowding and poor housing.",aspects,facets,vistas,178,185,184,184,of,social,and, of social and,"The problem with assessing the influence of parental and family dimensions, such as weak supervision or parental criminality, is the fact that they are closely linked to various aspects of social and","The problem with assessing the influence of parental and family dimensions, such as weak supervision or parental criminality, is the fact that they are closely linked to various facets of social and","The problem with assessing the influence of parental and family dimensions, such as weak supervision or parental criminality, is the fact that they are closely linked to various vistas of social and"
munch-judgement-1073,1073,7333,b17-fragment02-235,ACPROSE,-0.273,"To summarise, these biological and psychological theories hold that the criminal is a particular type of person, apart from the rest of society and with a special predisposition toward criminal behaviour.","To summarise, these biological and psychological theories hold that the criminal is a particular type of person, apart from the remainder of society and with a special predisposition toward criminal behaviour.","To summarise, these biological and psychological theories hold that the criminal is a particular type of person, apart from the support of society and with a special predisposition toward criminal behaviour.",rest,remainder,support,128,132,137,135,of,society,and, of society and,"To summarise, these biological and psychological theories hold that the criminal is a particular type of person, apart from the rest of society and","To summarise, these biological and psychological theories hold that the criminal is a particular type of person, apart from the remainder of society and","To summarise, these biological and psychological theories hold that the criminal is a particular type of person, apart from the support of society and"
munch-judgement-1075,1075,7350,b17-fragment02-246,ACPROSE,0.353,"In Chapter One, it was stressed that crime can not be considered aside from its social context, that it is dependent on society defining certain actions as criminal, and on the reaction of others to such actions.","In Chapter One, it was stressed that crime can not be considered aside from its social setting, that it is dependent on society defining certain actions as criminal, and on the reaction of others to such actions.","In Chapter One, it was stressed that crime can not be considered aside from its social discourse, that it is dependent on society defining certain actions as criminal, and on the reaction of others to such actions.",context,setting,discourse,87,94,94,96,that,it,is,", that it is","In Chapter One, it was stressed that crime can not be considered aside from its social context, that it is","In Chapter One, it was stressed that crime can not be considered aside from its social setting, that it is","In Chapter One, it was stressed that crime can not be considered aside from its social discourse, that it is"
munch-judgement-1076,1076,7361,b1g-fragment02-742,ACPROSE,-0.031,In the process it will be necessary to examine not only the extent to which geographic issues feature on the policy issues agenda in these fields but also the institutional context which governs decision-making and the extent to which data are available for research and policy analysis purposes.,In the process it will be necessary to examine not only the extent to which geographic issues feature on the policy issues agenda in these areas but also the institutional context which governs decision-making and the extent to which data are available for research and policy analysis purposes.,In the process it will be necessary to examine not only the extent to which geographic issues feature on the policy issues agenda in these tracts but also the institutional context which governs decision-making and the extent to which data are available for research and policy analysis purposes.,fields,areas,tracts,139,145,144,145,but,also,the, but also the,In the process it will be necessary to examine not only the extent to which geographic issues feature on the policy issues agenda in these fields but also the,In the process it will be necessary to examine not only the extent to which geographic issues feature on the policy issues agenda in these areas but also the,In the process it will be necessary to examine not only the extent to which geographic issues feature on the policy issues agenda in these tracts but also the
munch-judgement-1077,1077,7361,b1g-fragment02-742,ACPROSE,-0.031,In the process it will be necessary to examine not only the extent to which geographic issues feature on the policy issues agenda in these fields but also the institutional context which governs decision-making and the extent to which data are available for research and policy analysis purposes.,In the process it will be necessary to examine not only the extent to which geographic issues feature on the policy issues agenda in these areas but also the institutional context which governs decision-making and the extent to which data are available for research and policy analysis purposes.,In the process it will be necessary to examine not only the extent to which geographic issues feature on the policy issues agenda in these parcels but also the institutional context which governs decision-making and the extent to which data are available for research and policy analysis purposes.,fields,areas,parcels,139,145,144,146,but,also,the, but also the,In the process it will be necessary to examine not only the extent to which geographic issues feature on the policy issues agenda in these fields but also the,In the process it will be necessary to examine not only the extent to which geographic issues feature on the policy issues agenda in these areas but also the,In the process it will be necessary to examine not only the extent to which geographic issues feature on the policy issues agenda in these parcels but also the
munch-judgement-1079,1079,7364,b1g-fragment02-742,ACPROSE,0.029,In the process it will be necessary to examine not only the extent to which geographic issues feature on the policy issues agenda in these fields but also the institutional context which governs decision-making and the extent to which data are available for research and policy analysis purposes.,In the process it will be necessary to examine not only the extent to which geographic issues feature on the policy issues agenda in these fields but also the institutional context which governs decision-making and the degree to which data are available for research and policy analysis purposes.,In the process it will be necessary to examine not only the extent to which geographic issues feature on the policy issues agenda in these fields but also the institutional context which governs decision-making and the magnitude to which data are available for research and policy analysis purposes.,extent,degree,magnitude,219,225,225,228,to,which,data, to which data,In the process it will be necessary to examine not only the extent to which geographic issues feature on the policy issues agenda in these fields but also the institutional context which governs decision-making and the extent to which data,In the process it will be necessary to examine not only the extent to which geographic issues feature on the policy issues agenda in these fields but also the institutional context which governs decision-making and the degree to which data,In the process it will be necessary to examine not only the extent to which geographic issues feature on the policy issues agenda in these fields but also the institutional context which governs decision-making and the magnitude to which data
munch-judgement-1080,1080,7389,b1g-fragment02-748,ACPROSE,-0.176,In this way the chapters in this part present a number of perspectives which essentially complement and amplify the discussion in the previous part.,In this manner the chapters in this part present a number of perspectives which essentially complement and amplify the discussion in the previous part.,In this direction the chapters in this part present a number of perspectives which essentially complement and amplify the discussion in the previous part.,way,manner,direction,8,11,14,17,the,chapters,in, the chapters in,In this way the chapters in,In this manner the chapters in,In this direction the chapters in
munch-judgement-1084,1084,7436,b1g-fragment02-757,ACPROSE,0.091,The range of data sets involved and the demands that are made on GIS technology in applications of this kind are often more limited than those of previous applications fields.,The variety of data sets involved and the demands that are made on GIS technology in applications of this kind are often more limited than those of previous applications fields.,The tract of data sets involved and the demands that are made on GIS technology in applications of this kind are often more limited than those of previous applications fields.,range,variety,tract,4,9,11,9,of,data,sets, of data sets,The range of data sets,The variety of data sets,The tract of data sets
munch-judgement-1085,1085,7436,b1g-fragment02-757,ACPROSE,0.091,The range of data sets involved and the demands that are made on GIS technology in applications of this kind are often more limited than those of previous applications fields.,The variety of data sets involved and the demands that are made on GIS technology in applications of this kind are often more limited than those of previous applications fields.,The parcel of data sets involved and the demands that are made on GIS technology in applications of this kind are often more limited than those of previous applications fields.,range,variety,parcel,4,9,11,10,of,data,sets, of data sets,The range of data sets,The variety of data sets,The parcel of data sets
munch-judgement-1087,1087,7465,b1g-fragment02-763,ACPROSE,0.176,"This highlights the challenges for research in a field categorized by a lack of data for some countries, varying definitions and standards in use, and unreasonably high user expectations.","This highlights the challenges for research in a field categorized by a lack of data for some countries, varying definitions and principles in use, and unreasonably high user expectations.","This highlights the challenges for research in a field categorized by a lack of data for some countries, varying definitions and posts in use, and unreasonably high user expectations.",standards,principles,posts,129,138,139,134,in,"use,",and," in use, and","This highlights the challenges for research in a field categorized by a lack of data for some countries, varying definitions and standards in use, and","This highlights the challenges for research in a field categorized by a lack of data for some countries, varying definitions and principles in use, and","This highlights the challenges for research in a field categorized by a lack of data for some countries, varying definitions and posts in use, and"
munch-judgement-1088,1088,7476,b1g-fragment02-1485,ACPROSE,0.061,"We should first consider the availability and quality of data concerning the populations who may be at risk from the storage and transport of hazardous substances, from toxic air pollution, from flooding and so on.","We should first examine the availability and quality of data concerning the populations who may be at risk from the storage and transport of hazardous substances, from toxic air pollution, from flooding and so on.","We should first regard the availability and quality of data concerning the populations who may be at risk from the storage and transport of hazardous substances, from toxic air pollution, from flooding and so on.",consider,examine,regard,16,24,23,22,the,availability,and, the availability and,We should first consider the availability and,We should first examine the availability and,We should first regard the availability and
munch-judgement-1089,1089,7491,b1g-fragment02-1493,ACPROSE,0.219,"Furthermore, the scales at which population estimates are often required means that even EDs are too coarse for risk assessments.","Furthermore, the scales at which population estimates are often required means that even EDs are too rough for risk assessments.","Furthermore, the scales at which population estimates are often required means that even EDs are too harsh for risk assessments.",coarse,rough,harsh,101,107,106,106,for,risk,assessments., for risk assessments.,"Furthermore, the scales at which population estimates are often required means that even EDs are too coarse for risk assessments.","Furthermore, the scales at which population estimates are often required means that even EDs are too rough for risk assessments.","Furthermore, the scales at which population estimates are often required means that even EDs are too harsh for risk assessments."
munch-judgement-1090,1090,7506,b1g-fragment02-1498,ACPROSE,0.242,A useful research exercise would be to compare the use of census and PAC data in deriving quantitative risk assessments and this is an interesting research problem.,A useful research task would be to compare the use of census and PAC data in deriving quantitative risk assessments and this is an interesting research problem.,A useful research workout would be to compare the use of census and PAC data in deriving quantitative risk assessments and this is an interesting research problem.,exercise,task,workout,18,26,22,25,would,be,to, would be to,A useful research exercise would be to,A useful research task would be to,A useful research workout would be to
munch-judgement-1091,1091,7508,b1g-fragment02-1498,ACPROSE,0.206,A useful research exercise would be to compare the use of census and PAC data in deriving quantitative risk assessments and this is an interesting research problem.,A useful research exercise would be to compare the use of census and PAC data in deriving quantitative risk ratings and this is an interesting research problem.,A useful research exercise would be to compare the use of census and PAC data in deriving quantitative risk charges and this is an interesting research problem.,assessments,ratings,charges,108,119,115,115,and,this,is, and this is,A useful research exercise would be to compare the use of census and PAC data in deriving quantitative risk assessments and this is,A useful research exercise would be to compare the use of census and PAC data in deriving quantitative risk ratings and this is,A useful research exercise would be to compare the use of census and PAC data in deriving quantitative risk charges and this is
munch-judgement-1095,1095,7536,b1g-fragment02-1508,ACPROSE,0.147,"In the USA the Environmental Protection Agency produces an Acute Hazards Events Database while the Department of Transportation has a database recording details of 25 000 releases of toxic materials; such details include locational information, type and amount of material released, mode of release and resulting injuries or deaths (Cutter and Solecki 1989).","In the USA the Environmental Protection Agency produces an Acute Hazards Events Database while the Department of Transportation has a database recording details of 25 000 leaks of toxic materials; such details include locational information, type and amount of material released, mode of release and resulting injuries or deaths (Cutter and Solecki 1989).","In the USA the Environmental Protection Agency produces an Acute Hazards Events Database while the Department of Transportation has a database recording details of 25 000 liberations of toxic materials; such details include locational information, type and amount of material released, mode of release and resulting injuries or deaths (Cutter and Solecki 1989).",releases,leaks,liberations,171,179,176,182,of,toxic,materials;, of toxic materials;,In the USA the Environmental Protection Agency produces an Acute Hazards Events Database while the Department of Transportation has a database recording details of 25 000 releases of toxic materials;,In the USA the Environmental Protection Agency produces an Acute Hazards Events Database while the Department of Transportation has a database recording details of 25 000 leaks of toxic materials;,In the USA the Environmental Protection Agency produces an Acute Hazards Events Database while the Department of Transportation has a database recording details of 25 000 liberations of toxic materials;
munch-judgement-1096,1096,7550,b1g-fragment02-1511,ACPROSE,0.121,"Further afield, we need to recognize that some disasters (most obviously Chernobyl) will have implications for more than one country so that environmental monitoring should take place with some kind of international co-ordination.","Further afield, we need to acknowledge that some disasters (most obviously Chernobyl) will have implications for more than one country so that environmental monitoring should take place with some kind of international co-ordination.","Further afield, we need to distinguish that some disasters (most obviously Chernobyl) will have implications for more than one country so that environmental monitoring should take place with some kind of international co-ordination.",recognize,acknowledge,distinguish,27,36,38,38,that,some,disasters, that some disasters,"Further afield, we need to recognize that some disasters","Further afield, we need to acknowledge that some disasters","Further afield, we need to distinguish that some disasters"
munch-judgement-1097,1097,7554,b1g-fragment02-1512,ACPROSE,0.182,"There will also be movements of hazardous cargoes across frontiers and there are clearly problems of risk assessment and planning for emergencies at or near international boundaries, or at sea and airports.","There will also be movements of hazardous cargoes across frontiers and there are clearly problems of risk rating and planning for emergencies at or near international boundaries, or at sea and airports.","There will also be movements of hazardous cargoes across frontiers and there are clearly problems of risk charge and planning for emergencies at or near international boundaries, or at sea and airports.",assessment,rating,charge,106,116,112,112,and,planning,for, and planning for,There will also be movements of hazardous cargoes across frontiers and there are clearly problems of risk assessment and planning for,There will also be movements of hazardous cargoes across frontiers and there are clearly problems of risk rating and planning for,There will also be movements of hazardous cargoes across frontiers and there are clearly problems of risk charge and planning for
munch-judgement-1098,1098,7558,b1g-fragment02-1513,ACPROSE,0.062,"As noted above, the work of Fedra (1989) is a major step in this direction, and links need to be forged between initiatives in the UK and the rest of Europe.","As noted above, the work of Fedra (1989) is a major step in this area, and links need to be forged between initiatives in the UK and the rest of Europe.","As noted above, the work of Fedra (1989) is a major step in this way, and links need to be forged between initiatives in the UK and the rest of Europe.",direction,area,way,65,74,69,68,and,links,need,", and links need","As noted above, the work of Fedra (1989) is a major step in this direction, and links need","As noted above, the work of Fedra (1989) is a major step in this area, and links need","As noted above, the work of Fedra (1989) is a major step in this way, and links need"
munch-judgement-1099,1099,7567,b1g-fragment02-1517,ACPROSE,-0.057,"The former Hazardous Waste Inspectorate operated a large database on all sites, with details of permitted wastes, including allowable quantities.","The former Hazardous Waste Inspectorate ran a large database on all sites, with details of permitted wastes, including allowable quantities.","The former Hazardous Waste Inspectorate controlled a large database on all sites, with details of permitted wastes, including allowable quantities.",operated,ran,controlled,40,48,43,50,a,large,database, a large database,The former Hazardous Waste Inspectorate operated a large database,The former Hazardous Waste Inspectorate ran a large database,The former Hazardous Waste Inspectorate controlled a large database
munch-judgement-1100,1100,7572,b1g-fragment02-1521,ACPROSE,0.0,Regional health authorities will from time to time produce mortality data at ward level.,Regional health authorities will from time to time create mortality data at ward level.,Regional health authorities will from time to time make mortality data at ward level.,produce,create,make,51,58,57,55,mortality,data,at, mortality data at,Regional health authorities will from time to time produce mortality data at,Regional health authorities will from time to time create mortality data at,Regional health authorities will from time to time make mortality data at
munch-judgement-1106,1106,7600,b1g-fragment02-1535,ACPROSE,-0.171,"Second, family health service authorities (FHSAs), are also required to take on these roles, but from the viewpoint of primary health care services.","Second, family health service authorities (FHSAs), are also required to take on these jobs, but from the viewpoint of primary health care services.","Second, family health service authorities (FHSAs), are also required to take on these characters, but from the viewpoint of primary health care services.",roles,jobs,characters,86,91,90,96,but,from,the,", but from the","Second, family health service authorities (FHSAs), are also required to take on these roles, but from the","Second, family health service authorities (FHSAs), are also required to take on these jobs, but from the","Second, family health service authorities (FHSAs), are also required to take on these characters, but from the"
munch-judgement-1107,1107,7608,b1g-fragment02-1537,ACPROSE,0.265,"Is it, we wonder, possible to contemplate bringing together some of these data sources to form a National Online Health Information System (NOHIS), to parallel that for employment and unemployment (Townsend et al. 1987)?","Is it, we wonder, possible to contemplate bringing together some of these data sources to form a National Online Health Information System (NOHIS), to compare that for employment and unemployment (Townsend et al. 1987)?","Is it, we wonder, possible to contemplate bringing together some of these data sources to form a National Online Health Information System (NOHIS), to collimate that for employment and unemployment (Townsend et al. 1987)?",parallel,compare,collimate,151,159,158,160,that,for,employment, that for employment,"Is it, we wonder, possible to contemplate bringing together some of these data sources to form a National Online Health Information System (NOHIS), to parallel that for employment","Is it, we wonder, possible to contemplate bringing together some of these data sources to form a National Online Health Information System (NOHIS), to compare that for employment","Is it, we wonder, possible to contemplate bringing together some of these data sources to form a National Online Health Information System (NOHIS), to collimate that for employment"
munch-judgement-1108,1108,7631,b1g-fragment02-1548,ACPROSE,-0.147,"Here, in our view, is a classic case of the absence of a geographical input rendering the data of limited value.","Here, in our opinion, is a classic case of the absence of a geographical input rendering the data of limited value.","Here, in our aspect, is a classic case of the absence of a geographical input rendering the data of limited value.",view,opinion,aspect,13,17,20,19,is,a,classic,", is a classic","Here, in our view, is a classic","Here, in our opinion, is a classic","Here, in our aspect, is a classic"
munch-judgement-1109,1109,7631,b1g-fragment02-1548,ACPROSE,-0.147,"Here, in our view, is a classic case of the absence of a geographical input rendering the data of limited value.","Here, in our opinion, is a classic case of the absence of a geographical input rendering the data of limited value.","Here, in our scene, is a classic case of the absence of a geographical input rendering the data of limited value.",view,opinion,scene,13,17,20,18,is,a,classic,", is a classic","Here, in our view, is a classic","Here, in our opinion, is a classic","Here, in our scene, is a classic"
munch-judgement-1110,1110,7631,b1g-fragment02-1548,ACPROSE,-0.147,"Here, in our view, is a classic case of the absence of a geographical input rendering the data of limited value.","Here, in our opinion, is a classic case of the absence of a geographical input rendering the data of limited value.","Here, in our vista, is a classic case of the absence of a geographical input rendering the data of limited value.",view,opinion,vista,13,17,20,18,is,a,classic,", is a classic","Here, in our view, is a classic","Here, in our opinion, is a classic","Here, in our vista, is a classic"
munch-judgement-1111,1111,7631,b1g-fragment02-1548,ACPROSE,-0.147,"Here, in our view, is a classic case of the absence of a geographical input rendering the data of limited value.","Here, in our opinion, is a classic case of the absence of a geographical input rendering the data of limited value.","Here, in our panorama, is a classic case of the absence of a geographical input rendering the data of limited value.",view,opinion,panorama,13,17,20,21,is,a,classic,", is a classic","Here, in our view, is a classic","Here, in our opinion, is a classic","Here, in our panorama, is a classic"
munch-judgement-1118,1118,7682,b1g-fragment02-1569,ACPROSE,0.069,While there is some research activity in linking statistical models to GIS there would seem to be scope for further applications of operations research techniques to GIS problems.,While there is some research activity in linking statistical frameworks to GIS there would seem to be scope for further applications of operations research techniques to GIS problems.,While there is some research activity in linking statistical simulations to GIS there would seem to be scope for further applications of operations research techniques to GIS problems.,models,frameworks,simulations,61,67,71,72,to,GIS,there, to GIS there,While there is some research activity in linking statistical models to GIS there,While there is some research activity in linking statistical frameworks to GIS there,While there is some research activity in linking statistical simulations to GIS there
munch-judgement-1119,1119,7689,b1g-fragment02-1570,ACPROSE,0.235,"Within some sophisticated GIS such as ARC/INFO there are some useful algorithms (such as shortest path calculations), but GIS developers have in general failed to realize the natural links between GIS functions and many operations research techniques.","Within some sophisticated GIS such as ARC/INFO there are some useful algorithms (such as shortest path calculations), but GIS developers have in general failed to realize the natural connections between GIS functions and many operations research techniques.","Within some sophisticated GIS such as ARC/INFO there are some useful algorithms (such as shortest path calculations), but GIS developers have in general failed to realize the natural ties between GIS functions and many operations research techniques.",links,connections,ties,183,188,194,187,between,GIS,functions, between GIS functions,"Within some sophisticated GIS such as ARC/INFO there are some useful algorithms (such as shortest path calculations), but GIS developers have in general failed to realize the natural links between GIS functions","Within some sophisticated GIS such as ARC/INFO there are some useful algorithms (such as shortest path calculations), but GIS developers have in general failed to realize the natural connections between GIS functions","Within some sophisticated GIS such as ARC/INFO there are some useful algorithms (such as shortest path calculations), but GIS developers have in general failed to realize the natural ties between GIS functions"
munch-judgement-1121,1121,7703,b1g-fragment02-1577,ACPROSE,0.273,"This, of course, is the classic transportation problem and its solution is well known.","This, of course, is the classic transportation problem and its fix is well known.","This, of course, is the classic transportation problem and its mixture is well known.",solution,fix,mixture,63,71,66,70,is,well,known., is well known.,"This, of course, is the classic transportation problem and its solution is well known.","This, of course, is the classic transportation problem and its fix is well known.","This, of course, is the classic transportation problem and its mixture is well known."
munch-judgement-1122,1122,7737,bmw-fragment09-2549,FICTION,-0.027,This one was in soft light green with a boxy shaped jacket and narrow skirt and the same green-and-white check material of the little sleeveless blouse had been used to line the jacket and face the wide reveres.,This one was in soft light green with a boxy shaped jacket and narrow skirt and the same green-and-white check material of the little sleeveless blouse had been used to fit the jacket and face the wide reveres.,This one was in soft light green with a boxy shaped jacket and narrow skirt and the same green-and-white check material of the little sleeveless blouse had been used to lie the jacket and face the wide reveres.,line,fit,lie,169,173,172,172,the,jacket,and, the jacket and,This one was in soft light green with a boxy shaped jacket and narrow skirt and the same green-and-white check material of the little sleeveless blouse had been used to line the jacket and,This one was in soft light green with a boxy shaped jacket and narrow skirt and the same green-and-white check material of the little sleeveless blouse had been used to fit the jacket and,This one was in soft light green with a boxy shaped jacket and narrow skirt and the same green-and-white check material of the little sleeveless blouse had been used to lie the jacket and
munch-judgement-1123,1123,7747,bmw-fragment09-2553,FICTION,0.452,But the transformation of a leggy young filly into a sleekly beautiful racehorse had been her doing.,But the transformation of a leggy young filly into a sleekly beautiful charger had been her doing.,But the transformation of a leggy young filly into a sleekly beautiful bangtail had been her doing.,racehorse,charger,bangtail,71,80,78,79,had,been,her, had been her,But the transformation of a leggy young filly into a sleekly beautiful racehorse had been her,But the transformation of a leggy young filly into a sleekly beautiful charger had been her,But the transformation of a leggy young filly into a sleekly beautiful bangtail had been her
munch-judgement-1125,1125,7815,bmw-fragment09-2611,FICTION,-0.057,"From the hostel it was only a short tube ride to South Audley Street where Madame Mattli had her showrooms — yet another advantage, Paula thought, trying to weigh up the points in favour of the hostel, which she hated on sight.","From the hostel it was only a short tube ride to South Audley Street where Madame Mattli had her showrooms — yet another advantage, Paula thought, trying to weigh up the advantages in favour of the hostel, which she hated on sight.","From the hostel it was only a short tube ride to South Audley Street where Madame Mattli had her showrooms — yet another advantage, Paula thought, trying to weigh up the components in favour of the hostel, which she hated on sight.",points,advantages,components,170,176,180,180,in,favour,of, in favour of,"From the hostel it was only a short tube ride to South Audley Street where Madame Mattli had her showrooms — yet another advantage, Paula thought, trying to weigh up the points in favour of","From the hostel it was only a short tube ride to South Audley Street where Madame Mattli had her showrooms — yet another advantage, Paula thought, trying to weigh up the advantages in favour of","From the hostel it was only a short tube ride to South Audley Street where Madame Mattli had her showrooms — yet another advantage, Paula thought, trying to weigh up the components in favour of"
munch-judgement-1126,1126,7815,bmw-fragment09-2611,FICTION,-0.057,"From the hostel it was only a short tube ride to South Audley Street where Madame Mattli had her showrooms — yet another advantage, Paula thought, trying to weigh up the points in favour of the hostel, which she hated on sight.","From the hostel it was only a short tube ride to South Audley Street where Madame Mattli had her showrooms — yet another advantage, Paula thought, trying to weigh up the advantages in favour of the hostel, which she hated on sight.","From the hostel it was only a short tube ride to South Audley Street where Madame Mattli had her showrooms — yet another advantage, Paula thought, trying to weigh up the constituents in favour of the hostel, which she hated on sight.",points,advantages,constituents,170,176,180,182,in,favour,of, in favour of,"From the hostel it was only a short tube ride to South Audley Street where Madame Mattli had her showrooms — yet another advantage, Paula thought, trying to weigh up the points in favour of","From the hostel it was only a short tube ride to South Audley Street where Madame Mattli had her showrooms — yet another advantage, Paula thought, trying to weigh up the advantages in favour of","From the hostel it was only a short tube ride to South Audley Street where Madame Mattli had her showrooms — yet another advantage, Paula thought, trying to weigh up the constituents in favour of"
munch-judgement-1127,1127,7815,bmw-fragment09-2611,FICTION,-0.057,"From the hostel it was only a short tube ride to South Audley Street where Madame Mattli had her showrooms — yet another advantage, Paula thought, trying to weigh up the points in favour of the hostel, which she hated on sight.","From the hostel it was only a short tube ride to South Audley Street where Madame Mattli had her showrooms — yet another advantage, Paula thought, trying to weigh up the advantages in favour of the hostel, which she hated on sight.","From the hostel it was only a short tube ride to South Audley Street where Madame Mattli had her showrooms — yet another advantage, Paula thought, trying to weigh up the elements in favour of the hostel, which she hated on sight.",points,advantages,elements,170,176,180,178,in,favour,of, in favour of,"From the hostel it was only a short tube ride to South Audley Street where Madame Mattli had her showrooms — yet another advantage, Paula thought, trying to weigh up the points in favour of","From the hostel it was only a short tube ride to South Audley Street where Madame Mattli had her showrooms — yet another advantage, Paula thought, trying to weigh up the advantages in favour of","From the hostel it was only a short tube ride to South Audley Street where Madame Mattli had her showrooms — yet another advantage, Paula thought, trying to weigh up the elements in favour of"
munch-judgement-1128,1128,7815,bmw-fragment09-2611,FICTION,-0.057,"From the hostel it was only a short tube ride to South Audley Street where Madame Mattli had her showrooms — yet another advantage, Paula thought, trying to weigh up the points in favour of the hostel, which she hated on sight.","From the hostel it was only a short tube ride to South Audley Street where Madame Mattli had her showrooms — yet another advantage, Paula thought, trying to weigh up the advantages in favour of the hostel, which she hated on sight.","From the hostel it was only a short tube ride to South Audley Street where Madame Mattli had her showrooms — yet another advantage, Paula thought, trying to weigh up the factors in favour of the hostel, which she hated on sight.",points,advantages,factors,170,176,180,177,in,favour,of, in favour of,"From the hostel it was only a short tube ride to South Audley Street where Madame Mattli had her showrooms — yet another advantage, Paula thought, trying to weigh up the points in favour of","From the hostel it was only a short tube ride to South Audley Street where Madame Mattli had her showrooms — yet another advantage, Paula thought, trying to weigh up the advantages in favour of","From the hostel it was only a short tube ride to South Audley Street where Madame Mattli had her showrooms — yet another advantage, Paula thought, trying to weigh up the factors in favour of"
munch-judgement-1129,1129,7815,bmw-fragment09-2611,FICTION,-0.057,"From the hostel it was only a short tube ride to South Audley Street where Madame Mattli had her showrooms — yet another advantage, Paula thought, trying to weigh up the points in favour of the hostel, which she hated on sight.","From the hostel it was only a short tube ride to South Audley Street where Madame Mattli had her showrooms — yet another advantage, Paula thought, trying to weigh up the advantages in favour of the hostel, which she hated on sight.","From the hostel it was only a short tube ride to South Audley Street where Madame Mattli had her showrooms — yet another advantage, Paula thought, trying to weigh up the ingredients in favour of the hostel, which she hated on sight.",points,advantages,ingredients,170,176,180,181,in,favour,of, in favour of,"From the hostel it was only a short tube ride to South Audley Street where Madame Mattli had her showrooms — yet another advantage, Paula thought, trying to weigh up the points in favour of","From the hostel it was only a short tube ride to South Audley Street where Madame Mattli had her showrooms — yet another advantage, Paula thought, trying to weigh up the advantages in favour of","From the hostel it was only a short tube ride to South Audley Street where Madame Mattli had her showrooms — yet another advantage, Paula thought, trying to weigh up the ingredients in favour of"
munch-judgement-1140,1140,7820,bmw-fragment09-2614,FICTION,0.176,"And at least she was in London, centre of the British fashion industry.","And at least she was in London, heart of the British fashion industry.","And at least she was in London, middle of the British fashion industry.",centre,heart,middle,32,38,37,38,of,the,British, of the British,"And at least she was in London, centre of the British","And at least she was in London, heart of the British","And at least she was in London, middle of the British"
munch-judgement-1143,1143,7839,bmw-fragment09-2623,FICTION,0.059,"This, Paula soon discovered, was the way of the fashion world — a constant frantic rush against the clock, to have collections ready on time or to complete individual couture garments for customers who always considered their order more urgent, more important, than that of anyone else.","This, Paula soon discovered, was the way of the fashion industry — a constant frantic rush against the clock, to have collections ready on time or to complete individual couture garments for customers who always considered their order more urgent, more important, than that of anyone else.","This, Paula soon discovered, was the way of the fashion Earth — a constant frantic rush against the clock, to have collections ready on time or to complete individual couture garments for customers who always considered their order more urgent, more important, than that of anyone else.",world,industry,Earth,56,61,64,61,a,constant,frantic, — a constant frantic,"This, Paula soon discovered, was the way of the fashion world — a constant frantic","This, Paula soon discovered, was the way of the fashion industry — a constant frantic","This, Paula soon discovered, was the way of the fashion Earth — a constant frantic"
munch-judgement-1144,1144,7839,bmw-fragment09-2623,FICTION,0.059,"This, Paula soon discovered, was the way of the fashion world — a constant frantic rush against the clock, to have collections ready on time or to complete individual couture garments for customers who always considered their order more urgent, more important, than that of anyone else.","This, Paula soon discovered, was the way of the fashion industry — a constant frantic rush against the clock, to have collections ready on time or to complete individual couture garments for customers who always considered their order more urgent, more important, than that of anyone else.","This, Paula soon discovered, was the way of the fashion globe — a constant frantic rush against the clock, to have collections ready on time or to complete individual couture garments for customers who always considered their order more urgent, more important, than that of anyone else.",world,industry,globe,56,61,64,61,a,constant,frantic, — a constant frantic,"This, Paula soon discovered, was the way of the fashion world — a constant frantic","This, Paula soon discovered, was the way of the fashion industry — a constant frantic","This, Paula soon discovered, was the way of the fashion globe — a constant frantic"
munch-judgement-1147,1147,7865,bmw-fragment09-2635,FICTION,-0.176,"In the long hours when there were no customers to show she was expected to lend a hand with some of the unskilled tasks — running errands and making tea, unpicking a seam or a hem, even sewing on a button or a hook and eye when she had been taught the proper way to do it.","In the long hours when there were no customers to show she was expected to lend a hand with some of the unskilled tasks — doing errands and making tea, unpicking a seam or a hem, even sewing on a button or a hook and eye when she had been taught the proper way to do it.","In the long hours when there were no customers to show she was expected to lend a hand with some of the unskilled tasks — speeding errands and making tea, unpicking a seam or a hem, even sewing on a button or a hook and eye when she had been taught the proper way to do it.",running,doing,speeding,122,129,127,130,errands,and,making, errands and making,In the long hours when there were no customers to show she was expected to lend a hand with some of the unskilled tasks — running errands and making,In the long hours when there were no customers to show she was expected to lend a hand with some of the unskilled tasks — doing errands and making,In the long hours when there were no customers to show she was expected to lend a hand with some of the unskilled tasks — speeding errands and making
munch-judgement-1148,1148,7865,bmw-fragment09-2635,FICTION,-0.176,"In the long hours when there were no customers to show she was expected to lend a hand with some of the unskilled tasks — running errands and making tea, unpicking a seam or a hem, even sewing on a button or a hook and eye when she had been taught the proper way to do it.","In the long hours when there were no customers to show she was expected to lend a hand with some of the unskilled tasks — doing errands and making tea, unpicking a seam or a hem, even sewing on a button or a hook and eye when she had been taught the proper way to do it.","In the long hours when there were no customers to show she was expected to lend a hand with some of the unskilled tasks — hurrying errands and making tea, unpicking a seam or a hem, even sewing on a button or a hook and eye when she had been taught the proper way to do it.",running,doing,hurrying,122,129,127,130,errands,and,making, errands and making,In the long hours when there were no customers to show she was expected to lend a hand with some of the unskilled tasks — running errands and making,In the long hours when there were no customers to show she was expected to lend a hand with some of the unskilled tasks — doing errands and making,In the long hours when there were no customers to show she was expected to lend a hand with some of the unskilled tasks — hurrying errands and making
munch-judgement-1149,1149,7865,bmw-fragment09-2635,FICTION,-0.176,"In the long hours when there were no customers to show she was expected to lend a hand with some of the unskilled tasks — running errands and making tea, unpicking a seam or a hem, even sewing on a button or a hook and eye when she had been taught the proper way to do it.","In the long hours when there were no customers to show she was expected to lend a hand with some of the unskilled tasks — doing errands and making tea, unpicking a seam or a hem, even sewing on a button or a hook and eye when she had been taught the proper way to do it.","In the long hours when there were no customers to show she was expected to lend a hand with some of the unskilled tasks — zipping errands and making tea, unpicking a seam or a hem, even sewing on a button or a hook and eye when she had been taught the proper way to do it.",running,doing,zipping,122,129,127,129,errands,and,making, errands and making,In the long hours when there were no customers to show she was expected to lend a hand with some of the unskilled tasks — running errands and making,In the long hours when there were no customers to show she was expected to lend a hand with some of the unskilled tasks — doing errands and making,In the long hours when there were no customers to show she was expected to lend a hand with some of the unskilled tasks — zipping errands and making
munch-judgement-1153,1153,7872,bmw-fragment09-2641,FICTION,-0.206,The other girls disliked her for her outstanding looks and her haughty ways and made no attempt to be friendly on anything but the most superficial level and the pattern cutters and sewing hands hurried home to their families and boyfriends the moment they finished their long day's work.,The other girls disliked her for her outstanding looks and her haughty manner and made no attempt to be friendly on anything but the most superficial level and the pattern cutters and sewing hands hurried home to their families and boyfriends the moment they finished their long day's work.,The other girls disliked her for her outstanding looks and her haughty directions and made no attempt to be friendly on anything but the most superficial level and the pattern cutters and sewing hands hurried home to their families and boyfriends the moment they finished their long day's work.,ways,manner,directions,71,75,77,81,and,made,no, and made no,The other girls disliked her for her outstanding looks and her haughty ways and made no,The other girls disliked her for her outstanding looks and her haughty manner and made no,The other girls disliked her for her outstanding looks and her haughty directions and made no
munch-judgement-1154,1154,7874,bmw-fragment09-2641,FICTION,-0.029,The other girls disliked her for her outstanding looks and her haughty ways and made no attempt to be friendly on anything but the most superficial level and the pattern cutters and sewing hands hurried home to their families and boyfriends the moment they finished their long day's work.,The other girls disliked her for her outstanding looks and her haughty ways and made no attempt to be friendly on anything but the most superficial degree and the pattern cutters and sewing hands hurried home to their families and boyfriends the moment they finished their long day's work.,The other girls disliked her for her outstanding looks and her haughty ways and made no attempt to be friendly on anything but the most superficial altitude and the pattern cutters and sewing hands hurried home to their families and boyfriends the moment they finished their long day's work.,level,degree,altitude,148,153,154,156,and,the,pattern, and the pattern,The other girls disliked her for her outstanding looks and her haughty ways and made no attempt to be friendly on anything but the most superficial level and the pattern,The other girls disliked her for her outstanding looks and her haughty ways and made no attempt to be friendly on anything but the most superficial degree and the pattern,The other girls disliked her for her outstanding looks and her haughty ways and made no attempt to be friendly on anything but the most superficial altitude and the pattern
munch-judgement-1155,1155,7874,bmw-fragment09-2641,FICTION,-0.029,The other girls disliked her for her outstanding looks and her haughty ways and made no attempt to be friendly on anything but the most superficial level and the pattern cutters and sewing hands hurried home to their families and boyfriends the moment they finished their long day's work.,The other girls disliked her for her outstanding looks and her haughty ways and made no attempt to be friendly on anything but the most superficial degree and the pattern cutters and sewing hands hurried home to their families and boyfriends the moment they finished their long day's work.,The other girls disliked her for her outstanding looks and her haughty ways and made no attempt to be friendly on anything but the most superficial height and the pattern cutters and sewing hands hurried home to their families and boyfriends the moment they finished their long day's work.,level,degree,height,148,153,154,154,and,the,pattern, and the pattern,The other girls disliked her for her outstanding looks and her haughty ways and made no attempt to be friendly on anything but the most superficial level and the pattern,The other girls disliked her for her outstanding looks and her haughty ways and made no attempt to be friendly on anything but the most superficial degree and the pattern,The other girls disliked her for her outstanding looks and her haughty ways and made no attempt to be friendly on anything but the most superficial height and the pattern
munch-judgement-1157,1157,7902,bmw-fragment09-2681,FICTION,0.143,Dimples played in his cheeks.,Dimples appeared in his cheeks.,Dimples competed in his cheeks.,played,appeared,competed,8,14,16,16,in,his,cheeks., in his cheeks.,Dimples played in his cheeks.,Dimples appeared in his cheeks.,Dimples competed in his cheeks.
munch-judgement-1158,1158,7902,bmw-fragment09-2681,FICTION,0.143,Dimples played in his cheeks.,Dimples appeared in his cheeks.,Dimples recreated in his cheeks.,played,appeared,recreated,8,14,16,17,in,his,cheeks., in his cheeks.,Dimples played in his cheeks.,Dimples appeared in his cheeks.,Dimples recreated in his cheeks.
munch-judgement-1160,1160,7935,bmw-fragment09-2724,FICTION,-0.067,"They walked back to South Audley Street together, weaving their way through the lunchtime crowds on the pavements, the tall, striking girl and the young man whose pixieish looks belied his twenty-six years.","They walked back to South Audley Street together, weaving their way through the lunchtime crowds on the pavements, the tall, striking girl and the young man whose pixieish appearance belied his twenty-six years.","They walked back to South Audley Street together, weaving their way through the lunchtime crowds on the pavements, the tall, striking girl and the young man whose pixieish lookings belied his twenty-six years.",looks,appearance,lookings,172,177,182,180,belied,his,twenty-six, belied his twenty-six,"They walked back to South Audley Street together, weaving their way through the lunchtime crowds on the pavements, the tall, striking girl and the young man whose pixieish looks belied his twenty-six","They walked back to South Audley Street together, weaving their way through the lunchtime crowds on the pavements, the tall, striking girl and the young man whose pixieish appearance belied his twenty-six","They walked back to South Audley Street together, weaving their way through the lunchtime crowds on the pavements, the tall, striking girl and the young man whose pixieish lookings belied his twenty-six"
munch-judgement-1162,1162,7957,bmw-fragment09-2760,FICTION,0.03,Close though her friendship with Gary had become she had never once breathed a word to him about the new collections she saw taking shape at Mattli — and as for ‘pillow talk’ the notion was absurd.,Close though her friendship with Gary had become she had never once said a word to him about the new collections she saw taking shape at Mattli — and as for ‘pillow talk’ the notion was absurd.,Close though her friendship with Gary had become she had never once suspired a word to him about the new collections she saw taking shape at Mattli — and as for ‘pillow talk’ the notion was absurd.,breathed,said,suspired,68,76,72,76,a,word,to, a word to,Close though her friendship with Gary had become she had never once breathed a word to,Close though her friendship with Gary had become she had never once said a word to,Close though her friendship with Gary had become she had never once suspired a word to
munch-judgement-1163,1163,7985,bmw-fragment09-2783,FICTION,0.206,"And I warn you, if any of my designs or anything like them turn up in the showroom at the House of Oliver I shall sue — and win the sort of damages that will put your little friend out of business for good.","And I warn you, if any of my designs or anything like them turn up in the showroom at the House of Oliver I shall sue — and win the sort of compensation that will put your little friend out of business for good.","And I warn you, if any of my designs or anything like them turn up in the showroom at the House of Oliver I shall sue — and win the sort of impairments that will put your little friend out of business for good.",damages,compensation,impairments,140,147,152,151,that,will,put, that will put,"And I warn you, if any of my designs or anything like them turn up in the showroom at the House of Oliver I shall sue — and win the sort of damages that will put","And I warn you, if any of my designs or anything like them turn up in the showroom at the House of Oliver I shall sue — and win the sort of compensation that will put","And I warn you, if any of my designs or anything like them turn up in the showroom at the House of Oliver I shall sue — and win the sort of impairments that will put"
munch-judgement-1164,1164,7996,bmw-fragment09-2790,FICTION,0.312,"Gary was in the workroom when Paula arrived, pinning a length of vibrant pink chiffon sarong-style around one of his models.","Gary was in the workroom when Paula arrived, pinning a length of bright pink chiffon sarong-style around one of his models.","Gary was in the workroom when Paula arrived, pinning a length of vivacious pink chiffon sarong-style around one of his models.",vibrant,bright,vivacious,65,72,71,74,pink,chiffon,sarong-style, pink chiffon sarong-style,"Gary was in the workroom when Paula arrived, pinning a length of vibrant pink chiffon sarong-style","Gary was in the workroom when Paula arrived, pinning a length of bright pink chiffon sarong-style","Gary was in the workroom when Paula arrived, pinning a length of vivacious pink chiffon sarong-style"
munch-judgement-1165,1165,7998,bmw-fragment09-2793,FICTION,0.471,Paula perched herself against the cutting table trying to look nonchalant.,Paula rested herself against the cutting table trying to look nonchalant.,Paula roosted herself against the cutting table trying to look nonchalant.,perched,rested,roosted,6,13,12,13,herself,against,the, herself against the,Paula perched herself against the,Paula rested herself against the,Paula roosted herself against the
munch-judgement-1166,1166,8060,bpa-fragment14-2037,FICTION,0.182,"Tense, facing outwards, Forster, Lawton and Nell guarded Delaney as he intoned the seaman's prayer of interment, and then committed the canvas bag to the ocean.","Tense, facing outwards, Forster, Lawton and Nell guarded Delaney as he intoned the seaman's prayer of interment, and then gave the canvas bag to the ocean.","Tense, facing outwards, Forster, Lawton and Nell guarded Delaney as he intoned the seaman's prayer of interment, and then institutionalized the canvas bag to the ocean.",committed,gave,institutionalized,122,131,126,139,the,canvas,bag, the canvas bag,"Tense, facing outwards, Forster, Lawton and Nell guarded Delaney as he intoned the seaman's prayer of interment, and then committed the canvas bag","Tense, facing outwards, Forster, Lawton and Nell guarded Delaney as he intoned the seaman's prayer of interment, and then gave the canvas bag","Tense, facing outwards, Forster, Lawton and Nell guarded Delaney as he intoned the seaman's prayer of interment, and then institutionalized the canvas bag"
munch-judgement-1167,1167,8060,bpa-fragment14-2037,FICTION,0.182,"Tense, facing outwards, Forster, Lawton and Nell guarded Delaney as he intoned the seaman's prayer of interment, and then committed the canvas bag to the ocean.","Tense, facing outwards, Forster, Lawton and Nell guarded Delaney as he intoned the seaman's prayer of interment, and then gave the canvas bag to the ocean.","Tense, facing outwards, Forster, Lawton and Nell guarded Delaney as he intoned the seaman's prayer of interment, and then charged the canvas bag to the ocean.",committed,gave,charged,122,131,126,129,the,canvas,bag, the canvas bag,"Tense, facing outwards, Forster, Lawton and Nell guarded Delaney as he intoned the seaman's prayer of interment, and then committed the canvas bag","Tense, facing outwards, Forster, Lawton and Nell guarded Delaney as he intoned the seaman's prayer of interment, and then gave the canvas bag","Tense, facing outwards, Forster, Lawton and Nell guarded Delaney as he intoned the seaman's prayer of interment, and then charged the canvas bag"
munch-judgement-1169,1169,8144,bpa-fragment14-2136,FICTION,-0.294,"The only problem was if — he corrected himself — when it came, which side turning, if any, would it use.","The only problem was if — he amended himself — when it came, which side turning, if any, would it use.","The only problem was if — he adjusted himself — when it came, which side turning, if any, would it use.",corrected,amended,adjusted,29,38,36,37,himself,when,it, himself — when it,The only problem was if — he corrected himself — when it,The only problem was if — he amended himself — when it,The only problem was if — he adjusted himself — when it
munch-judgement-1170,1170,8144,bpa-fragment14-2136,FICTION,-0.294,"The only problem was if — he corrected himself — when it came, which side turning, if any, would it use.","The only problem was if — he amended himself — when it came, which side turning, if any, would it use.","The only problem was if — he set himself — when it came, which side turning, if any, would it use.",corrected,amended,set,29,38,36,32,himself,when,it, himself — when it,The only problem was if — he corrected himself — when it,The only problem was if — he amended himself — when it,The only problem was if — he set himself — when it
munch-judgement-1172,1172,8162,bpa-fragment14-2154,FICTION,0.0,"Delaney took risks, plummeting feet first through the hatchways, and partly breaking his descent with the handrails, falling like a parachutist, rolling instantly deploying his Uzi against …","Delaney took risks, plummeting feet first through the hatchways, and partly slowing his descent with the handrails, falling like a parachutist, rolling instantly deploying his Uzi against …","Delaney took risks, plummeting feet first through the hatchways, and partly separating his descent with the handrails, falling like a parachutist, rolling instantly deploying his Uzi against …",breaking,slowing,separating,76,84,83,86,his,descent,with, his descent with,"Delaney took risks, plummeting feet first through the hatchways, and partly breaking his descent with","Delaney took risks, plummeting feet first through the hatchways, and partly slowing his descent with","Delaney took risks, plummeting feet first through the hatchways, and partly separating his descent with"
munch-judgement-1173,1173,8162,bpa-fragment14-2154,FICTION,0.0,"Delaney took risks, plummeting feet first through the hatchways, and partly breaking his descent with the handrails, falling like a parachutist, rolling instantly deploying his Uzi against …","Delaney took risks, plummeting feet first through the hatchways, and partly slowing his descent with the handrails, falling like a parachutist, rolling instantly deploying his Uzi against …","Delaney took risks, plummeting feet first through the hatchways, and partly dividing his descent with the handrails, falling like a parachutist, rolling instantly deploying his Uzi against …",breaking,slowing,dividing,76,84,83,84,his,descent,with, his descent with,"Delaney took risks, plummeting feet first through the hatchways, and partly breaking his descent with","Delaney took risks, plummeting feet first through the hatchways, and partly slowing his descent with","Delaney took risks, plummeting feet first through the hatchways, and partly dividing his descent with"
munch-judgement-1175,1175,8216,bpa-fragment14-2241,FICTION,0.028,If I succeed it will unlock a lot of the mystery of what's been done on Titron.,If I succeed it will solve a lot of the mystery of what's been done on Titron.,If I succeed it will open a lot of the mystery of what's been done on Titron.,unlock,solve,open,21,27,26,25,a,lot,of, a lot of,If I succeed it will unlock a lot of,If I succeed it will solve a lot of,If I succeed it will open a lot of
munch-judgement-1178,1178,8237,bpa-fragment14-2278,FICTION,0.206,"He gave him a hand with a large oil drum, and then another, as Nell, tearing herself from her appointed task, dragged over a bench.","He gave him a hand with a large oil drum, and then another, as Nell, wrenching herself from her appointed task, dragged over a bench.","He gave him a hand with a large oil drum, and then another, as Nell, rupturing herself from her appointed task, dragged over a bench.",tearing,wrenching,rupturing,69,76,78,78,herself,from,her, herself from her,"He gave him a hand with a large oil drum, and then another, as Nell, tearing herself from her","He gave him a hand with a large oil drum, and then another, as Nell, wrenching herself from her","He gave him a hand with a large oil drum, and then another, as Nell, rupturing herself from her"
munch-judgement-1179,1179,8237,bpa-fragment14-2278,FICTION,0.206,"He gave him a hand with a large oil drum, and then another, as Nell, tearing herself from her appointed task, dragged over a bench.","He gave him a hand with a large oil drum, and then another, as Nell, wrenching herself from her appointed task, dragged over a bench.","He gave him a hand with a large oil drum, and then another, as Nell, snapping herself from her appointed task, dragged over a bench.",tearing,wrenching,snapping,69,76,78,77,herself,from,her, herself from her,"He gave him a hand with a large oil drum, and then another, as Nell, tearing herself from her","He gave him a hand with a large oil drum, and then another, as Nell, wrenching herself from her","He gave him a hand with a large oil drum, and then another, as Nell, snapping herself from her"
munch-judgement-1180,1180,8237,bpa-fragment14-2278,FICTION,0.206,"He gave him a hand with a large oil drum, and then another, as Nell, tearing herself from her appointed task, dragged over a bench.","He gave him a hand with a large oil drum, and then another, as Nell, wrenching herself from her appointed task, dragged over a bench.","He gave him a hand with a large oil drum, and then another, as Nell, busting herself from her appointed task, dragged over a bench.",tearing,wrenching,busting,69,76,78,76,herself,from,her, herself from her,"He gave him a hand with a large oil drum, and then another, as Nell, tearing herself from her","He gave him a hand with a large oil drum, and then another, as Nell, wrenching herself from her","He gave him a hand with a large oil drum, and then another, as Nell, busting herself from her"
munch-judgement-1185,1185,8306,c8t-fragment01-10,FICTION,0.485,"To his right the ground rose gently towards the southern cliffs and he could see the dark mouth of a concrete pillbox, undemolished since the war, and as seemingly indestructible as the great hulks of wave-battered concrete, remnants of the old fortifications which lay half-submerged in the sand along part of the beach.","To his right the ground rose gently towards the southern cliffs and he could see the dark mouth of a concrete guard-house, undemolished since the war, and as seemingly indestructible as the great hulks of wave-battered concrete, remnants of the old fortifications which lay half-submerged in the sand along part of the beach.","To his right the ground rose gently towards the southern cliffs and he could see the dark mouth of a concrete case, undemolished since the war, and as seemingly indestructible as the great hulks of wave-battered concrete, remnants of the old fortifications which lay half-submerged in the sand along part of the beach.",pillbox,guard-house,case,110,117,121,114,undemolished,since,the,", undemolished since the","To his right the ground rose gently towards the southern cliffs and he could see the dark mouth of a concrete pillbox, undemolished since the","To his right the ground rose gently towards the southern cliffs and he could see the dark mouth of a concrete guard-house, undemolished since the","To his right the ground rose gently towards the southern cliffs and he could see the dark mouth of a concrete case, undemolished since the"
munch-judgement-1186,1186,8311,c8t-fragment01-11,FICTION,0.471,"To the north the broken arches and stumps of the ruined Benedictine abbey gleamed golden in the afternoon sun against the crinkled blue of the sea and, breasting a small ridge, he glimpsed for the first time the topsail of Larksoken Mill and beyond it, against the skyline, the great grey bulk of Larksoken Nuclear power Station.","To the north the broken arches and stumps of the ruined Benedictine abbey gleamed orange in the afternoon sun against the crinkled blue of the sea and, breasting a small ridge, he glimpsed for the first time the topsail of Larksoken Mill and beyond it, against the skyline, the great grey bulk of Larksoken Nuclear power Station.","To the north the broken arches and stumps of the ruined Benedictine abbey gleamed gold in the afternoon sun against the crinkled blue of the sea and, breasting a small ridge, he glimpsed for the first time the topsail of Larksoken Mill and beyond it, against the skyline, the great grey bulk of Larksoken Nuclear power Station.",golden,orange,gold,82,88,88,86,in,the,afternoon, in the afternoon,To the north the broken arches and stumps of the ruined Benedictine abbey gleamed golden in the afternoon,To the north the broken arches and stumps of the ruined Benedictine abbey gleamed orange in the afternoon,To the north the broken arches and stumps of the ruined Benedictine abbey gleamed gold in the afternoon
munch-judgement-1187,1187,8316,c8t-fragment01-13,FICTION,0.333,"The headland was empty and almost bare, the few straggling trees, distorted by the wind, struggled to keep their precarious hold in the uncompromising soil.","The headland was empty and almost barren, the few straggling trees, distorted by the wind, struggled to keep their precarious hold in the uncompromising soil.","The headland was empty and almost naked, the few straggling trees, distorted by the wind, struggled to keep their precarious hold in the uncompromising soil.",bare,barren,naked,34,38,40,39,the,few,straggling,", the few straggling","The headland was empty and almost bare, the few straggling","The headland was empty and almost barren, the few straggling","The headland was empty and almost naked, the few straggling"
munch-judgement-1188,1188,8316,c8t-fragment01-13,FICTION,0.333,"The headland was empty and almost bare, the few straggling trees, distorted by the wind, struggled to keep their precarious hold in the uncompromising soil.","The headland was empty and almost barren, the few straggling trees, distorted by the wind, struggled to keep their precarious hold in the uncompromising soil.","The headland was empty and almost nude, the few straggling trees, distorted by the wind, struggled to keep their precarious hold in the uncompromising soil.",bare,barren,nude,34,38,40,38,the,few,straggling,", the few straggling","The headland was empty and almost bare, the few straggling","The headland was empty and almost barren, the few straggling","The headland was empty and almost nude, the few straggling"
munch-judgement-1191,1191,8333,c8t-fragment01-23,FICTION,0.0,"As a delinquent nine-year-old at his prep school, he had once been required by the headmaster to write out in his best handwriting the whole of the third chapter of Ecclesiastes, old Gumboil, economical in this as in all matters, believing that writing lines should combine punishment with literary and religious education.","As a delinquent nine-year-old at his prep school, he had once been required by the headmaster to write out in his best handwriting the whole of the third chapter of Ecclesiastes, old Gumboil, economical in this as in all matters, believing that writing sentences should combine punishment with literary and religious education.","As a delinquent nine-year-old at his prep school, he had once been required by the headmaster to write out in his best handwriting the whole of the third chapter of Ecclesiastes, old Gumboil, economical in this as in all matters, believing that writing marks should combine punishment with literary and religious education.",lines,sentences,marks,253,258,262,258,should,combine,punishment, should combine punishment,"As a delinquent nine-year-old at his prep school, he had once been required by the headmaster to write out in his best handwriting the whole of the third chapter of Ecclesiastes, old Gumboil, economical in this as in all matters, believing that writing lines should combine punishment","As a delinquent nine-year-old at his prep school, he had once been required by the headmaster to write out in his best handwriting the whole of the third chapter of Ecclesiastes, old Gumboil, economical in this as in all matters, believing that writing sentences should combine punishment","As a delinquent nine-year-old at his prep school, he had once been required by the headmaster to write out in his best handwriting the whole of the third chapter of Ecclesiastes, old Gumboil, economical in this as in all matters, believing that writing marks should combine punishment"
munch-judgement-1193,1193,8368,c8t-fragment01-48,FICTION,0.212,"Was it the faint smell of herbs and newly baked dough, the soft ticking of the wall-mounted clock which seemed both to mark the passing seconds and yet to hold time in thrall, the rhythmic moaning of the sea through the half-open door, the sense of well-fed ease conveyed by the two cushioned armchairs, the open hearth?","Was it the slight smell of herbs and newly baked dough, the soft ticking of the wall-mounted clock which seemed both to mark the passing seconds and yet to hold time in thrall, the rhythmic moaning of the sea through the half-open door, the sense of well-fed ease conveyed by the two cushioned armchairs, the open hearth?","Was it the dim smell of herbs and newly baked dough, the soft ticking of the wall-mounted clock which seemed both to mark the passing seconds and yet to hold time in thrall, the rhythmic moaning of the sea through the half-open door, the sense of well-fed ease conveyed by the two cushioned armchairs, the open hearth?",faint,slight,dim,11,16,17,14,smell,of,herbs, smell of herbs,Was it the faint smell of herbs,Was it the slight smell of herbs,Was it the dim smell of herbs
munch-judgement-1194,1194,8368,c8t-fragment01-48,FICTION,0.212,"Was it the faint smell of herbs and newly baked dough, the soft ticking of the wall-mounted clock which seemed both to mark the passing seconds and yet to hold time in thrall, the rhythmic moaning of the sea through the half-open door, the sense of well-fed ease conveyed by the two cushioned armchairs, the open hearth?","Was it the slight smell of herbs and newly baked dough, the soft ticking of the wall-mounted clock which seemed both to mark the passing seconds and yet to hold time in thrall, the rhythmic moaning of the sea through the half-open door, the sense of well-fed ease conveyed by the two cushioned armchairs, the open hearth?","Was it the shadowy smell of herbs and newly baked dough, the soft ticking of the wall-mounted clock which seemed both to mark the passing seconds and yet to hold time in thrall, the rhythmic moaning of the sea through the half-open door, the sense of well-fed ease conveyed by the two cushioned armchairs, the open hearth?",faint,slight,shadowy,11,16,17,18,smell,of,herbs, smell of herbs,Was it the faint smell of herbs,Was it the slight smell of herbs,Was it the shadowy smell of herbs
munch-judgement-1197,1197,8423,c8t-fragment01-115,FICTION,0.167,"She reminded him of pictures of the young Elizabeth Tudor, the same red-gold hair framing a curiously adult face both secretive and self-composed, the same sharp nose and wary eyes.","She reminded him of pictures of the young Elizabeth Tudor, the same red-gold hair framing a curiously adult face both mysterious and self-composed, the same sharp nose and wary eyes.","She reminded him of pictures of the young Elizabeth Tudor, the same red-gold hair framing a curiously adult face both close and self-composed, the same sharp nose and wary eyes.",secretive,mysterious,close,118,127,128,123,and,"self-composed,",the," and self-composed, the","She reminded him of pictures of the young Elizabeth Tudor, the same red-gold hair framing a curiously adult face both secretive and self-composed, the","She reminded him of pictures of the young Elizabeth Tudor, the same red-gold hair framing a curiously adult face both mysterious and self-composed, the","She reminded him of pictures of the young Elizabeth Tudor, the same red-gold hair framing a curiously adult face both close and self-composed, the"
munch-judgement-1198,1198,8423,c8t-fragment01-115,FICTION,0.167,"She reminded him of pictures of the young Elizabeth Tudor, the same red-gold hair framing a curiously adult face both secretive and self-composed, the same sharp nose and wary eyes.","She reminded him of pictures of the young Elizabeth Tudor, the same red-gold hair framing a curiously adult face both mysterious and self-composed, the same sharp nose and wary eyes.","She reminded him of pictures of the young Elizabeth Tudor, the same red-gold hair framing a curiously adult face both closelipped and self-composed, the same sharp nose and wary eyes.",secretive,mysterious,closelipped,118,127,128,129,and,"self-composed,",the," and self-composed, the","She reminded him of pictures of the young Elizabeth Tudor, the same red-gold hair framing a curiously adult face both secretive and self-composed, the","She reminded him of pictures of the young Elizabeth Tudor, the same red-gold hair framing a curiously adult face both mysterious and self-composed, the","She reminded him of pictures of the young Elizabeth Tudor, the same red-gold hair framing a curiously adult face both closelipped and self-composed, the"
munch-judgement-1199,1199,8423,c8t-fragment01-115,FICTION,0.167,"She reminded him of pictures of the young Elizabeth Tudor, the same red-gold hair framing a curiously adult face both secretive and self-composed, the same sharp nose and wary eyes.","She reminded him of pictures of the young Elizabeth Tudor, the same red-gold hair framing a curiously adult face both mysterious and self-composed, the same sharp nose and wary eyes.","She reminded him of pictures of the young Elizabeth Tudor, the same red-gold hair framing a curiously adult face both closemouthed and self-composed, the same sharp nose and wary eyes.",secretive,mysterious,closemouthed,118,127,128,130,and,"self-composed,",the," and self-composed, the","She reminded him of pictures of the young Elizabeth Tudor, the same red-gold hair framing a curiously adult face both secretive and self-composed, the","She reminded him of pictures of the young Elizabeth Tudor, the same red-gold hair framing a curiously adult face both mysterious and self-composed, the","She reminded him of pictures of the young Elizabeth Tudor, the same red-gold hair framing a curiously adult face both closemouthed and self-composed, the"
munch-judgement-1200,1200,8423,c8t-fragment01-115,FICTION,0.167,"She reminded him of pictures of the young Elizabeth Tudor, the same red-gold hair framing a curiously adult face both secretive and self-composed, the same sharp nose and wary eyes.","She reminded him of pictures of the young Elizabeth Tudor, the same red-gold hair framing a curiously adult face both mysterious and self-composed, the same sharp nose and wary eyes.","She reminded him of pictures of the young Elizabeth Tudor, the same red-gold hair framing a curiously adult face both tightlipped and self-composed, the same sharp nose and wary eyes.",secretive,mysterious,tightlipped,118,127,128,129,and,"self-composed,",the," and self-composed, the","She reminded him of pictures of the young Elizabeth Tudor, the same red-gold hair framing a curiously adult face both secretive and self-composed, the","She reminded him of pictures of the young Elizabeth Tudor, the same red-gold hair framing a curiously adult face both mysterious and self-composed, the","She reminded him of pictures of the young Elizabeth Tudor, the same red-gold hair framing a curiously adult face both tightlipped and self-composed, the"
munch-judgement-1207,1207,8442,c8t-fragment01-127,FICTION,0.257,"Theresa gave him a brief, pitying smile, dragged the plastic bags from beneath the seat then expertly freed her brother and settled him on her left hip while, with the other hand, she collapsed the pushchair, with a single vigorous shake.","Theresa gave him a brief, pitying smile, dragged the plastic bags from beneath the seat then expertly freed her brother and settled him on her left hip while, with the other hand, she folded the pushchair, with a single vigorous shake.","Theresa gave him a brief, pitying smile, dragged the plastic bags from beneath the seat then expertly freed her brother and settled him on her left hip while, with the other hand, she crumbled the pushchair, with a single vigorous shake.",collapsed,folded,crumbled,184,193,190,192,the,"pushchair,",with," the pushchair, with","Theresa gave him a brief, pitying smile, dragged the plastic bags from beneath the seat then expertly freed her brother and settled him on her left hip while, with the other hand, she collapsed the pushchair, with","Theresa gave him a brief, pitying smile, dragged the plastic bags from beneath the seat then expertly freed her brother and settled him on her left hip while, with the other hand, she folded the pushchair, with","Theresa gave him a brief, pitying smile, dragged the plastic bags from beneath the seat then expertly freed her brother and settled him on her left hip while, with the other hand, she crumbled the pushchair, with"
munch-judgement-1208,1208,8454,cb5-fragment02-3185,FICTION,0.061,"She still retained her English habit of noting each day's weather, always expecting changes, marvelling at the hot sunny days which followed one after the other, almost with monotony.","She still retained her English habit of noting each day's weather, always expecting changes, marvelling at the hot sunny days which occurred one after the other, almost with monotony.","She still retained her English habit of noting each day's weather, always expecting changes, marvelling at the hot sunny days which traveled one after the other, almost with monotony.",followed,occurred,traveled,132,140,140,140,one,after,the, one after the,"She still retained her English habit of noting each day's weather, always expecting changes, marvelling at the hot sunny days which followed one after the","She still retained her English habit of noting each day's weather, always expecting changes, marvelling at the hot sunny days which occurred one after the","She still retained her English habit of noting each day's weather, always expecting changes, marvelling at the hot sunny days which traveled one after the"
munch-judgement-1209,1209,8467,cb5-fragment02-3203,FICTION,0.364,"At the end of what she reckoned must be an hour, she faced the fact that he was not coming.","At the end of what she thought must be an hour, she faced the fact that he was not coming.","At the end of what she ciphered must be an hour, she faced the fact that he was not coming.",reckoned,thought,ciphered,23,31,30,31,must,be,an, must be an,At the end of what she reckoned must be an,At the end of what she thought must be an,At the end of what she ciphered must be an
munch-judgement-1215,1215,8540,cb5-fragment02-3329,FICTION,-0.091,"Penetrating her sleep she had heard the faint click of the door latch, and then the familiar squeak of the hinge as the door to her room slowly opened.","Penetrating her sleep she had heard the soft click of the door latch, and then the familiar squeak of the hinge as the door to her room slowly opened.","Penetrating her sleep she had heard the swooning click of the door latch, and then the familiar squeak of the hinge as the door to her room slowly opened.",faint,soft,swooning,40,45,44,48,click,of,the, click of the,Penetrating her sleep she had heard the faint click of the,Penetrating her sleep she had heard the soft click of the,Penetrating her sleep she had heard the swooning click of the
munch-judgement-1216,1216,8540,cb5-fragment02-3329,FICTION,-0.091,"Penetrating her sleep she had heard the faint click of the door latch, and then the familiar squeak of the hinge as the door to her room slowly opened.","Penetrating her sleep she had heard the soft click of the door latch, and then the familiar squeak of the hinge as the door to her room slowly opened.","Penetrating her sleep she had heard the lightheaded click of the door latch, and then the familiar squeak of the hinge as the door to her room slowly opened.",faint,soft,lightheaded,40,45,44,51,click,of,the, click of the,Penetrating her sleep she had heard the faint click of the,Penetrating her sleep she had heard the soft click of the,Penetrating her sleep she had heard the lightheaded click of the
munch-judgement-1217,1217,8540,cb5-fragment02-3329,FICTION,-0.091,"Penetrating her sleep she had heard the faint click of the door latch, and then the familiar squeak of the hinge as the door to her room slowly opened.","Penetrating her sleep she had heard the imperceptible click of the door latch, and then the familiar squeak of the hinge as the door to her room slowly opened.","Penetrating her sleep she had heard the swooning click of the door latch, and then the familiar squeak of the hinge as the door to her room slowly opened.",faint,imperceptible,swooning,40,45,53,48,click,of,the, click of the,Penetrating her sleep she had heard the faint click of the,Penetrating her sleep she had heard the imperceptible click of the,Penetrating her sleep she had heard the swooning click of the
munch-judgement-1218,1218,8540,cb5-fragment02-3329,FICTION,-0.091,"Penetrating her sleep she had heard the faint click of the door latch, and then the familiar squeak of the hinge as the door to her room slowly opened.","Penetrating her sleep she had heard the imperceptible click of the door latch, and then the familiar squeak of the hinge as the door to her room slowly opened.","Penetrating her sleep she had heard the lightheaded click of the door latch, and then the familiar squeak of the hinge as the door to her room slowly opened.",faint,imperceptible,lightheaded,40,45,53,51,click,of,the, click of the,Penetrating her sleep she had heard the faint click of the,Penetrating her sleep she had heard the imperceptible click of the,Penetrating her sleep she had heard the lightheaded click of the
munch-judgement-1221,1221,8555,cb5-fragment02-3354,FICTION,0.294,"From out of nowhere, Ruth remembered Dick Parker: but not, this time, the pleasure of her union with him, only the pain it had brought her on the Christmas Eve following.","From out of nowhere, Ruth remembered Dick Parker: but not, this time, the pleasure of her joining with him, only the pain it had brought her on the Christmas Eve following.","From out of nowhere, Ruth remembered Dick Parker: but not, this time, the pleasure of her mating with him, only the pain it had brought her on the Christmas Eve following.",union,joining,mating,90,95,97,96,with,"him,",only," with him, only","From out of nowhere, Ruth remembered Dick Parker: but not, this time, the pleasure of her union with him, only","From out of nowhere, Ruth remembered Dick Parker: but not, this time, the pleasure of her joining with him, only","From out of nowhere, Ruth remembered Dick Parker: but not, this time, the pleasure of her mating with him, only"
munch-judgement-1222,1222,8555,cb5-fragment02-3354,FICTION,0.294,"From out of nowhere, Ruth remembered Dick Parker: but not, this time, the pleasure of her union with him, only the pain it had brought her on the Christmas Eve following.","From out of nowhere, Ruth remembered Dick Parker: but not, this time, the pleasure of her joining with him, only the pain it had brought her on the Christmas Eve following.","From out of nowhere, Ruth remembered Dick Parker: but not, this time, the pleasure of her pairing with him, only the pain it had brought her on the Christmas Eve following.",union,joining,pairing,90,95,97,97,with,"him,",only," with him, only","From out of nowhere, Ruth remembered Dick Parker: but not, this time, the pleasure of her union with him, only","From out of nowhere, Ruth remembered Dick Parker: but not, this time, the pleasure of her joining with him, only","From out of nowhere, Ruth remembered Dick Parker: but not, this time, the pleasure of her pairing with him, only"
munch-judgement-1223,1223,8555,cb5-fragment02-3354,FICTION,0.294,"From out of nowhere, Ruth remembered Dick Parker: but not, this time, the pleasure of her union with him, only the pain it had brought her on the Christmas Eve following.","From out of nowhere, Ruth remembered Dick Parker: but not, this time, the pleasure of her joining with him, only the pain it had brought her on the Christmas Eve following.","From out of nowhere, Ruth remembered Dick Parker: but not, this time, the pleasure of her happening with him, only the pain it had brought her on the Christmas Eve following.",union,joining,happening,90,95,97,99,with,"him,",only," with him, only","From out of nowhere, Ruth remembered Dick Parker: but not, this time, the pleasure of her union with him, only","From out of nowhere, Ruth remembered Dick Parker: but not, this time, the pleasure of her joining with him, only","From out of nowhere, Ruth remembered Dick Parker: but not, this time, the pleasure of her happening with him, only"
munch-judgement-1224,1224,8555,cb5-fragment02-3354,FICTION,0.294,"From out of nowhere, Ruth remembered Dick Parker: but not, this time, the pleasure of her union with him, only the pain it had brought her on the Christmas Eve following.","From out of nowhere, Ruth remembered Dick Parker: but not, this time, the pleasure of her joining with him, only the pain it had brought her on the Christmas Eve following.","From out of nowhere, Ruth remembered Dick Parker: but not, this time, the pleasure of her occurrence with him, only the pain it had brought her on the Christmas Eve following.",union,joining,occurrence,90,95,97,100,with,"him,",only," with him, only","From out of nowhere, Ruth remembered Dick Parker: but not, this time, the pleasure of her union with him, only","From out of nowhere, Ruth remembered Dick Parker: but not, this time, the pleasure of her joining with him, only","From out of nowhere, Ruth remembered Dick Parker: but not, this time, the pleasure of her occurrence with him, only"
munch-judgement-1231,1231,8591,cb5-fragment02-3415,FICTION,0.031,My wife will extend the invitation to the Carsons.,My wife will offer the invitation to the Carsons.,My wife will exsert the invitation to the Carsons.,extend,offer,exsert,13,19,18,19,the,invitation,to, the invitation to,My wife will extend the invitation to,My wife will offer the invitation to,My wife will exsert the invitation to
munch-judgement-1232,1232,8609,ccw-fragment03-1568,FICTION,-0.188,We caught the bus back to Ellen's apartment and collected her clothes and notebooks.,We took the bus back to Ellen's apartment and collected her clothes and notebooks.,We grabbed the bus back to Ellen's apartment and collected her clothes and notebooks.,caught,took,grabbed,3,9,7,10,the,bus,back, the bus back,We caught the bus back,We took the bus back,We grabbed the bus back
munch-judgement-1233,1233,8679,ccw-fragment03-1639,FICTION,0.059,Precautions are the symptoms of small and fearful minds.,Precautions are the traits of small and fearful minds.,Precautions are the grounds of small and fearful minds.,symptoms,traits,grounds,20,28,26,27,of,small,and, of small and,Precautions are the symptoms of small and,Precautions are the traits of small and,Precautions are the grounds of small and
munch-judgement-1234,1234,8684,ccw-fragment03-1640,FICTION,0.333,"Precautions will not conquer empires, they will not build great cities, they will not transmute dreams into gold or carry men across wide oceans, and precautions will not, emphatically not, win fair ladies,’ and here he turned to Ellen and lasciviously dropped his gaze to her long bare legs.","Precautions will not conquer empires, they will not build great cities, they will not turn dreams into gold or carry men across wide oceans, and precautions will not, emphatically not, win fair ladies,’ and here he turned to Ellen and lasciviously dropped his gaze to her long bare legs.","Precautions will not conquer empires, they will not build great cities, they will not metamorphose dreams into gold or carry men across wide oceans, and precautions will not, emphatically not, win fair ladies,’ and here he turned to Ellen and lasciviously dropped his gaze to her long bare legs.",transmute,turn,metamorphose,86,95,90,98,dreams,into,gold, dreams into gold,"Precautions will not conquer empires, they will not build great cities, they will not transmute dreams into gold","Precautions will not conquer empires, they will not build great cities, they will not turn dreams into gold","Precautions will not conquer empires, they will not build great cities, they will not metamorphose dreams into gold"
munch-judgement-1236,1236,8719,ccw-fragment04-1995,FICTION,0.212,"She did not stay there long, but retreated from the fierce sun to the stern-cabin that she would be sharing with Ellen.","She did not stay there long, but retreated from the burning sun to the stern-cabin that she would be sharing with Ellen.","She did not stay there long, but retreated from the tearing sun to the stern-cabin that she would be sharing with Ellen.",fierce,burning,tearing,52,58,59,59,sun,to,the, sun to the,"She did not stay there long, but retreated from the fierce sun to the","She did not stay there long, but retreated from the burning sun to the","She did not stay there long, but retreated from the tearing sun to the"
munch-judgement-1237,1237,8719,ccw-fragment04-1995,FICTION,0.212,"She did not stay there long, but retreated from the fierce sun to the stern-cabin that she would be sharing with Ellen.","She did not stay there long, but retreated from the burning sun to the stern-cabin that she would be sharing with Ellen.","She did not stay there long, but retreated from the vehement sun to the stern-cabin that she would be sharing with Ellen.",fierce,burning,vehement,52,58,59,60,sun,to,the, sun to the,"She did not stay there long, but retreated from the fierce sun to the","She did not stay there long, but retreated from the burning sun to the","She did not stay there long, but retreated from the vehement sun to the"
munch-judgement-1239,1239,8747,ccw-fragment04-2036,FICTION,0.2,"He chuckled, produced two cardboard cups, and poured me a generous slug of the whiskey.","He chuckled, provided two cardboard cups, and poured me a generous slug of the whiskey.","He chuckled, made two cardboard cups, and poured me a generous slug of the whiskey.",produced,provided,made,13,21,21,17,two,cardboard,"cups,"," two cardboard cups,","He chuckled, produced two cardboard cups,","He chuckled, provided two cardboard cups,","He chuckled, made two cardboard cups,"
munch-judgement-1240,1240,8747,ccw-fragment04-2036,FICTION,0.2,"He chuckled, produced two cardboard cups, and poured me a generous slug of the whiskey.","He chuckled, provided two cardboard cups, and poured me a generous slug of the whiskey.","He chuckled, created two cardboard cups, and poured me a generous slug of the whiskey.",produced,provided,created,13,21,21,20,two,cardboard,"cups,"," two cardboard cups,","He chuckled, produced two cardboard cups,","He chuckled, provided two cardboard cups,","He chuckled, created two cardboard cups,"
munch-judgement-1242,1242,8763,ccw-fragment04-2051,FICTION,0.065,"But I fancied feeling the long hard pressure of ocean waves against our hull and, though we were short-handed, I reckoned that a few days out of sight of land would shake us all down quickly.","But I fancied feeling the long hard pressure of ocean waves against our hull and, though we were short-handed, I believed that a few days out of sight of land would shake us all down quickly.","But I fancied feeling the long hard pressure of ocean waves against our hull and, though we were short-handed, I calculated that a few days out of sight of land would shake us all down quickly.",reckoned,believed,calculated,113,121,121,123,that,a,few, that a few,"But I fancied feeling the long hard pressure of ocean waves against our hull and, though we were short-handed, I reckoned that a few","But I fancied feeling the long hard pressure of ocean waves against our hull and, though we were short-handed, I believed that a few","But I fancied feeling the long hard pressure of ocean waves against our hull and, though we were short-handed, I calculated that a few"
munch-judgement-1243,1243,8763,ccw-fragment04-2051,FICTION,0.065,"But I fancied feeling the long hard pressure of ocean waves against our hull and, though we were short-handed, I reckoned that a few days out of sight of land would shake us all down quickly.","But I fancied feeling the long hard pressure of ocean waves against our hull and, though we were short-handed, I believed that a few days out of sight of land would shake us all down quickly.","But I fancied feeling the long hard pressure of ocean waves against our hull and, though we were short-handed, I ciphered that a few days out of sight of land would shake us all down quickly.",reckoned,believed,ciphered,113,121,121,121,that,a,few, that a few,"But I fancied feeling the long hard pressure of ocean waves against our hull and, though we were short-handed, I reckoned that a few","But I fancied feeling the long hard pressure of ocean waves against our hull and, though we were short-handed, I believed that a few","But I fancied feeling the long hard pressure of ocean waves against our hull and, though we were short-handed, I ciphered that a few"
munch-judgement-1244,1244,8763,ccw-fragment04-2051,FICTION,0.065,"But I fancied feeling the long hard pressure of ocean waves against our hull and, though we were short-handed, I reckoned that a few days out of sight of land would shake us all down quickly.","But I fancied feeling the long hard pressure of ocean waves against our hull and, though we were short-handed, I believed that a few days out of sight of land would shake us all down quickly.","But I fancied feeling the long hard pressure of ocean waves against our hull and, though we were short-handed, I computed that a few days out of sight of land would shake us all down quickly.",reckoned,believed,computed,113,121,121,121,that,a,few, that a few,"But I fancied feeling the long hard pressure of ocean waves against our hull and, though we were short-handed, I reckoned that a few","But I fancied feeling the long hard pressure of ocean waves against our hull and, though we were short-handed, I believed that a few","But I fancied feeling the long hard pressure of ocean waves against our hull and, though we were short-handed, I computed that a few"
munch-judgement-1248,1248,8769,ccw-fragment04-2053,FICTION,-0.182,"He must have assumed that I meant trouble from the twins, for he suddenly became surprisingly loquacious.","He must have thought that I meant trouble from the twins, for he suddenly became surprisingly loquacious.","He must have struck that I meant trouble from the twins, for he suddenly became surprisingly loquacious.",assumed,thought,struck,13,20,20,19,that,I,meant, that I meant,He must have assumed that I meant,He must have thought that I meant,He must have struck that I meant
munch-judgement-1252,1252,8805,ccw-fragment04-2095,FICTION,0.059,"I stared at Jackson Chatterton, and at last sensed the drama that lay behind his big calm presence.","I stared at Jackson Chatterton, and at last sensed the spectacle that lay behind his big calm presence.","I stared at Jackson Chatterton, and at last sensed the play that lay behind his big calm presence.",drama,spectacle,play,55,60,64,59,that,lay,behind, that lay behind,"I stared at Jackson Chatterton, and at last sensed the drama that lay behind","I stared at Jackson Chatterton, and at last sensed the spectacle that lay behind","I stared at Jackson Chatterton, and at last sensed the play that lay behind"
munch-judgement-1253,1253,8875,cdb-fragment02-376,FICTION,-0.121,The room in which they were sitting underwent the curious shrinking process to which it was subject whenever he was reminded of Wyvis Hall or his Uncle Hilbert or even if the county of Suffolk were mentioned.,The room in which they were sitting underwent the curious shrinking process to which it was susceptible whenever he was reminded of Wyvis Hall or his Uncle Hilbert or even if the county of Suffolk were mentioned.,The room in which they were sitting underwent the curious shrinking process to which it was content whenever he was reminded of Wyvis Hall or his Uncle Hilbert or even if the county of Suffolk were mentioned.,subject,susceptible,content,92,99,103,99,whenever,he,was, whenever he was,The room in which they were sitting underwent the curious shrinking process to which it was subject whenever he was,The room in which they were sitting underwent the curious shrinking process to which it was susceptible whenever he was,The room in which they were sitting underwent the curious shrinking process to which it was content whenever he was
munch-judgement-1254,1254,8879,cdb-fragment02-387,FICTION,-0.029,"‘I shan't wait till Adam returns,’ Lewis said in that manner that had once led his daughter to call him the Frog Footman,","‘I shan't wait till Adam returns,’ Lewis said in that manner that had once caused his daughter to call him the Frog Footman,","‘I shan't wait till Adam returns,’ Lewis said in that manner that had once taken his daughter to call him the Frog Footman,",led,caused,taken,75,78,81,80,his,daughter,to, his daughter to,"‘I shan't wait till Adam returns,’ Lewis said in that manner that had once led his daughter to","‘I shan't wait till Adam returns,’ Lewis said in that manner that had once caused his daughter to","‘I shan't wait till Adam returns,’ Lewis said in that manner that had once taken his daughter to"
munch-judgement-1255,1255,8879,cdb-fragment02-387,FICTION,-0.029,"‘I shan't wait till Adam returns,’ Lewis said in that manner that had once led his daughter to call him the Frog Footman,","‘I shan't wait till Adam returns,’ Lewis said in that manner that had once caused his daughter to call him the Frog Footman,","‘I shan't wait till Adam returns,’ Lewis said in that manner that had once directed his daughter to call him the Frog Footman,",led,caused,directed,75,78,81,83,his,daughter,to, his daughter to,"‘I shan't wait till Adam returns,’ Lewis said in that manner that had once led his daughter to","‘I shan't wait till Adam returns,’ Lewis said in that manner that had once caused his daughter to","‘I shan't wait till Adam returns,’ Lewis said in that manner that had once directed his daughter to"
munch-judgement-1256,1256,8879,cdb-fragment02-387,FICTION,-0.029,"‘I shan't wait till Adam returns,’ Lewis said in that manner that had once led his daughter to call him the Frog Footman,","‘I shan't wait till Adam returns,’ Lewis said in that manner that had once caused his daughter to call him the Frog Footman,","‘I shan't wait till Adam returns,’ Lewis said in that manner that had once guided his daughter to call him the Frog Footman,",led,caused,guided,75,78,81,81,his,daughter,to, his daughter to,"‘I shan't wait till Adam returns,’ Lewis said in that manner that had once led his daughter to","‘I shan't wait till Adam returns,’ Lewis said in that manner that had once caused his daughter to","‘I shan't wait till Adam returns,’ Lewis said in that manner that had once guided his daughter to"
munch-judgement-1261,1261,8913,cdb-fragment02-411,FICTION,0.091,"He was in agreement with my suggestion that the property be sold and before he returned to college in the autumn of 1976, he took my advice and placed house and lands in the hands of an estate agent.","He was in agreement with my suggestion that the property be sold and before he returned to college in the autumn of 1976, he took my advice and placed house and lands in the control of an estate agent.","He was in agreement with my suggestion that the property be sold and before he returned to college in the autumn of 1976, he took my advice and placed house and lands in the mitts of an estate agent.",hands,control,mitts,174,179,181,179,of,an,estate, of an estate,"He was in agreement with my suggestion that the property be sold and before he returned to college in the autumn of 1976, he took my advice and placed house and lands in the hands of an estate","He was in agreement with my suggestion that the property be sold and before he returned to college in the autumn of 1976, he took my advice and placed house and lands in the control of an estate","He was in agreement with my suggestion that the property be sold and before he returned to college in the autumn of 1976, he took my advice and placed house and lands in the mitts of an estate"
munch-judgement-1262,1262,8913,cdb-fragment02-411,FICTION,0.091,"He was in agreement with my suggestion that the property be sold and before he returned to college in the autumn of 1976, he took my advice and placed house and lands in the hands of an estate agent.","He was in agreement with my suggestion that the property be sold and before he returned to college in the autumn of 1976, he took my advice and placed house and lands in the control of an estate agent.","He was in agreement with my suggestion that the property be sold and before he returned to college in the autumn of 1976, he took my advice and placed house and lands in the paws of an estate agent.",hands,control,paws,174,179,181,178,of,an,estate, of an estate,"He was in agreement with my suggestion that the property be sold and before he returned to college in the autumn of 1976, he took my advice and placed house and lands in the hands of an estate","He was in agreement with my suggestion that the property be sold and before he returned to college in the autumn of 1976, he took my advice and placed house and lands in the control of an estate","He was in agreement with my suggestion that the property be sold and before he returned to college in the autumn of 1976, he took my advice and placed house and lands in the paws of an estate"
munch-judgement-1265,1265,8963,cdb-fragment02-457,FICTION,0.206,"Dirty grey clouds tumbled across the sky above the slate roof, now the only thing that shone, glazed with rain.","Dusty grey clouds tumbled across the sky above the slate roof, now the only thing that shone, glazed with rain.","Unclean grey clouds tumbled across the sky above the slate roof, now the only thing that shone, glazed with rain.",Dirty,Dusty,Unclean,0,5,5,7,grey,clouds,tumbled, grey clouds tumbled,Dirty grey clouds tumbled,Dusty grey clouds tumbled,Unclean grey clouds tumbled
munch-judgement-1266,1266,8968,cdb-fragment02-458,FICTION,-0.206,But Rufus admitted to himself that the beauties of nature and architecture had never meant much to him.,But Rufus admitted to himself that the beauties of nature and architecture had never mattered much to him.,But Rufus admitted to himself that the beauties of nature and architecture had never intended much to him.,meant,mattered,intended,85,90,93,93,much,to,him., much to him.,But Rufus admitted to himself that the beauties of nature and architecture had never meant much to him.,But Rufus admitted to himself that the beauties of nature and architecture had never mattered much to him.,But Rufus admitted to himself that the beauties of nature and architecture had never intended much to him.
munch-judgement-1267,1267,8968,cdb-fragment02-458,FICTION,-0.206,But Rufus admitted to himself that the beauties of nature and architecture had never meant much to him.,But Rufus admitted to himself that the beauties of nature and architecture had never mattered much to him.,But Rufus admitted to himself that the beauties of nature and architecture had never signified much to him.,meant,mattered,signified,85,90,93,94,much,to,him., much to him.,But Rufus admitted to himself that the beauties of nature and architecture had never meant much to him.,But Rufus admitted to himself that the beauties of nature and architecture had never mattered much to him.,But Rufus admitted to himself that the beauties of nature and architecture had never signified much to him.
munch-judgement-1270,1270,9024,cdb-fragment02-511,FICTION,0.121,"It would be bad enough if I were a G P or an expert in some other branch of medicine, an orthopaedic surgeon, for instance, or an ear, nose and throat man, but I am a gynaecologist, and it is the bones of a young woman and a baby that have been found there …","It would be bad enough if I were a G P or an expert in some other area of medicine, an orthopaedic surgeon, for instance, or an ear, nose and throat man, but I am a gynaecologist, and it is the bones of a young woman and a baby that have been found there …","It would be bad enough if I were a G P or an expert in some other stalk of medicine, an orthopaedic surgeon, for instance, or an ear, nose and throat man, but I am a gynaecologist, and it is the bones of a young woman and a baby that have been found there …",branch,area,stalk,66,72,70,71,of,"medicine,",an," of medicine, an","It would be bad enough if I were a G P or an expert in some other branch of medicine, an","It would be bad enough if I were a G P or an expert in some other area of medicine, an","It would be bad enough if I were a G P or an expert in some other stalk of medicine, an"
munch-judgement-1271,1271,9024,cdb-fragment02-511,FICTION,0.121,"It would be bad enough if I were a G P or an expert in some other branch of medicine, an orthopaedic surgeon, for instance, or an ear, nose and throat man, but I am a gynaecologist, and it is the bones of a young woman and a baby that have been found there …","It would be bad enough if I were a G P or an expert in some other area of medicine, an orthopaedic surgeon, for instance, or an ear, nose and throat man, but I am a gynaecologist, and it is the bones of a young woman and a baby that have been found there …","It would be bad enough if I were a G P or an expert in some other stem of medicine, an orthopaedic surgeon, for instance, or an ear, nose and throat man, but I am a gynaecologist, and it is the bones of a young woman and a baby that have been found there …",branch,area,stem,66,72,70,70,of,"medicine,",an," of medicine, an","It would be bad enough if I were a G P or an expert in some other branch of medicine, an","It would be bad enough if I were a G P or an expert in some other area of medicine, an","It would be bad enough if I were a G P or an expert in some other stem of medicine, an"
munch-judgement-1274,1274,9072,cdb-fragment04-880,FICTION,0.086,Or his nature and luck had complied for him.,Or his personality and luck had complied for him.,Or his universe and luck had complied for him.,nature,personality,universe,7,13,18,15,and,luck,had, and luck had,Or his nature and luck had,Or his personality and luck had,Or his universe and luck had
munch-judgement-1275,1275,9072,cdb-fragment04-880,FICTION,0.086,Or his nature and luck had complied for him.,Or his personality and luck had complied for him.,Or his world and luck had complied for him.,nature,personality,world,7,13,18,12,and,luck,had, and luck had,Or his nature and luck had,Or his personality and luck had,Or his world and luck had
munch-judgement-1276,1276,9072,cdb-fragment04-880,FICTION,0.086,Or his nature and luck had complied for him.,Or his personality and luck had complied for him.,Or his cosmos and luck had complied for him.,nature,personality,cosmos,7,13,18,13,and,luck,had, and luck had,Or his nature and luck had,Or his personality and luck had,Or his cosmos and luck had
munch-judgement-1280,1280,9120,cdb-fragment04-922,FICTION,0.364,"He didn't know what Lewis meant about someone looking after the house but no doubt he, Adam, had at the time concocted some tale to keep his father quiet, to keep him away even.","He didn't know what Lewis meant about someone looking after the house but no doubt he, Adam, had at the time invented some tale to keep his father quiet, to keep him away even.","He didn't know what Lewis meant about someone looking after the house but no doubt he, Adam, had at the time cooked some tale to keep his father quiet, to keep him away even.",concocted,invented,cooked,109,118,117,115,some,tale,to, some tale to,"He didn't know what Lewis meant about someone looking after the house but no doubt he, Adam, had at the time concocted some tale to","He didn't know what Lewis meant about someone looking after the house but no doubt he, Adam, had at the time invented some tale to","He didn't know what Lewis meant about someone looking after the house but no doubt he, Adam, had at the time cooked some tale to"
munch-judgement-1281,1281,9120,cdb-fragment04-922,FICTION,0.364,"He didn't know what Lewis meant about someone looking after the house but no doubt he, Adam, had at the time concocted some tale to keep his father quiet, to keep him away even.","He didn't know what Lewis meant about someone looking after the house but no doubt he, Adam, had at the time invented some tale to keep his father quiet, to keep him away even.","He didn't know what Lewis meant about someone looking after the house but no doubt he, Adam, had at the time fixed some tale to keep his father quiet, to keep him away even.",concocted,invented,fixed,109,118,117,114,some,tale,to, some tale to,"He didn't know what Lewis meant about someone looking after the house but no doubt he, Adam, had at the time concocted some tale to","He didn't know what Lewis meant about someone looking after the house but no doubt he, Adam, had at the time invented some tale to","He didn't know what Lewis meant about someone looking after the house but no doubt he, Adam, had at the time fixed some tale to"
munch-judgement-1284,1284,9164,cdb-fragment04-964,FICTION,-0.029,He asked the taxi he had taken to put him down at the top of the drift and he had walked to the house.,He asked the taxi he had taken to put him down at the end of the drift and he had walked to the house.,He asked the taxi he had taken to put him down at the upside of the drift and he had walked to the house.,top,end,upside,54,57,57,60,of,the,drift, of the drift,He asked the taxi he had taken to put him down at the top of the drift,He asked the taxi he had taken to put him down at the end of the drift,He asked the taxi he had taken to put him down at the upside of the drift
munch-judgement-1285,1285,9168,cdb-fragment04-968,FICTION,-0.062,One of these whipped back at him and as he caught at it a thorn drove into the fleshy pad of his finger.,One of these whipped back at him and as he caught at it a thorn drove into the fleshy tip of his finger.,One of these whipped back at him and as he caught at it a thorn drove into the fleshy cushioning of his finger.,pad,tip,cushioning,86,89,89,96,of,his,finger., of his finger.,One of these whipped back at him and as he caught at it a thorn drove into the fleshy pad of his finger.,One of these whipped back at him and as he caught at it a thorn drove into the fleshy tip of his finger.,One of these whipped back at him and as he caught at it a thorn drove into the fleshy cushioning of his finger.
munch-judgement-1286,1286,9172,cdb-fragment04-971,FICTION,0.438,No golden light bathed the red brick of the house.,No golden light covered the red brick of the house.,No golden light cleansed the red brick of the house.,bathed,covered,cleansed,16,22,23,24,the,red,brick, the red brick,No golden light bathed the red brick,No golden light covered the red brick,No golden light cleansed the red brick
munch-judgement-1287,1287,9172,cdb-fragment04-971,FICTION,0.438,No golden light bathed the red brick of the house.,No golden light covered the red brick of the house.,No golden light cleaned the red brick of the house.,bathed,covered,cleaned,16,22,23,23,the,red,brick, the red brick,No golden light bathed the red brick,No golden light covered the red brick,No golden light cleaned the red brick
munch-judgement-1290,1290,9211,clp-fragment01-757,ACPROSE,0.059,The standard method of producing task descriptions is to write all the separate sub-tasks at various levels on cards and then assemble the cards in a network.,The standard method of producing task descriptions is to write all the separate sub-tasks at various tiers on cards and then assemble the cards in a network.,The standard method of producing task descriptions is to write all the separate sub-tasks at various altitudes on cards and then assemble the cards in a network.,levels,tiers,altitudes,101,107,106,110,on,cards,and, on cards and,The standard method of producing task descriptions is to write all the separate sub-tasks at various levels on cards and,The standard method of producing task descriptions is to write all the separate sub-tasks at various tiers on cards and,The standard method of producing task descriptions is to write all the separate sub-tasks at various altitudes on cards and
munch-judgement-1291,1291,9211,clp-fragment01-757,ACPROSE,0.059,The standard method of producing task descriptions is to write all the separate sub-tasks at various levels on cards and then assemble the cards in a network.,The standard method of producing task descriptions is to write all the separate sub-tasks at various tiers on cards and then assemble the cards in a network.,The standard method of producing task descriptions is to write all the separate sub-tasks at various heights on cards and then assemble the cards in a network.,levels,tiers,heights,101,107,106,108,on,cards,and, on cards and,The standard method of producing task descriptions is to write all the separate sub-tasks at various levels on cards and,The standard method of producing task descriptions is to write all the separate sub-tasks at various tiers on cards and,The standard method of producing task descriptions is to write all the separate sub-tasks at various heights on cards and
munch-judgement-1296,1296,9231,clp-fragment01-766,ACPROSE,0.265,"Political, economic and social issues which arise in conducting Task Analyses are discussed in the context of Job Analysis (p. 148).","Political, economic and social issues which arise in performing Task Analyses are discussed in the context of Job Analysis (p. 148).","Political, economic and social issues which arise in leading Task Analyses are discussed in the context of Job Analysis (p. 148).",conducting,performing,leading,53,63,63,60,Task,Analyses,are, Task Analyses are,"Political, economic and social issues which arise in conducting Task Analyses are","Political, economic and social issues which arise in performing Task Analyses are","Political, economic and social issues which arise in leading Task Analyses are"
munch-judgement-1297,1297,9231,clp-fragment01-766,ACPROSE,0.265,"Political, economic and social issues which arise in conducting Task Analyses are discussed in the context of Job Analysis (p. 148).","Political, economic and social issues which arise in performing Task Analyses are discussed in the context of Job Analysis (p. 148).","Political, economic and social issues which arise in directing Task Analyses are discussed in the context of Job Analysis (p. 148).",conducting,performing,directing,53,63,63,62,Task,Analyses,are, Task Analyses are,"Political, economic and social issues which arise in conducting Task Analyses are","Political, economic and social issues which arise in performing Task Analyses are","Political, economic and social issues which arise in directing Task Analyses are"
munch-judgement-1298,1298,9231,clp-fragment01-766,ACPROSE,0.265,"Political, economic and social issues which arise in conducting Task Analyses are discussed in the context of Job Analysis (p. 148).","Political, economic and social issues which arise in performing Task Analyses are discussed in the context of Job Analysis (p. 148).","Political, economic and social issues which arise in guiding Task Analyses are discussed in the context of Job Analysis (p. 148).",conducting,performing,guiding,53,63,63,60,Task,Analyses,are, Task Analyses are,"Political, economic and social issues which arise in conducting Task Analyses are","Political, economic and social issues which arise in performing Task Analyses are","Political, economic and social issues which arise in guiding Task Analyses are"
munch-judgement-1302,1302,9249,clp-fragment01-772,ACPROSE,0.0,"From the narrow accountancy viewpoint, people are a cost and it is desirable to keep this cost as low as possible.","From the narrow accountancy viewpoint, people are a cost and it is preferable to keep this cost as low as possible.","From the narrow accountancy viewpoint, people are a cost and it is suitable to keep this cost as low as possible.",desirable,preferable,suitable,67,76,77,75,to,keep,this, to keep this,"From the narrow accountancy viewpoint, people are a cost and it is desirable to keep this","From the narrow accountancy viewpoint, people are a cost and it is preferable to keep this","From the narrow accountancy viewpoint, people are a cost and it is suitable to keep this"
munch-judgement-1303,1303,9249,clp-fragment01-772,ACPROSE,0.0,"From the narrow accountancy viewpoint, people are a cost and it is desirable to keep this cost as low as possible.","From the narrow accountancy viewpoint, people are a cost and it is preferred to keep this cost as low as possible.","From the narrow accountancy viewpoint, people are a cost and it is suitable to keep this cost as low as possible.",desirable,preferred,suitable,67,76,76,75,to,keep,this, to keep this,"From the narrow accountancy viewpoint, people are a cost and it is desirable to keep this","From the narrow accountancy viewpoint, people are a cost and it is preferred to keep this","From the narrow accountancy viewpoint, people are a cost and it is suitable to keep this"
munch-judgement-1305,1305,9274,clp-fragment01-782,ACPROSE,-0.031,It would be unduly optimistic to assume that management skills have risen to a level such that costs undertaken can be assumed to be equivalent to value.,It would be unduly optimistic to assume that management skills have risen to a level such that costs undertaken can be presumed to be equivalent to value.,It would be unduly optimistic to assume that management skills have risen to a level such that costs undertaken can be struck to be equivalent to value.,assumed,presumed,struck,119,126,127,125,to,be,equivalent, to be equivalent,It would be unduly optimistic to assume that management skills have risen to a level such that costs undertaken can be assumed to be equivalent,It would be unduly optimistic to assume that management skills have risen to a level such that costs undertaken can be presumed to be equivalent,It would be unduly optimistic to assume that management skills have risen to a level such that costs undertaken can be struck to be equivalent
munch-judgement-1316,1316,9306,clp-fragment01-790,ACPROSE,0.206,"The obsession, of current management, with measurement and the reduction of every variable to numbers for ease of computer manipulation has worsened the situation.","The obsession, of current management, with measurement and the depletion of every variable to numbers for ease of computer manipulation has worsened the situation.","The obsession, of current management, with measurement and the decrease of every variable to numbers for ease of computer manipulation has worsened the situation.",reduction,depletion,decrease,63,72,72,71,of,every,variable, of every variable,"The obsession, of current management, with measurement and the reduction of every variable","The obsession, of current management, with measurement and the depletion of every variable","The obsession, of current management, with measurement and the decrease of every variable"
munch-judgement-1317,1317,9306,clp-fragment01-790,ACPROSE,0.206,"The obsession, of current management, with measurement and the reduction of every variable to numbers for ease of computer manipulation has worsened the situation.","The obsession, of current management, with measurement and the depletion of every variable to numbers for ease of computer manipulation has worsened the situation.","The obsession, of current management, with measurement and the diminution of every variable to numbers for ease of computer manipulation has worsened the situation.",reduction,depletion,diminution,63,72,72,73,of,every,variable, of every variable,"The obsession, of current management, with measurement and the reduction of every variable","The obsession, of current management, with measurement and the depletion of every variable","The obsession, of current management, with measurement and the diminution of every variable"
munch-judgement-1318,1318,9306,clp-fragment01-790,ACPROSE,0.206,"The obsession, of current management, with measurement and the reduction of every variable to numbers for ease of computer manipulation has worsened the situation.","The obsession, of current management, with measurement and the depletion of every variable to numbers for ease of computer manipulation has worsened the situation.","The obsession, of current management, with measurement and the step-down of every variable to numbers for ease of computer manipulation has worsened the situation.",reduction,depletion,step-down,63,72,72,72,of,every,variable, of every variable,"The obsession, of current management, with measurement and the reduction of every variable","The obsession, of current management, with measurement and the depletion of every variable","The obsession, of current management, with measurement and the step-down of every variable"
munch-judgement-1323,1323,9312,clp-fragment01-792,ACPROSE,-0.059,Human resources are too complex a variable to be easily susceptible to measurement beyond the level of counting heads and trades.,Human resources are too complex a variable to be easily susceptible to measurement beyond the activity of counting heads and trades.,Human resources are too complex a variable to be easily susceptible to measurement beyond the altitude of counting heads and trades.,level,activity,altitude,94,99,102,102,of,counting,heads, of counting heads,Human resources are too complex a variable to be easily susceptible to measurement beyond the level of counting heads,Human resources are too complex a variable to be easily susceptible to measurement beyond the activity of counting heads,Human resources are too complex a variable to be easily susceptible to measurement beyond the altitude of counting heads
munch-judgement-1324,1324,9312,clp-fragment01-792,ACPROSE,-0.059,Human resources are too complex a variable to be easily susceptible to measurement beyond the level of counting heads and trades.,Human resources are too complex a variable to be easily susceptible to measurement beyond the activity of counting heads and trades.,Human resources are too complex a variable to be easily susceptible to measurement beyond the height of counting heads and trades.,level,activity,height,94,99,102,100,of,counting,heads, of counting heads,Human resources are too complex a variable to be easily susceptible to measurement beyond the level of counting heads,Human resources are too complex a variable to be easily susceptible to measurement beyond the activity of counting heads,Human resources are too complex a variable to be easily susceptible to measurement beyond the height of counting heads
munch-judgement-1326,1326,9319,clp-fragment01-796,ACPROSE,0.194,These factors are worthy of emphasis because in practice they are still dealt with very badly in many organisations and yet it takes little trouble or expertise to make an enormous difference.,These factors are worthy of attention because in practice they are still dealt with very badly in many organisations and yet it takes little trouble or expertise to make an enormous difference.,These factors are worthy of accent because in practice they are still dealt with very badly in many organisations and yet it takes little trouble or expertise to make an enormous difference.,emphasis,attention,accent,28,36,37,34,because,in,practice, because in practice,These factors are worthy of emphasis because in practice,These factors are worthy of attention because in practice,These factors are worthy of accent because in practice
munch-judgement-1327,1327,9328,clp-fragment01-800,ACPROSE,-0.088,The age distribution of a work force is always an interesting and important source of information.,The age profile of a work force is always an interesting and important source of information.,The age dispersion of a work force is always an interesting and important source of information.,distribution,profile,dispersion,8,20,15,18,of,a,work, of a work,The age distribution of a work,The age profile of a work,The age dispersion of a work
munch-judgement-1331,1331,9364,clp-fragment01-812,ACPROSE,0.323,"This not only provides flexibility in the use of man-power, it also improves communication.","This not only provides options in the use of man-power, it also improves communication.","This not only provides malleability in the use of man-power, it also improves communication.",flexibility,options,malleability,23,34,30,35,in,the,use, in the use,This not only provides flexibility in the use,This not only provides options in the use,This not only provides malleability in the use
munch-judgement-1332,1332,9364,clp-fragment01-812,ACPROSE,0.323,"This not only provides flexibility in the use of man-power, it also improves communication.","This not only provides resilience in the use of man-power, it also improves communication.","This not only provides malleability in the use of man-power, it also improves communication.",flexibility,resilience,malleability,23,34,33,35,in,the,use, in the use,This not only provides flexibility in the use,This not only provides resilience in the use,This not only provides malleability in the use
munch-judgement-1334,1334,9371,clp-fragment01-815,ACPROSE,0.0,"For example, difficulties of communications and in particular, how to inculcate the feeling within each individual that he and his performance are important to the organisation.","For example, difficulties of communications and in particular, how to inculcate the impression within each individual that he and his performance are important to the organisation.","For example, difficulties of communications and in particular, how to inculcate the touch within each individual that he and his performance are important to the organisation.",feeling,impression,touch,84,91,94,89,within,each,individual, within each individual,"For example, difficulties of communications and in particular, how to inculcate the feeling within each individual","For example, difficulties of communications and in particular, how to inculcate the impression within each individual","For example, difficulties of communications and in particular, how to inculcate the touch within each individual"
munch-judgement-1338,1338,9385,clp-fragment01-822,ACPROSE,0.03,"This takes three main forms: checklists, routines and knowledge-texts.","This takes three main modes: checklists, routines and knowledge-texts.","This takes three main contours: checklists, routines and knowledge-texts.",forms,modes,contours,22,27,27,30,"checklists,",routines,and,": checklists, routines and","This takes three main forms: checklists, routines and","This takes three main modes: checklists, routines and","This takes three main contours: checklists, routines and"
munch-judgement-1339,1339,9392,clp-fragment01-826,ACPROSE,0.242,The situation is further confused when some but not all the operator information support is itself computer-based.,The circumstance is further confused when some but not all the operator information support is itself computer-based.,The site is further confused when some but not all the operator information support is itself computer-based.,situation,circumstance,site,4,13,16,8,is,further,confused, is further confused,The situation is further confused,The circumstance is further confused,The site is further confused
munch-judgement-1340,1340,9400,clp-fragment01-831,ACPROSE,-0.067,Similarly it is assumed that the conditions under which the reading will take place are the same as those of writing which are usually a clean well-lit office.,Similarly it is presumed that the conditions under which the reading will take place are the same as those of writing which are usually a clean well-lit office.,Similarly it is struck that the conditions under which the reading will take place are the same as those of writing which are usually a clean well-lit office.,assumed,presumed,struck,16,23,24,22,that,the,conditions, that the conditions,Similarly it is assumed that the conditions,Similarly it is presumed that the conditions,Similarly it is struck that the conditions
munch-judgement-1341,1341,9409,clp-fragment01-838,ACPROSE,0.0,They normally take the form of a series of questions or statements which the operator uses to guide and structure his inspection of the hardware and other system components.,They normally take the format of a series of questions or statements which the operator uses to guide and structure his inspection of the hardware and other system components.,They normally take the configuration of a series of questions or statements which the operator uses to guide and structure his inspection of the hardware and other system components.,form,format,configuration,23,27,29,36,of,a,series, of a series,They normally take the form of a series,They normally take the format of a series,They normally take the configuration of a series
munch-judgement-1342,1342,9409,clp-fragment01-838,ACPROSE,0.0,They normally take the form of a series of questions or statements which the operator uses to guide and structure his inspection of the hardware and other system components.,They normally take the format of a series of questions or statements which the operator uses to guide and structure his inspection of the hardware and other system components.,They normally take the contour of a series of questions or statements which the operator uses to guide and structure his inspection of the hardware and other system components.,form,format,contour,23,27,29,30,of,a,series, of a series,They normally take the form of a series,They normally take the format of a series,They normally take the contour of a series
munch-judgement-1344,1344,9413,clp-fragment01-840,ACPROSE,-0.286,"There are many situations when the order is of no great consequence, for example a safety audit of a new machine, and in this latter case some logical structure is needed.","There are many scenarios when the order is of no great consequence, for example a safety audit of a new machine, and in this latter case some logical structure is needed.","There are many sites when the order is of no great consequence, for example a safety audit of a new machine, and in this latter case some logical structure is needed.",situations,scenarios,sites,15,25,24,20,when,the,order, when the order,There are many situations when the order,There are many scenarios when the order,There are many sites when the order
munch-judgement-1348,1348,9441,clp-fragment01-852,ACPROSE,0.065,"The reader is required to follow a series of steps which might, for example, introduce a change in the performance of a complex system.","The reader is required to follow a series of steps which might, for example, necessitate a change in the performance of a complex system.","The reader is required to follow a series of steps which might, for example, present a change in the performance of a complex system.",introduce,necessitate,present,77,86,88,84,a,change,in, a change in,"The reader is required to follow a series of steps which might, for example, introduce a change in","The reader is required to follow a series of steps which might, for example, necessitate a change in","The reader is required to follow a series of steps which might, for example, present a change in"
munch-judgement-1349,1349,9441,clp-fragment01-852,ACPROSE,0.065,"The reader is required to follow a series of steps which might, for example, introduce a change in the performance of a complex system.","The reader is required to follow a series of steps which might, for example, necessitate a change in the performance of a complex system.","The reader is required to follow a series of steps which might, for example, acquaint a change in the performance of a complex system.",introduce,necessitate,acquaint,77,86,88,85,a,change,in, a change in,"The reader is required to follow a series of steps which might, for example, introduce a change in","The reader is required to follow a series of steps which might, for example, necessitate a change in","The reader is required to follow a series of steps which might, for example, acquaint a change in"
munch-judgement-1351,1351,9459,clp-fragment01-859,ACPROSE,-0.121,"In general the value of formal routines is precisely that the operator, left to himself, will not normally function in such a systematic sequential manner.","In general the value of strict routines is precisely that the operator, left to himself, will not normally function in such a systematic sequential manner.","In general the value of schematic routines is precisely that the operator, left to himself, will not normally function in such a systematic sequential manner.",formal,strict,schematic,24,30,30,33,routines,is,precisely, routines is precisely,In general the value of formal routines is precisely,In general the value of strict routines is precisely,In general the value of schematic routines is precisely
munch-judgement-1352,1352,9467,clp-fragment01-863,ACPROSE,-0.091,Rather he is informed about the situation and the purpose of informing him is to provide a knowledge base from which he can work out his own actions.,Rather he is informed about the situation and the purpose of informing him is to provide a knowledge pool from which he can work out his own actions.,Rather he is informed about the situation and the purpose of informing him is to provide a knowledge foundation from which he can work out his own actions.,base,pool,foundation,101,105,105,111,from,which,he, from which he,Rather he is informed about the situation and the purpose of informing him is to provide a knowledge base from which he,Rather he is informed about the situation and the purpose of informing him is to provide a knowledge pool from which he,Rather he is informed about the situation and the purpose of informing him is to provide a knowledge foundation from which he
munch-judgement-1353,1353,9467,clp-fragment01-863,ACPROSE,-0.091,Rather he is informed about the situation and the purpose of informing him is to provide a knowledge base from which he can work out his own actions.,Rather he is informed about the situation and the purpose of informing him is to provide a knowledge pool from which he can work out his own actions.,Rather he is informed about the situation and the purpose of informing him is to provide a knowledge foot from which he can work out his own actions.,base,pool,foot,101,105,105,105,from,which,he, from which he,Rather he is informed about the situation and the purpose of informing him is to provide a knowledge base from which he,Rather he is informed about the situation and the purpose of informing him is to provide a knowledge pool from which he,Rather he is informed about the situation and the purpose of informing him is to provide a knowledge foot from which he
munch-judgement-1354,1354,9467,clp-fragment01-863,ACPROSE,-0.091,Rather he is informed about the situation and the purpose of informing him is to provide a knowledge base from which he can work out his own actions.,Rather he is informed about the situation and the purpose of informing him is to provide a knowledge pool from which he can work out his own actions.,Rather he is informed about the situation and the purpose of informing him is to provide a knowledge groundwork from which he can work out his own actions.,base,pool,groundwork,101,105,105,111,from,which,he, from which he,Rather he is informed about the situation and the purpose of informing him is to provide a knowledge base from which he,Rather he is informed about the situation and the purpose of informing him is to provide a knowledge pool from which he,Rather he is informed about the situation and the purpose of informing him is to provide a knowledge groundwork from which he
munch-judgement-1355,1355,9467,clp-fragment01-863,ACPROSE,-0.091,Rather he is informed about the situation and the purpose of informing him is to provide a knowledge base from which he can work out his own actions.,Rather he is informed about the situation and the purpose of informing him is to provide a knowledge bank from which he can work out his own actions.,Rather he is informed about the situation and the purpose of informing him is to provide a knowledge foundation from which he can work out his own actions.,base,bank,foundation,101,105,105,111,from,which,he, from which he,Rather he is informed about the situation and the purpose of informing him is to provide a knowledge base from which he,Rather he is informed about the situation and the purpose of informing him is to provide a knowledge bank from which he,Rather he is informed about the situation and the purpose of informing him is to provide a knowledge foundation from which he
munch-judgement-1356,1356,9467,clp-fragment01-863,ACPROSE,-0.091,Rather he is informed about the situation and the purpose of informing him is to provide a knowledge base from which he can work out his own actions.,Rather he is informed about the situation and the purpose of informing him is to provide a knowledge bank from which he can work out his own actions.,Rather he is informed about the situation and the purpose of informing him is to provide a knowledge foot from which he can work out his own actions.,base,bank,foot,101,105,105,105,from,which,he, from which he,Rather he is informed about the situation and the purpose of informing him is to provide a knowledge base from which he,Rather he is informed about the situation and the purpose of informing him is to provide a knowledge bank from which he,Rather he is informed about the situation and the purpose of informing him is to provide a knowledge foot from which he
munch-judgement-1357,1357,9467,clp-fragment01-863,ACPROSE,-0.091,Rather he is informed about the situation and the purpose of informing him is to provide a knowledge base from which he can work out his own actions.,Rather he is informed about the situation and the purpose of informing him is to provide a knowledge bank from which he can work out his own actions.,Rather he is informed about the situation and the purpose of informing him is to provide a knowledge groundwork from which he can work out his own actions.,base,bank,groundwork,101,105,105,111,from,which,he, from which he,Rather he is informed about the situation and the purpose of informing him is to provide a knowledge base from which he,Rather he is informed about the situation and the purpose of informing him is to provide a knowledge bank from which he,Rather he is informed about the situation and the purpose of informing him is to provide a knowledge groundwork from which he
munch-judgement-1368,1368,9477,clp-fragment01-870,ACPROSE,0.265,Consider for example how readily information about the relative position of streets is available from a map of a town centre rather than a verbal description of all the streets.,Contemplate for example how readily information about the relative position of streets is available from a map of a town centre rather than a verbal description of all the streets.,Regard for example how readily information about the relative position of streets is available from a map of a town centre rather than a verbal description of all the streets.,Consider,Contemplate,Regard,0,8,11,6,for,example,how, for example how,Consider for example how,Contemplate for example how,Regard for example how
munch-judgement-1369,1369,9478,clp-fragment01-870,ACPROSE,-0.029,Consider for example how readily information about the relative position of streets is available from a map of a town centre rather than a verbal description of all the streets.,Consider for example how readily information about the relative position of streets is available from a map of a town square rather than a verbal description of all the streets.,Consider for example how readily information about the relative position of streets is available from a map of a town middle rather than a verbal description of all the streets.,centre,square,middle,118,124,124,124,rather,than,a, rather than a,Consider for example how readily information about the relative position of streets is available from a map of a town centre rather than a,Consider for example how readily information about the relative position of streets is available from a map of a town square rather than a,Consider for example how readily information about the relative position of streets is available from a map of a town middle rather than a
munch-judgement-1370,1370,9478,clp-fragment01-870,ACPROSE,-0.029,Consider for example how readily information about the relative position of streets is available from a map of a town centre rather than a verbal description of all the streets.,Consider for example how readily information about the relative position of streets is available from a map of a town square rather than a verbal description of all the streets.,Consider for example how readily information about the relative position of streets is available from a map of a town heart rather than a verbal description of all the streets.,centre,square,heart,118,124,124,123,rather,than,a, rather than a,Consider for example how readily information about the relative position of streets is available from a map of a town centre rather than a,Consider for example how readily information about the relative position of streets is available from a map of a town square rather than a,Consider for example how readily information about the relative position of streets is available from a map of a town heart rather than a
munch-judgement-1371,1371,9478,clp-fragment01-870,ACPROSE,-0.029,Consider for example how readily information about the relative position of streets is available from a map of a town centre rather than a verbal description of all the streets.,Consider for example how readily information about the relative position of streets is available from a map of a town square rather than a verbal description of all the streets.,Consider for example how readily information about the relative position of streets is available from a map of a town eye rather than a verbal description of all the streets.,centre,square,eye,118,124,124,121,rather,than,a, rather than a,Consider for example how readily information about the relative position of streets is available from a map of a town centre rather than a,Consider for example how readily information about the relative position of streets is available from a map of a town square rather than a,Consider for example how readily information about the relative position of streets is available from a map of a town eye rather than a
munch-judgement-1375,1375,9530,clp-fragment01-897,ACPROSE,-0.029,"Extensive use of line drawings, schematic diagrams, algorithmic lists is desirable, and where prose is used this also should be structured into short sentences with meaningful separation into paragraphs.","Extensive use of line drawings, schematic diagrams, algorithmic lists is preferable, and where prose is used this also should be structured into short sentences with meaningful separation into paragraphs.","Extensive use of line drawings, schematic diagrams, algorithmic lists is suitable, and where prose is used this also should be structured into short sentences with meaningful separation into paragraphs.",desirable,preferable,suitable,73,82,83,81,and,where,prose,", and where prose","Extensive use of line drawings, schematic diagrams, algorithmic lists is desirable, and where prose","Extensive use of line drawings, schematic diagrams, algorithmic lists is preferable, and where prose","Extensive use of line drawings, schematic diagrams, algorithmic lists is suitable, and where prose"
munch-judgement-1376,1376,9547,clw-fragment01-5,ACPROSE,0.057,In recent years there has been a steady accumulation of evidence that personality and allied affective factors play a crucial role in determining subject choice and student success.,In recent years there has been a steady accumulation of evidence that personality and allied affective factors play a crucial role in determining course choice and student success.,In recent years there has been a steady accumulation of evidence that personality and allied affective factors play a crucial role in determining content choice and student success.,subject,course,content,146,153,152,153,choice,and,student, choice and student,In recent years there has been a steady accumulation of evidence that personality and allied affective factors play a crucial role in determining subject choice and student,In recent years there has been a steady accumulation of evidence that personality and allied affective factors play a crucial role in determining course choice and student,In recent years there has been a steady accumulation of evidence that personality and allied affective factors play a crucial role in determining content choice and student
munch-judgement-1380,1380,9556,clw-fragment01-8,ACPROSE,-0.029,"For example Roe (1952), Eiduson (1962) and McClelland (1962) suggested that male scientists often experienced a lonely childhood, perhaps suffering social isolation through illness or family circumstances, so that they developed a strong interest in their surrounding material world and a below average interest in other people and relationships.","For example Roe (1952), Eiduson (1962) and McClelland (1962) suggested that male scientists often experienced a isolated childhood, perhaps suffering social isolation through illness or family circumstances, so that they developed a strong interest in their surrounding material world and a below average interest in other people and relationships.","For example Roe (1952), Eiduson (1962) and McClelland (1962) suggested that male scientists often experienced a solitary childhood, perhaps suffering social isolation through illness or family circumstances, so that they developed a strong interest in their surrounding material world and a below average interest in other people and relationships.",lonely,isolated,solitary,112,118,120,120,"childhood,",perhaps,suffering," childhood, perhaps suffering","For example Roe (1952), Eiduson (1962) and McClelland (1962) suggested that male scientists often experienced a lonely childhood, perhaps suffering","For example Roe (1952), Eiduson (1962) and McClelland (1962) suggested that male scientists often experienced a isolated childhood, perhaps suffering","For example Roe (1952), Eiduson (1962) and McClelland (1962) suggested that male scientists often experienced a solitary childhood, perhaps suffering"
munch-judgement-1382,1382,9585,clw-fragment01-21,ACPROSE,-0.029,These differences can be seen quite early on; we have found boys aged 14 years who were opting for science to be significantly more authoritarian than their peers.,These differences can be seen quite early on; we have discovered boys aged 14 years who were opting for science to be significantly more authoritarian than their peers.,These differences can be seen quite early on; we have encountered boys aged 14 years who were opting for science to be significantly more authoritarian than their peers.,found,discovered,encountered,54,59,64,65,boys,aged,14, boys aged 14,These differences can be seen quite early on; we have found boys aged 14,These differences can be seen quite early on; we have discovered boys aged 14,These differences can be seen quite early on; we have encountered boys aged 14
munch-judgement-1383,1383,9585,clw-fragment01-21,ACPROSE,-0.029,These differences can be seen quite early on; we have found boys aged 14 years who were opting for science to be significantly more authoritarian than their peers.,These differences can be seen quite early on; we have observed boys aged 14 years who were opting for science to be significantly more authoritarian than their peers.,These differences can be seen quite early on; we have encountered boys aged 14 years who were opting for science to be significantly more authoritarian than their peers.,found,observed,encountered,54,59,62,65,boys,aged,14, boys aged 14,These differences can be seen quite early on; we have found boys aged 14,These differences can be seen quite early on; we have observed boys aged 14,These differences can be seen quite early on; we have encountered boys aged 14
munch-judgement-1385,1385,9597,clw-fragment01-25,ACPROSE,0.219,"In contrast, only a minority of girls express an interest in science at any age but there is no obvious swing from science in the middle and late teens.","In contrast, only a minority of girls express an interest in science at any age but there is no obvious change from science in the middle and late teens.","In contrast, only a minority of girls express an interest in science at any age but there is no obvious vacillation from science in the middle and late teens.",swing,change,vacillation,104,109,110,115,from,science,in, from science in,"In contrast, only a minority of girls express an interest in science at any age but there is no obvious swing from science in","In contrast, only a minority of girls express an interest in science at any age but there is no obvious change from science in","In contrast, only a minority of girls express an interest in science at any age but there is no obvious vacillation from science in"
munch-judgement-1386,1386,9597,clw-fragment01-25,ACPROSE,0.219,"In contrast, only a minority of girls express an interest in science at any age but there is no obvious swing from science in the middle and late teens.","In contrast, only a minority of girls express an interest in science at any age but there is no obvious diversion from science in the middle and late teens.","In contrast, only a minority of girls express an interest in science at any age but there is no obvious vacillation from science in the middle and late teens.",swing,diversion,vacillation,104,109,113,115,from,science,in, from science in,"In contrast, only a minority of girls express an interest in science at any age but there is no obvious swing from science in","In contrast, only a minority of girls express an interest in science at any age but there is no obvious diversion from science in","In contrast, only a minority of girls express an interest in science at any age but there is no obvious vacillation from science in"
munch-judgement-1388,1388,9608,clw-fragment01-28,ACPROSE,0.088,"For example, girls at the age of 12 and 14 years seem to take a more mature attitude to personal relationships, seeing their complexity and reciprocal nature, while boys are more exploitative.","For example, girls at the age of 12 and 14 years seem to take a more mature attitude to personal relationships, seeing their complexity and reciprocal quality, while boys are more exploitative.","For example, girls at the age of 12 and 14 years seem to take a more mature attitude to personal relationships, seeing their complexity and reciprocal trait, while boys are more exploitative.",nature,quality,trait,151,157,158,156,while,boys,are,", while boys are","For example, girls at the age of 12 and 14 years seem to take a more mature attitude to personal relationships, seeing their complexity and reciprocal nature, while boys are","For example, girls at the age of 12 and 14 years seem to take a more mature attitude to personal relationships, seeing their complexity and reciprocal quality, while boys are","For example, girls at the age of 12 and 14 years seem to take a more mature attitude to personal relationships, seeing their complexity and reciprocal trait, while boys are"
munch-judgement-1389,1389,9647,clw-fragment01-45,ACPROSE,0.235,The ego-identity of that person is shaped by these choices.,The ego-identity of that person is determined by these choices.,The ego-identity of that person is formed by these choices.,shaped,determined,formed,35,41,45,41,by,these,choices., by these choices.,The ego-identity of that person is shaped by these choices.,The ego-identity of that person is determined by these choices.,The ego-identity of that person is formed by these choices.
munch-judgement-1390,1390,9649,clw-fragment01-47,ACPROSE,-0.176,"Some problems about identity arise with the young child in the context of home and school, and others occur in later life, for example on retirement.","Some problems about identity arise with the young child in the situation of home and school, and others occur in later life, for example on retirement.","Some problems about identity arise with the young child in the discourse of home and school, and others occur in later life, for example on retirement.",context,situation,discourse,63,70,72,72,of,home,and, of home and,Some problems about identity arise with the young child in the context of home and,Some problems about identity arise with the young child in the situation of home and,Some problems about identity arise with the young child in the discourse of home and
munch-judgement-1391,1391,9670,clw-fragment01-55,ACPROSE,0.059,Figure 16.1 indicates a number of possible routes to ego-identity achievements.,Figure 16.1 indicates a number of possible paths to ego-identity achievements.,Figure 16.1 indicates a number of possible roads to ego-identity achievements.,routes,paths,roads,43,49,48,48,to,ego-identity,achievements., to ego-identity achievements.,Figure 16.1 indicates a number of possible routes to ego-identity achievements.,Figure 16.1 indicates a number of possible paths to ego-identity achievements.,Figure 16.1 indicates a number of possible roads to ego-identity achievements.
munch-judgement-1392,1392,9705,clw-fragment01-65,ACPROSE,-0.059,"Science, with its masculine image, makes little emotional demand on an individual and seems to offer clear, precise answers to problems.","Science, with its masculine appearance, makes little emotional demand on an individual and seems to offer clear, precise answers to problems.","Science, with its masculine picture, makes little emotional demand on an individual and seems to offer clear, precise answers to problems.",image,appearance,picture,28,33,38,35,makes,little,emotional,", makes little emotional","Science, with its masculine image, makes little emotional","Science, with its masculine appearance, makes little emotional","Science, with its masculine picture, makes little emotional"
munch-judgement-1393,1393,9705,clw-fragment01-65,ACPROSE,-0.059,"Science, with its masculine image, makes little emotional demand on an individual and seems to offer clear, precise answers to problems.","Science, with its masculine appearance, makes little emotional demand on an individual and seems to offer clear, precise answers to problems.","Science, with its masculine icon, makes little emotional demand on an individual and seems to offer clear, precise answers to problems.",image,appearance,icon,28,33,38,32,makes,little,emotional,", makes little emotional","Science, with its masculine image, makes little emotional","Science, with its masculine appearance, makes little emotional","Science, with its masculine icon, makes little emotional"
munch-judgement-1394,1394,9705,clw-fragment01-65,ACPROSE,-0.059,"Science, with its masculine image, makes little emotional demand on an individual and seems to offer clear, precise answers to problems.","Science, with its masculine representation, makes little emotional demand on an individual and seems to offer clear, precise answers to problems.","Science, with its masculine picture, makes little emotional demand on an individual and seems to offer clear, precise answers to problems.",image,representation,picture,28,33,42,35,makes,little,emotional,", makes little emotional","Science, with its masculine image, makes little emotional","Science, with its masculine representation, makes little emotional","Science, with its masculine picture, makes little emotional"
munch-judgement-1395,1395,9705,clw-fragment01-65,ACPROSE,-0.059,"Science, with its masculine image, makes little emotional demand on an individual and seems to offer clear, precise answers to problems.","Science, with its masculine representation, makes little emotional demand on an individual and seems to offer clear, precise answers to problems.","Science, with its masculine icon, makes little emotional demand on an individual and seems to offer clear, precise answers to problems.",image,representation,icon,28,33,42,32,makes,little,emotional,", makes little emotional","Science, with its masculine image, makes little emotional","Science, with its masculine representation, makes little emotional","Science, with its masculine icon, makes little emotional"
munch-judgement-1399,1399,9727,clw-fragment01-72,ACPROSE,-0.094,"They are at a stage when they are likely to be concerned with a variety of complex issues; the meaning of life, the existence of God, ideologies, their emerging sexuality, their future career and life-style — too often science is seen as being purely instrumental with nothing to contribute to these debates.","They are at a point when they are likely to be concerned with a variety of complex issues; the meaning of life, the existence of God, ideologies, their emerging sexuality, their future career and life-style — too often science is seen as being purely instrumental with nothing to contribute to these debates.","They are at a leg when they are likely to be concerned with a variety of complex issues; the meaning of life, the existence of God, ideologies, their emerging sexuality, their future career and life-style — too often science is seen as being purely instrumental with nothing to contribute to these debates.",stage,point,leg,14,19,19,17,when,they,are, when they are,They are at a stage when they are,They are at a point when they are,They are at a leg when they are
munch-judgement-1400,1400,9727,clw-fragment01-72,ACPROSE,-0.094,"They are at a stage when they are likely to be concerned with a variety of complex issues; the meaning of life, the existence of God, ideologies, their emerging sexuality, their future career and life-style — too often science is seen as being purely instrumental with nothing to contribute to these debates.","They are at a period when they are likely to be concerned with a variety of complex issues; the meaning of life, the existence of God, ideologies, their emerging sexuality, their future career and life-style — too often science is seen as being purely instrumental with nothing to contribute to these debates.","They are at a leg when they are likely to be concerned with a variety of complex issues; the meaning of life, the existence of God, ideologies, their emerging sexuality, their future career and life-style — too often science is seen as being purely instrumental with nothing to contribute to these debates.",stage,period,leg,14,19,20,17,when,they,are, when they are,They are at a stage when they are,They are at a period when they are,They are at a leg when they are
munch-judgement-1402,1402,9738,clw-fragment01-76,ACPROSE,-0.065,"However, only a minority of adolescents will have reached the ego-identity achievement stage at the age when most pupils have to make crucial decisions about subject choice at school.","However, only a minority of adolescents will have reached the ego-identity achievement phase at the age when most pupils have to make crucial decisions about subject choice at school.","However, only a minority of adolescents will have reached the ego-identity achievement platform at the age when most pupils have to make crucial decisions about subject choice at school.",stage,phase,platform,87,92,92,95,at,the,age, at the age,"However, only a minority of adolescents will have reached the ego-identity achievement stage at the age","However, only a minority of adolescents will have reached the ego-identity achievement phase at the age","However, only a minority of adolescents will have reached the ego-identity achievement platform at the age"
munch-judgement-1403,1403,9768,clw-fragment01-83,ACPROSE,-0.088,We can consider three possible changes:,We can contemplate three possible changes:,We can regard three possible changes:,consider,contemplate,regard,7,15,18,13,three,possible,changes:, three possible changes:,We can consider three possible changes:,We can contemplate three possible changes:,We can regard three possible changes:
munch-judgement-1404,1404,9791,clw-fragment01-93,ACPROSE,-0.114,"Giving science a more feminine image: It is sometimes argued that science textbooks are sexist in showing illustrations of boys, rather than girls, doing practical work in the laboratory, and so forth.","Giving science a more feminine representation: It is sometimes argued that science textbooks are sexist in showing illustrations of boys, rather than girls, doing practical work in the laboratory, and so forth.","Giving science a more feminine picture: It is sometimes argued that science textbooks are sexist in showing illustrations of boys, rather than girls, doing practical work in the laboratory, and so forth.",image,representation,picture,31,36,45,38,It,is,sometimes,: It is sometimes,Giving science a more feminine image: It is sometimes,Giving science a more feminine representation: It is sometimes,Giving science a more feminine picture: It is sometimes
munch-judgement-1405,1405,9791,clw-fragment01-93,ACPROSE,-0.114,"Giving science a more feminine image: It is sometimes argued that science textbooks are sexist in showing illustrations of boys, rather than girls, doing practical work in the laboratory, and so forth.","Giving science a more feminine representation: It is sometimes argued that science textbooks are sexist in showing illustrations of boys, rather than girls, doing practical work in the laboratory, and so forth.","Giving science a more feminine icon: It is sometimes argued that science textbooks are sexist in showing illustrations of boys, rather than girls, doing practical work in the laboratory, and so forth.",image,representation,icon,31,36,45,35,It,is,sometimes,: It is sometimes,Giving science a more feminine image: It is sometimes,Giving science a more feminine representation: It is sometimes,Giving science a more feminine icon: It is sometimes
munch-judgement-1407,1407,9832,clw-fragment01-111,ACPROSE,0.0,"The difference is that we are now offering a formal psychological model to suggest that if we want to reduce the current encapsulation of science, if we want to recruit a different sort of student, then certain curriculum changes are needed.","The difference is that we are now offering a formal psychological framework to suggest that if we want to reduce the current encapsulation of science, if we want to recruit a different sort of student, then certain curriculum changes are needed.","The difference is that we are now offering a formal psychological simulation to suggest that if we want to reduce the current encapsulation of science, if we want to recruit a different sort of student, then certain curriculum changes are needed.",model,framework,simulation,66,71,75,76,to,suggest,that, to suggest that,The difference is that we are now offering a formal psychological model to suggest that,The difference is that we are now offering a formal psychological framework to suggest that,The difference is that we are now offering a formal psychological simulation to suggest that
munch-judgement-1408,1408,9841,clw-fragment01-115,ACPROSE,0.233,Over 90 per cent of entries in all technical subjects are from boys.,Over 90 per cent of entries in all technical disciplines are from boys.,Over 90 per cent of entries in all technical contents are from boys.,subjects,disciplines,contents,45,53,56,53,are,from,boys., are from boys.,Over 90 per cent of entries in all technical subjects are from boys.,Over 90 per cent of entries in all technical disciplines are from boys.,Over 90 per cent of entries in all technical contents are from boys.
munch-judgement-1409,1409,9845,clw-fragment01-116,ACPROSE,-0.061,This means that schoolgirls are ineligible for a wide range of courses in further and higher education and for entry to occupations requiring a scientific or technical base.,This means that schoolgirls are ineligible for a wide range of curricula in further and higher education and for entry to occupations requiring a scientific or technical base.,This means that schoolgirls are ineligible for a wide range of paths in further and higher education and for entry to occupations requiring a scientific or technical base.,courses,curricula,paths,63,70,72,68,in,further,and, in further and,This means that schoolgirls are ineligible for a wide range of courses in further and,This means that schoolgirls are ineligible for a wide range of curricula in further and,This means that schoolgirls are ineligible for a wide range of paths in further and
munch-judgement-1410,1410,9845,clw-fragment01-116,ACPROSE,-0.061,This means that schoolgirls are ineligible for a wide range of courses in further and higher education and for entry to occupations requiring a scientific or technical base.,This means that schoolgirls are ineligible for a wide range of curricula in further and higher education and for entry to occupations requiring a scientific or technical base.,This means that schoolgirls are ineligible for a wide range of tracks in further and higher education and for entry to occupations requiring a scientific or technical base.,courses,curricula,tracks,63,70,72,69,in,further,and, in further and,This means that schoolgirls are ineligible for a wide range of courses in further and,This means that schoolgirls are ineligible for a wide range of curricula in further and,This means that schoolgirls are ineligible for a wide range of tracks in further and
munch-judgement-1412,1412,9853,clw-fragment01-118,ACPROSE,-0.061,"Nevertheless, most schools consider they are already providing equal opportunities by neutral treatment of the two sexes (Bloomfield, 1984).","Nevertheless, most schools consider they are already providing equal opportunities by impartial treatment of the two sexes (Bloomfield, 1984).","Nevertheless, most schools consider they are already providing equal opportunities by achromatic treatment of the two sexes (Bloomfield, 1984).",neutral,impartial,achromatic,86,93,95,96,treatment,of,the, treatment of the,"Nevertheless, most schools consider they are already providing equal opportunities by neutral treatment of the","Nevertheless, most schools consider they are already providing equal opportunities by impartial treatment of the","Nevertheless, most schools consider they are already providing equal opportunities by achromatic treatment of the"
munch-judgement-1413,1413,9857,clw-fragment01-119,ACPROSE,0.294,"In effect, ignoring the effects of gender in this way merely reinforces stereotyping because it does nothing to challenge the definition of certain aspects of the curriculum as masculine or feminine.","In effect, ignoring the effects of gender in this way merely reinforces stereotyping because it does nothing to challenge the definition of certain parts of the curriculum as masculine or feminine.","In effect, ignoring the effects of gender in this way merely reinforces stereotyping because it does nothing to challenge the definition of certain views of the curriculum as masculine or feminine.",aspects,parts,views,148,155,153,153,of,the,curriculum, of the curriculum,"In effect, ignoring the effects of gender in this way merely reinforces stereotyping because it does nothing to challenge the definition of certain aspects of the curriculum","In effect, ignoring the effects of gender in this way merely reinforces stereotyping because it does nothing to challenge the definition of certain parts of the curriculum","In effect, ignoring the effects of gender in this way merely reinforces stereotyping because it does nothing to challenge the definition of certain views of the curriculum"
munch-judgement-1414,1414,9857,clw-fragment01-119,ACPROSE,0.294,"In effect, ignoring the effects of gender in this way merely reinforces stereotyping because it does nothing to challenge the definition of certain aspects of the curriculum as masculine or feminine.","In effect, ignoring the effects of gender in this way merely reinforces stereotyping because it does nothing to challenge the definition of certain parts of the curriculum as masculine or feminine.","In effect, ignoring the effects of gender in this way merely reinforces stereotyping because it does nothing to challenge the definition of certain panoramas of the curriculum as masculine or feminine.",aspects,parts,panoramas,148,155,153,157,of,the,curriculum, of the curriculum,"In effect, ignoring the effects of gender in this way merely reinforces stereotyping because it does nothing to challenge the definition of certain aspects of the curriculum","In effect, ignoring the effects of gender in this way merely reinforces stereotyping because it does nothing to challenge the definition of certain parts of the curriculum","In effect, ignoring the effects of gender in this way merely reinforces stereotyping because it does nothing to challenge the definition of certain panoramas of the curriculum"
munch-judgement-1417,1417,9869,clw-fragment01-123,ACPROSE,0.029,The approach was collaborative: teachers were invited to work with the team as equal partners in the attempts both to investigate and find solutions to the GIST problem.,The strategy was collaborative: teachers were invited to work with the team as equal partners in the attempts both to investigate and find solutions to the GIST problem.,The approaching was collaborative: teachers were invited to work with the team as equal partners in the attempts both to investigate and find solutions to the GIST problem.,approach,strategy,approaching,4,12,12,15,was,collaborative:,teachers, was collaborative: teachers,The approach was collaborative: teachers,The strategy was collaborative: teachers,The approaching was collaborative: teachers
munch-judgement-1418,1418,9869,clw-fragment01-123,ACPROSE,0.029,The approach was collaborative: teachers were invited to work with the team as equal partners in the attempts both to investigate and find solutions to the GIST problem.,The strategy was collaborative: teachers were invited to work with the team as equal partners in the attempts both to investigate and find solutions to the GIST problem.,The coming was collaborative: teachers were invited to work with the team as equal partners in the attempts both to investigate and find solutions to the GIST problem.,approach,strategy,coming,4,12,12,10,was,collaborative:,teachers, was collaborative: teachers,The approach was collaborative: teachers,The strategy was collaborative: teachers,The coming was collaborative: teachers
munch-judgement-1420,1420,9891,clw-fragment01-132,ACPROSE,-0.286,"The GIST hypothesis was that female under-achievement in science and technology is at least partly socially constructed by the school, an hypothesis based on research evidence as well as critical feminist analysis (see, for example, Kelly, 1981).","The GIST hypothesis was that female under-achievement in science and technology is at least partly socially constructed by the school, an hypothesis based on research evidence as well as critical feminist analysis (note, for example, Kelly, 1981).","The GIST hypothesis was that female under-achievement in science and technology is at least partly socially constructed by the school, an hypothesis based on research evidence as well as critical feminist analysis (perceive, for example, Kelly, 1981).",see,note,perceive,215,218,219,223,for,"example,","Kelly,",", for example, Kelly,","The GIST hypothesis was that female under-achievement in science and technology is at least partly socially constructed by the school, an hypothesis based on research evidence as well as critical feminist analysis (see, for example, Kelly,","The GIST hypothesis was that female under-achievement in science and technology is at least partly socially constructed by the school, an hypothesis based on research evidence as well as critical feminist analysis (note, for example, Kelly,","The GIST hypothesis was that female under-achievement in science and technology is at least partly socially constructed by the school, an hypothesis based on research evidence as well as critical feminist analysis (perceive, for example, Kelly,"
munch-judgement-1421,1421,9895,clw-fragment01-133,ACPROSE,0.212,During the project there was a shift away from locating the issue as one of girls' motivation towards attempts to change the nature of school science.,During the project there was a shift away from locating the issue as one of girls' motivation towards attempts to change the essence of school science.,During the project there was a shift away from locating the issue as one of girls' motivation towards attempts to change the trait of school science.,nature,essence,trait,125,131,132,130,of,school,science., of school science.,During the project there was a shift away from locating the issue as one of girls' motivation towards attempts to change the nature of school science.,During the project there was a shift away from locating the issue as one of girls' motivation towards attempts to change the essence of school science.,During the project there was a shift away from locating the issue as one of girls' motivation towards attempts to change the trait of school science.
munch-judgement-1425,1425,9921,clw-fragment01-141,ACPROSE,0.229,"The survey of children's attitudes helped here: research such as Ormerod's (1971; Ormerod and Duckworth, 1975) had shown that girls were interested in the social implications of science, but did not tell teachers what the desirable teaching approach might be in practice.","The study of children's attitudes helped here: research such as Ormerod's (1971; Ormerod and Duckworth, 1975) had shown that girls were interested in the social implications of science, but did not tell teachers what the desirable teaching approach might be in practice.","The view of children's attitudes helped here: research such as Ormerod's (1971; Ormerod and Duckworth, 1975) had shown that girls were interested in the social implications of science, but did not tell teachers what the desirable teaching approach might be in practice.",survey,study,view,4,10,9,8,of,children's,attitudes, of children's attitudes,The survey of children's attitudes,The study of children's attitudes,The view of children's attitudes
munch-judgement-1426,1426,9921,clw-fragment01-141,ACPROSE,0.229,"The survey of children's attitudes helped here: research such as Ormerod's (1971; Ormerod and Duckworth, 1975) had shown that girls were interested in the social implications of science, but did not tell teachers what the desirable teaching approach might be in practice.","The study of children's attitudes helped here: research such as Ormerod's (1971; Ormerod and Duckworth, 1975) had shown that girls were interested in the social implications of science, but did not tell teachers what the desirable teaching approach might be in practice.","The sight of children's attitudes helped here: research such as Ormerod's (1971; Ormerod and Duckworth, 1975) had shown that girls were interested in the social implications of science, but did not tell teachers what the desirable teaching approach might be in practice.",survey,study,sight,4,10,9,9,of,children's,attitudes, of children's attitudes,The survey of children's attitudes,The study of children's attitudes,The sight of children's attitudes
munch-judgement-1428,1428,9926,clw-fragment01-141,ACPROSE,-0.171,"The survey of children's attitudes helped here: research such as Ormerod's (1971; Ormerod and Duckworth, 1975) had shown that girls were interested in the social implications of science, but did not tell teachers what the desirable teaching approach might be in practice.","The survey of children's attitudes helped here: research such as Ormerod's (1971; Ormerod and Duckworth, 1975) had shown that girls were interested in the social implications of science, but did not tell teachers what the desirable teaching style might be in practice.","The survey of children's attitudes helped here: research such as Ormerod's (1971; Ormerod and Duckworth, 1975) had shown that girls were interested in the social implications of science, but did not tell teachers what the desirable teaching approaching might be in practice.",approach,style,approaching,241,249,246,252,might,be,in, might be in,"The survey of children's attitudes helped here: research such as Ormerod's (1971; Ormerod and Duckworth, 1975) had shown that girls were interested in the social implications of science, but did not tell teachers what the desirable teaching approach might be in","The survey of children's attitudes helped here: research such as Ormerod's (1971; Ormerod and Duckworth, 1975) had shown that girls were interested in the social implications of science, but did not tell teachers what the desirable teaching style might be in","The survey of children's attitudes helped here: research such as Ormerod's (1971; Ormerod and Duckworth, 1975) had shown that girls were interested in the social implications of science, but did not tell teachers what the desirable teaching approaching might be in"
munch-judgement-1429,1429,9926,clw-fragment01-141,ACPROSE,-0.171,"The survey of children's attitudes helped here: research such as Ormerod's (1971; Ormerod and Duckworth, 1975) had shown that girls were interested in the social implications of science, but did not tell teachers what the desirable teaching approach might be in practice.","The survey of children's attitudes helped here: research such as Ormerod's (1971; Ormerod and Duckworth, 1975) had shown that girls were interested in the social implications of science, but did not tell teachers what the desirable teaching style might be in practice.","The survey of children's attitudes helped here: research such as Ormerod's (1971; Ormerod and Duckworth, 1975) had shown that girls were interested in the social implications of science, but did not tell teachers what the desirable teaching coming might be in practice.",approach,style,coming,241,249,246,247,might,be,in, might be in,"The survey of children's attitudes helped here: research such as Ormerod's (1971; Ormerod and Duckworth, 1975) had shown that girls were interested in the social implications of science, but did not tell teachers what the desirable teaching approach might be in","The survey of children's attitudes helped here: research such as Ormerod's (1971; Ormerod and Duckworth, 1975) had shown that girls were interested in the social implications of science, but did not tell teachers what the desirable teaching style might be in","The survey of children's attitudes helped here: research such as Ormerod's (1971; Ormerod and Duckworth, 1975) had shown that girls were interested in the social implications of science, but did not tell teachers what the desirable teaching coming might be in"
munch-judgement-1431,1431,9941,clw-fragment01-148,ACPROSE,0.062,"At present the science curriculum is structured around physical science interests, on which boys are keener (how motor cars work, atoms and molecules); we were able to recommend that teaching build on the overlapping interests of the two sexes, because girls as well as boys want to know more about human biology and spectacular features of the environment (animals in the jungle, volcanoes and earthquakes, acids and chemicals).","At present the science curriculum is structured around physical science topics, on which boys are keener (how motor cars work, atoms and molecules); we were able to recommend that teaching build on the overlapping interests of the two sexes, because girls as well as boys want to know more about human biology and spectacular features of the environment (animals in the jungle, volcanoes and earthquakes, acids and chemicals).","At present the science curriculum is structured around physical science involvements, on which boys are keener (how motor cars work, atoms and molecules); we were able to recommend that teaching build on the overlapping interests of the two sexes, because girls as well as boys want to know more about human biology and spectacular features of the environment (animals in the jungle, volcanoes and earthquakes, acids and chemicals).",interests,topics,involvements,72,81,78,84,on,which,boys,", on which boys","At present the science curriculum is structured around physical science interests, on which boys","At present the science curriculum is structured around physical science topics, on which boys","At present the science curriculum is structured around physical science involvements, on which boys"
munch-judgement-1432,1432,9953,clw-fragment01-150,ACPROSE,0.188,"When women scientists employ such approaches, and describe their own work, as happened during the VISTA programme, girls are receiving double encouragement.","When women scientists employ such methods, and describe their own work, as happened during the VISTA programme, girls are receiving double encouragement.","When women scientists employ such comings, and describe their own work, as happened during the VISTA programme, girls are receiving double encouragement.",approaches,methods,comings,34,44,41,41,and,describe,their,", and describe their","When women scientists employ such approaches, and describe their","When women scientists employ such methods, and describe their","When women scientists employ such comings, and describe their"
munch-judgement-1433,1433,9953,clw-fragment01-150,ACPROSE,0.188,"When women scientists employ such approaches, and describe their own work, as happened during the VISTA programme, girls are receiving double encouragement.","When women scientists employ such procedures, and describe their own work, as happened during the VISTA programme, girls are receiving double encouragement.","When women scientists employ such comings, and describe their own work, as happened during the VISTA programme, girls are receiving double encouragement.",approaches,procedures,comings,34,44,44,41,and,describe,their,", and describe their","When women scientists employ such approaches, and describe their","When women scientists employ such procedures, and describe their","When women scientists employ such comings, and describe their"
munch-judgement-1436,1436,9997,clw-fragment01-161,ACPROSE,0.0,"The GIST interventions described above relate to three of these: VISTA women, albeit briefly and temporarily, redressed the numerical balance by offering female role models of practising scientists; VISTA and the curriculum development which followed involved a limited ‘repackaging’ of science to remove its exclusively masculine appeal, and the single-sex classes and classroom observation showed how science comes to be defined as ‘masculine’ in the mixed school.","The GIST interventions described above relate to three of these: VISTA women, albeit briefly and temporarily, redressed the numerical balance by offering female role models of practising scientists; VISTA and the curriculum development which followed involved a limited ‘repackaging’ of science to remove its exclusively masculine charm, and the single-sex classes and classroom observation showed how science comes to be defined as ‘masculine’ in the mixed school.","The GIST interventions described above relate to three of these: VISTA women, albeit briefly and temporarily, redressed the numerical balance by offering female role models of practising scientists; VISTA and the curriculum development which followed involved a limited ‘repackaging’ of science to remove its exclusively masculine entreaty, and the single-sex classes and classroom observation showed how science comes to be defined as ‘masculine’ in the mixed school.",appeal,charm,entreaty,331,337,336,339,and,the,single-sex,", and the single-sex","The GIST interventions described above relate to three of these: VISTA women, albeit briefly and temporarily, redressed the numerical balance by offering female role models of practising scientists; VISTA and the curriculum development which followed involved a limited ‘repackaging’ of science to remove its exclusively masculine appeal, and the single-sex","The GIST interventions described above relate to three of these: VISTA women, albeit briefly and temporarily, redressed the numerical balance by offering female role models of practising scientists; VISTA and the curriculum development which followed involved a limited ‘repackaging’ of science to remove its exclusively masculine charm, and the single-sex","The GIST interventions described above relate to three of these: VISTA women, albeit briefly and temporarily, redressed the numerical balance by offering female role models of practising scientists; VISTA and the curriculum development which followed involved a limited ‘repackaging’ of science to remove its exclusively masculine entreaty, and the single-sex"
munch-judgement-1437,1437,9997,clw-fragment01-161,ACPROSE,0.0,"The GIST interventions described above relate to three of these: VISTA women, albeit briefly and temporarily, redressed the numerical balance by offering female role models of practising scientists; VISTA and the curriculum development which followed involved a limited ‘repackaging’ of science to remove its exclusively masculine appeal, and the single-sex classes and classroom observation showed how science comes to be defined as ‘masculine’ in the mixed school.","The GIST interventions described above relate to three of these: VISTA women, albeit briefly and temporarily, redressed the numerical balance by offering female role models of practising scientists; VISTA and the curriculum development which followed involved a limited ‘repackaging’ of science to remove its exclusively masculine charm, and the single-sex classes and classroom observation showed how science comes to be defined as ‘masculine’ in the mixed school.","The GIST interventions described above relate to three of these: VISTA women, albeit briefly and temporarily, redressed the numerical balance by offering female role models of practising scientists; VISTA and the curriculum development which followed involved a limited ‘repackaging’ of science to remove its exclusively masculine prayer, and the single-sex classes and classroom observation showed how science comes to be defined as ‘masculine’ in the mixed school.",appeal,charm,prayer,331,337,336,337,and,the,single-sex,", and the single-sex","The GIST interventions described above relate to three of these: VISTA women, albeit briefly and temporarily, redressed the numerical balance by offering female role models of practising scientists; VISTA and the curriculum development which followed involved a limited ‘repackaging’ of science to remove its exclusively masculine appeal, and the single-sex","The GIST interventions described above relate to three of these: VISTA women, albeit briefly and temporarily, redressed the numerical balance by offering female role models of practising scientists; VISTA and the curriculum development which followed involved a limited ‘repackaging’ of science to remove its exclusively masculine charm, and the single-sex","The GIST interventions described above relate to three of these: VISTA women, albeit briefly and temporarily, redressed the numerical balance by offering female role models of practising scientists; VISTA and the curriculum development which followed involved a limited ‘repackaging’ of science to remove its exclusively masculine prayer, and the single-sex"
munch-judgement-1440,1440,10021,crs-fragment01-6,ACPROSE,0.324,This chapter is an account of the way they perceived attempts to develop integrated provision for under fives and the barriers in attitudes and systems which were encountered.,This chapter is an account of the way they perceived attempts to develop integrated provision for under fives and the barriers in perspectives and systems which were encountered.,This chapter is an account of the way they perceived attempts to develop integrated provision for under fives and the barriers in postures and systems which were encountered.,attitudes,perspectives,postures,130,139,142,138,and,systems,which, and systems which,This chapter is an account of the way they perceived attempts to develop integrated provision for under fives and the barriers in attitudes and systems which,This chapter is an account of the way they perceived attempts to develop integrated provision for under fives and the barriers in perspectives and systems which,This chapter is an account of the way they perceived attempts to develop integrated provision for under fives and the barriers in postures and systems which
munch-judgement-1441,1441,10034,crs-fragment01-10,ACPROSE,0.059,"The fourth section examines the formidable barriers that were posed by reorganisation of social services, local authority cuts and the demise of the Inner London Education Authority.","The fourth section examines the formidable barriers that were posed by reorganisation of social services, local authority reductions and the demise of the Inner London Education Authority.","The fourth section examines the formidable barriers that were posed by reorganisation of social services, local authority slashes and the demise of the Inner London Education Authority.",cuts,reductions,slashes,122,126,132,129,and,the,demise, and the demise,"The fourth section examines the formidable barriers that were posed by reorganisation of social services, local authority cuts and the demise","The fourth section examines the formidable barriers that were posed by reorganisation of social services, local authority reductions and the demise","The fourth section examines the formidable barriers that were posed by reorganisation of social services, local authority slashes and the demise"
munch-judgement-1442,1442,10034,crs-fragment01-10,ACPROSE,0.059,"The fourth section examines the formidable barriers that were posed by reorganisation of social services, local authority cuts and the demise of the Inner London Education Authority.","The fourth section examines the formidable barriers that were posed by reorganisation of social services, local authority reductions and the demise of the Inner London Education Authority.","The fourth section examines the formidable barriers that were posed by reorganisation of social services, local authority slices and the demise of the Inner London Education Authority.",cuts,reductions,slices,122,126,132,128,and,the,demise, and the demise,"The fourth section examines the formidable barriers that were posed by reorganisation of social services, local authority cuts and the demise","The fourth section examines the formidable barriers that were posed by reorganisation of social services, local authority reductions and the demise","The fourth section examines the formidable barriers that were posed by reorganisation of social services, local authority slices and the demise"
munch-judgement-1444,1444,10067,crs-fragment01-37,ACPROSE,0.0,"They were joined in the network by specialist teachers, funded by the ILEA and based in the special schools, who visited children at home before they were due to start school.","They were joined in the community by specialist teachers, funded by the ILEA and based in the special schools, who visited children at home before they were due to start school.","They were joined in the mesh by specialist teachers, funded by the ILEA and based in the special schools, who visited children at home before they were due to start school.",network,community,mesh,24,31,33,28,by,specialist,"teachers,"," by specialist teachers,","They were joined in the network by specialist teachers,","They were joined in the community by specialist teachers,","They were joined in the mesh by specialist teachers,"
munch-judgement-1445,1445,10118,crs-fragment01-71,ACPROSE,-0.265,"One Afro-Caribbean woman described how she felt that she was never given a choice of provision for her son, and objected to being told he should be in a specialist nursery for his own good.","One Afro-Caribbean woman described how she perceived that she was never given a choice of provision for her son, and objected to being told he should be in a specialist nursery for his own good.","One Afro-Caribbean woman described how she sensed that she was never given a choice of provision for her son, and objected to being told he should be in a specialist nursery for his own good.",felt,perceived,sensed,43,47,52,49,that,she,was, that she was,One Afro-Caribbean woman described how she felt that she was,One Afro-Caribbean woman described how she perceived that she was,One Afro-Caribbean woman described how she sensed that she was
munch-judgement-1446,1446,10118,crs-fragment01-71,ACPROSE,-0.265,"One Afro-Caribbean woman described how she felt that she was never given a choice of provision for her son, and objected to being told he should be in a specialist nursery for his own good.","One Afro-Caribbean woman described how she perceived that she was never given a choice of provision for her son, and objected to being told he should be in a specialist nursery for his own good.","One Afro-Caribbean woman described how she fingered that she was never given a choice of provision for her son, and objected to being told he should be in a specialist nursery for his own good.",felt,perceived,fingered,43,47,52,51,that,she,was, that she was,One Afro-Caribbean woman described how she felt that she was,One Afro-Caribbean woman described how she perceived that she was,One Afro-Caribbean woman described how she fingered that she was
munch-judgement-1448,1448,10138,crs-fragment01-85,ACPROSE,0.382,"These ideas were informed by a paper which had already been produced by an active member of the local Mencap group, who had previously tried to generate the debate within the Community Health Service through the Mencap committee.","These ideas were informed by a paper which had already been produced by an active member of the local Mencap group, who had previously tried to start the debate within the Community Health Service through the Mencap committee.","These ideas were informed by a paper which had already been produced by an active member of the local Mencap group, who had previously tried to get the debate within the Community Health Service through the Mencap committee.",generate,start,get,144,152,149,147,the,debate,within, the debate within,"These ideas were informed by a paper which had already been produced by an active member of the local Mencap group, who had previously tried to generate the debate within","These ideas were informed by a paper which had already been produced by an active member of the local Mencap group, who had previously tried to start the debate within","These ideas were informed by a paper which had already been produced by an active member of the local Mencap group, who had previously tried to get the debate within"
munch-judgement-1449,1449,10138,crs-fragment01-85,ACPROSE,0.382,"These ideas were informed by a paper which had already been produced by an active member of the local Mencap group, who had previously tried to generate the debate within the Community Health Service through the Mencap committee.","These ideas were informed by a paper which had already been produced by an active member of the local Mencap group, who had previously tried to start the debate within the Community Health Service through the Mencap committee.","These ideas were informed by a paper which had already been produced by an active member of the local Mencap group, who had previously tried to sire the debate within the Community Health Service through the Mencap committee.",generate,start,sire,144,152,149,148,the,debate,within, the debate within,"These ideas were informed by a paper which had already been produced by an active member of the local Mencap group, who had previously tried to generate the debate within","These ideas were informed by a paper which had already been produced by an active member of the local Mencap group, who had previously tried to start the debate within","These ideas were informed by a paper which had already been produced by an active member of the local Mencap group, who had previously tried to sire the debate within"
munch-judgement-1451,1451,10142,crs-fragment01-88,ACPROSE,-0.094,Prior to the conference various groups met to produce short contributions to the debate.,Prior to the conference various groups met to create short contributions to the debate.,Prior to the conference various groups met to make short contributions to the debate.,produce,create,make,46,53,52,50,short,contributions,to, short contributions to,Prior to the conference various groups met to produce short contributions to,Prior to the conference various groups met to create short contributions to,Prior to the conference various groups met to make short contributions to
munch-judgement-1453,1453,10187,cty-fragment03-463,ACPROSE,0.258,"And in this sense it must be said that the Resistance experience, by making us believe that politics is a relationship between man and man or between consciousnesses, fostered our illusions of 1939 and masked the truth of the incredible power of history which the Occupation taught us in another connection.","And in this sense it must be said that the Resistance experience, by making us believe that politics is a relationship between man and man or between consciousnesses, fostered our illusions of 1939 and hid the truth of the incredible power of history which the Occupation taught us in another connection.","And in this sense it must be said that the Resistance experience, by making us believe that politics is a relationship between man and man or between consciousnesses, fostered our illusions of 1939 and covered the truth of the incredible power of history which the Occupation taught us in another connection.",masked,hid,covered,202,208,205,209,the,truth,of, the truth of,"And in this sense it must be said that the Resistance experience, by making us believe that politics is a relationship between man and man or between consciousnesses, fostered our illusions of 1939 and masked the truth of","And in this sense it must be said that the Resistance experience, by making us believe that politics is a relationship between man and man or between consciousnesses, fostered our illusions of 1939 and hid the truth of","And in this sense it must be said that the Resistance experience, by making us believe that politics is a relationship between man and man or between consciousnesses, fostered our illusions of 1939 and covered the truth of"
munch-judgement-1454,1454,10192,cty-fragment03-464,ACPROSE,-0.097,"If by 1945 Merleau-ponty had here already indicated the historical basis for what was to become Sartre's project in the Critique, the theoretical problem that followed was how to unite orthodox Marxist concepts of economic determinism and historical necessity with the individualism of Sartre's earlier work, that is the existentialist notion of the authentic self and the possibility of choosing one's own freedom: how to relocate human practice within historical determinism, to reconcile the individual with the social, the idea of agency with that of necessity, or freedom with history?","If by 1945 Merleau-ponty had here already suggested the historical basis for what was to become Sartre's project in the Critique, the theoretical problem that followed was how to unite orthodox Marxist concepts of economic determinism and historical necessity with the individualism of Sartre's earlier work, that is the existentialist notion of the authentic self and the possibility of choosing one's own freedom: how to relocate human practice within historical determinism, to reconcile the individual with the social, the idea of agency with that of necessity, or freedom with history?","If by 1945 Merleau-ponty had here already pointed the historical basis for what was to become Sartre's project in the Critique, the theoretical problem that followed was how to unite orthodox Marxist concepts of economic determinism and historical necessity with the individualism of Sartre's earlier work, that is the existentialist notion of the authentic self and the possibility of choosing one's own freedom: how to relocate human practice within historical determinism, to reconcile the individual with the social, the idea of agency with that of necessity, or freedom with history?",indicated,suggested,pointed,42,51,51,49,the,historical,basis, the historical basis,If by 1945 Merleau-ponty had here already indicated the historical basis,If by 1945 Merleau-ponty had here already suggested the historical basis,If by 1945 Merleau-ponty had here already pointed the historical basis
munch-judgement-1455,1455,10196,cty-fragment03-464,ACPROSE,0.062,"If by 1945 Merleau-ponty had here already indicated the historical basis for what was to become Sartre's project in the Critique, the theoretical problem that followed was how to unite orthodox Marxist concepts of economic determinism and historical necessity with the individualism of Sartre's earlier work, that is the existentialist notion of the authentic self and the possibility of choosing one's own freedom: how to relocate human practice within historical determinism, to reconcile the individual with the social, the idea of agency with that of necessity, or freedom with history?","If by 1945 Merleau-ponty had here already indicated the historical basis for what was to become Sartre's project in the Critique, the theoretical problem that followed was how to unite orthodox Marxist concepts of economic determinism and historical necessity with the individualism of Sartre's earlier work, that is the existentialist notion of the authentic self and the possibility of choosing one's own freedom: how to relocate human practice within historical determinism, to reunite the individual with the social, the idea of agency with that of necessity, or freedom with history?","If by 1945 Merleau-ponty had here already indicated the historical basis for what was to become Sartre's project in the Critique, the theoretical problem that followed was how to unite orthodox Marxist concepts of economic determinism and historical necessity with the individualism of Sartre's earlier work, that is the existentialist notion of the authentic self and the possibility of choosing one's own freedom: how to relocate human practice within historical determinism, to conciliate the individual with the social, the idea of agency with that of necessity, or freedom with history?",reconcile,reunite,conciliate,481,490,488,491,the,individual,with, the individual with,"If by 1945 Merleau-ponty had here already indicated the historical basis for what was to become Sartre's project in the Critique, the theoretical problem that followed was how to unite orthodox Marxist concepts of economic determinism and historical necessity with the individualism of Sartre's earlier work, that is the existentialist notion of the authentic self and the possibility of choosing one's own freedom: how to relocate human practice within historical determinism, to reconcile the individual with","If by 1945 Merleau-ponty had here already indicated the historical basis for what was to become Sartre's project in the Critique, the theoretical problem that followed was how to unite orthodox Marxist concepts of economic determinism and historical necessity with the individualism of Sartre's earlier work, that is the existentialist notion of the authentic self and the possibility of choosing one's own freedom: how to relocate human practice within historical determinism, to reunite the individual with","If by 1945 Merleau-ponty had here already indicated the historical basis for what was to become Sartre's project in the Critique, the theoretical problem that followed was how to unite orthodox Marxist concepts of economic determinism and historical necessity with the individualism of Sartre's earlier work, that is the existentialist notion of the authentic self and the possibility of choosing one's own freedom: how to relocate human practice within historical determinism, to conciliate the individual with"
munch-judgement-1456,1456,10200,cty-fragment03-467,ACPROSE,-0.273,"Accordingly, he attempted to shift Marxism away from orthodox theories of an absolute determinism towards the primacy of a concept of ‘History’ which, while still a totality as it had been for Lukács, a process with a determinate meaning and end, could also include a concept of human agency and thus articulate the individual with the social, freedom with determinism.","Accordingly, he attempted to divert Marxism away from orthodox theories of an absolute determinism towards the primacy of a concept of ‘History’ which, while still a totality as it had been for Lukács, a process with a determinate meaning and end, could also include a concept of human agency and thus articulate the individual with the social, freedom with determinism.","Accordingly, he attempted to dislodge Marxism away from orthodox theories of an absolute determinism towards the primacy of a concept of ‘History’ which, while still a totality as it had been for Lukács, a process with a determinate meaning and end, could also include a concept of human agency and thus articulate the individual with the social, freedom with determinism.",shift,divert,dislodge,29,34,35,37,Marxism,away,from, Marxism away from,"Accordingly, he attempted to shift Marxism away from","Accordingly, he attempted to divert Marxism away from","Accordingly, he attempted to dislodge Marxism away from"
munch-judgement-1457,1457,10212,cty-fragment03-469,ACPROSE,0.114,"Sartre's stress on the role of the subject also finds approval because many of those no longer prepared to argue for a general theory of history as the progress of a single narrative of class-struggle, have begun to argue instead for a return of its correlative, the subject, almost as if it was the next best thing in the absence of history itself.","Sartre's emphasis on the role of the subject also finds approval because many of those no longer prepared to argue for a general theory of history as the progress of a single narrative of class-struggle, have begun to argue instead for a return of its correlative, the subject, almost as if it was the next best thing in the absence of history itself.","Sartre's accent on the role of the subject also finds approval because many of those no longer prepared to argue for a general theory of history as the progress of a single narrative of class-struggle, have begun to argue instead for a return of its correlative, the subject, almost as if it was the next best thing in the absence of history itself.",stress,emphasis,accent,9,15,17,15,on,the,role, on the role,Sartre's stress on the role,Sartre's emphasis on the role,Sartre's accent on the role
munch-judgement-1458,1458,10222,cty-fragment03-469,ACPROSE,0.061,"Sartre's stress on the role of the subject also finds approval because many of those no longer prepared to argue for a general theory of history as the progress of a single narrative of class-struggle, have begun to argue instead for a return of its correlative, the subject, almost as if it was the next best thing in the absence of history itself.","Sartre's stress on the role of the subject also finds approval because many of those no longer prepared to argue for a general theory of history as the progress of a single narrative of class-struggle, have begun to argue instead for a return of its correlative, the subject, almost as if it was the next best idea in the absence of history itself.","Sartre's stress on the role of the subject also finds approval because many of those no longer prepared to argue for a general theory of history as the progress of a single narrative of class-struggle, have begun to argue instead for a return of its correlative, the subject, almost as if it was the next best entity in the absence of history itself.",thing,idea,entity,310,315,314,316,in,the,absence, in the absence,"Sartre's stress on the role of the subject also finds approval because many of those no longer prepared to argue for a general theory of history as the progress of a single narrative of class-struggle, have begun to argue instead for a return of its correlative, the subject, almost as if it was the next best thing in the absence","Sartre's stress on the role of the subject also finds approval because many of those no longer prepared to argue for a general theory of history as the progress of a single narrative of class-struggle, have begun to argue instead for a return of its correlative, the subject, almost as if it was the next best idea in the absence","Sartre's stress on the role of the subject also finds approval because many of those no longer prepared to argue for a general theory of history as the progress of a single narrative of class-struggle, have begun to argue instead for a return of its correlative, the subject, almost as if it was the next best entity in the absence"
munch-judgement-1459,1459,10229,cty-fragment03-473,ACPROSE,-0.147,‘Never has homo faber better understood that he has made history and never has he felt so powerless before history’.,‘Never has homo faber better understood that he has made history and never has he been so powerless before history’.,‘Never has homo faber better understood that he has made history and never has he sensed so powerless before history’.,felt,been,sensed,82,86,86,88,so,powerless,before, so powerless before,‘Never has homo faber better understood that he has made history and never has he felt so powerless before,‘Never has homo faber better understood that he has made history and never has he been so powerless before,‘Never has homo faber better understood that he has made history and never has he sensed so powerless before
munch-judgement-1460,1460,10255,cty-fragment03-479,ACPROSE,0.152,"Though this neatly solves the problem of how man can make history while at the same time history makes him, it does not answer the larger question of how a multiplicity of the products of individual acts, ‘totalizations’, can themselves be totalized into the overall totalization required by the logic of dialectical rationality — rather than being the arbitrary, blind and self-cancelling movements of, say, Hardy's immanent will.","Though this neatly solves the problem of how man can make history while at the same time history makes him, it does not answer the larger question of how a multiplicity of the products of individual acts, ‘totalizations’, can themselves be totalized into the overall totalization required by the logic of dialectical rationality — rather than being the arbitrary, blind and self-cancelling actions of, say, Hardy's immanent will.","Though this neatly solves the problem of how man can make history while at the same time history makes him, it does not answer the larger question of how a multiplicity of the products of individual acts, ‘totalizations’, can themselves be totalized into the overall totalization required by the logic of dialectical rationality — rather than being the arbitrary, blind and self-cancelling motilities of, say, Hardy's immanent will.",movements,actions,motilities,390,399,397,400,"of,","say,",Hardy's," of, say, Hardy's","Though this neatly solves the problem of how man can make history while at the same time history makes him, it does not answer the larger question of how a multiplicity of the products of individual acts, ‘totalizations’, can themselves be totalized into the overall totalization required by the logic of dialectical rationality — rather than being the arbitrary, blind and self-cancelling movements of, say, Hardy's","Though this neatly solves the problem of how man can make history while at the same time history makes him, it does not answer the larger question of how a multiplicity of the products of individual acts, ‘totalizations’, can themselves be totalized into the overall totalization required by the logic of dialectical rationality — rather than being the arbitrary, blind and self-cancelling actions of, say, Hardy's","Though this neatly solves the problem of how man can make history while at the same time history makes him, it does not answer the larger question of how a multiplicity of the products of individual acts, ‘totalizations’, can themselves be totalized into the overall totalization required by the logic of dialectical rationality — rather than being the arbitrary, blind and self-cancelling motilities of, say, Hardy's"
munch-judgement-1461,1461,10265,cty-fragment03-481,ACPROSE,-0.229,"For the whole basis of Sartre's argument is that the dialectic of history is not a metaphysical law, ‘some powerful unitary force revealing itself behind History like the will of God’, but the continuously produced effect of individual conflicts; each action is in its turn subsumed as a part of the whole in an ever broader, developing totalization (I, 37).","For the whole basis of Sartre's argument is that the dialectic of history is not a metaphysical rule, ‘some powerful unitary force revealing itself behind History like the will of God’, but the continuously produced effect of individual conflicts; each action is in its turn subsumed as a part of the whole in an ever broader, developing totalization (I, 37).","For the whole basis of Sartre's argument is that the dialectic of history is not a metaphysical jurisprudence, ‘some powerful unitary force revealing itself behind History like the will of God’, but the continuously produced effect of individual conflicts; each action is in its turn subsumed as a part of the whole in an ever broader, developing totalization (I, 37).",law,rule,jurisprudence,96,99,100,109,‘some,powerful,unitary,", ‘some powerful unitary","For the whole basis of Sartre's argument is that the dialectic of history is not a metaphysical law, ‘some powerful unitary","For the whole basis of Sartre's argument is that the dialectic of history is not a metaphysical rule, ‘some powerful unitary","For the whole basis of Sartre's argument is that the dialectic of history is not a metaphysical jurisprudence, ‘some powerful unitary"
munch-judgement-1462,1462,10297,cty-fragment03-492,ACPROSE,0.353,"While he suggests in apocalyptic tones in The Problem of Method that this process of self-consciousness is at last beginning to take place, and that civil, foreign and colonial wars are becoming apparent as different forms of a single class struggle, Sartre also admits that the divorce between theory and praxis which ensued under Stalinism has generally prevented any clear self-consciousness among the masses.","While he suggests in apocalyptic language in The Problem of Method that this process of self-consciousness is at last beginning to take place, and that civil, foreign and colonial wars are becoming apparent as different forms of a single class struggle, Sartre also admits that the divorce between theory and praxis which ensued under Stalinism has generally prevented any clear self-consciousness among the masses.","While he suggests in apocalyptic speeches in The Problem of Method that this process of self-consciousness is at last beginning to take place, and that civil, foreign and colonial wars are becoming apparent as different forms of a single class struggle, Sartre also admits that the divorce between theory and praxis which ensued under Stalinism has generally prevented any clear self-consciousness among the masses.",tones,language,speeches,33,38,41,41,in,The,Problem, in The Problem,While he suggests in apocalyptic tones in The Problem,While he suggests in apocalyptic language in The Problem,While he suggests in apocalyptic speeches in The Problem
munch-judgement-1464,1464,10312,cty-fragment03-494,ACPROSE,0.375,"It is therefore, Sartre argues, our historical task to make it known, promoting not just the historical process as such, but also the general recognition whereby the plurality of the meanings of individual histories can be seen to combine to make one history, with one meaning — the ‘Truth of humanity’ (I, 822).","It is therefore, Sartre argues, our historical task to make it known, promoting not just the historical process as such, but also the general acknowledgement whereby the plurality of the meanings of individual histories can be seen to combine to make one history, with one meaning — the ‘Truth of humanity’ (I, 822).","It is therefore, Sartre argues, our historical task to make it known, promoting not just the historical process as such, but also the general identification whereby the plurality of the meanings of individual histories can be seen to combine to make one history, with one meaning — the ‘Truth of humanity’ (I, 822).",recognition,acknowledgement,identification,142,153,157,156,whereby,the,plurality, whereby the plurality,"It is therefore, Sartre argues, our historical task to make it known, promoting not just the historical process as such, but also the general recognition whereby the plurality","It is therefore, Sartre argues, our historical task to make it known, promoting not just the historical process as such, but also the general acknowledgement whereby the plurality","It is therefore, Sartre argues, our historical task to make it known, promoting not just the historical process as such, but also the general identification whereby the plurality"
munch-judgement-1465,1465,10318,cty-fragment03-495,ACPROSE,0.25,"Sartre's account thus sets up the articulation of history, univocal meaning, and totality as the indissoluble set of elements required for the validation of Marxism, necessary in order to save it from its detour from itself.","Sartre's account thus sets up the demonstration of history, univocal meaning, and totality as the indissoluble set of elements required for the validation of Marxism, necessary in order to save it from its detour from itself.","Sartre's account thus sets up the pronunciation of history, univocal meaning, and totality as the indissoluble set of elements required for the validation of Marxism, necessary in order to save it from its detour from itself.",articulation,demonstration,pronunciation,34,46,47,47,of,"history,",univocal," of history, univocal","Sartre's account thus sets up the articulation of history, univocal","Sartre's account thus sets up the demonstration of history, univocal","Sartre's account thus sets up the pronunciation of history, univocal"
munch-judgement-1466,1466,10318,cty-fragment03-495,ACPROSE,0.25,"Sartre's account thus sets up the articulation of history, univocal meaning, and totality as the indissoluble set of elements required for the validation of Marxism, necessary in order to save it from its detour from itself.","Sartre's account thus sets up the understanding of history, univocal meaning, and totality as the indissoluble set of elements required for the validation of Marxism, necessary in order to save it from its detour from itself.","Sartre's account thus sets up the pronunciation of history, univocal meaning, and totality as the indissoluble set of elements required for the validation of Marxism, necessary in order to save it from its detour from itself.",articulation,understanding,pronunciation,34,46,47,47,of,"history,",univocal," of history, univocal","Sartre's account thus sets up the articulation of history, univocal","Sartre's account thus sets up the understanding of history, univocal","Sartre's account thus sets up the pronunciation of history, univocal"
munch-judgement-1471,1471,10333,cty-fragment03-498,ACPROSE,0.364,"How can History be a unity if it is also conflictual, if each action is aimed at destroying the other and results in a double negation in which the original aims of each action have been destroyed by the other?","How can History be a unity if it is also conflictual, if each action is aimed at destroying the other and results in a double negation in which the original aims of each action have been demolished by the other?","How can History be a unity if it is also conflictual, if each action is aimed at destroying the other and results in a double negation in which the original aims of each action have been destructed by the other?",destroyed,demolished,destructed,187,196,197,197,by,the,other?, by the other?,"How can History be a unity if it is also conflictual, if each action is aimed at destroying the other and results in a double negation in which the original aims of each action have been destroyed by the other?","How can History be a unity if it is also conflictual, if each action is aimed at destroying the other and results in a double negation in which the original aims of each action have been demolished by the other?","How can History be a unity if it is also conflictual, if each action is aimed at destroying the other and results in a double negation in which the original aims of each action have been destructed by the other?"
munch-judgement-1472,1472,10360,cty-fragment03-511,ACPROSE,-0.059,"For the ‘dogmatic dialectic’, as he describes dialectical materialism, the whole question naturally poses no problem, for each person or group simply constitutes a partial moment of an already operative movement of totalization that produces them and then goes beyond them.","For the ‘dogmatic dialectic’, as he describes dialectical materialism, the whole question naturally poses no problem, for each person or group simply constitutes a partial moment of an already operative movement of totalization that makes them and then goes beyond them.","For the ‘dogmatic dialectic’, as he describes dialectical materialism, the whole question naturally poses no problem, for each person or group simply constitutes a partial moment of an already operative movement of totalization that creates them and then goes beyond them.",produces,makes,creates,233,241,238,240,them,and,then, them and then,"For the ‘dogmatic dialectic’, as he describes dialectical materialism, the whole question naturally poses no problem, for each person or group simply constitutes a partial moment of an already operative movement of totalization that produces them and then","For the ‘dogmatic dialectic’, as he describes dialectical materialism, the whole question naturally poses no problem, for each person or group simply constitutes a partial moment of an already operative movement of totalization that makes them and then","For the ‘dogmatic dialectic’, as he describes dialectical materialism, the whole question naturally poses no problem, for each person or group simply constitutes a partial moment of an already operative movement of totalization that creates them and then"
munch-judgement-1473,1473,10368,cty-fragment03-514,ACPROSE,-0.088,"The products of a conflict, as well as its residues, may seem incomprehensible insofar as they differ from the original intentions of any of the combatants.","The results of a conflict, as well as its residues, may seem incomprehensible insofar as they differ from the original intentions of any of the combatants.","The merchandise of a conflict, as well as its residues, may seem incomprehensible insofar as they differ from the original intentions of any of the combatants.",products,results,merchandise,4,12,11,15,of,a,"conflict,"," of a conflict,","The products of a conflict,","The results of a conflict,","The merchandise of a conflict,"
munch-judgement-1474,1474,10368,cty-fragment03-514,ACPROSE,-0.088,"The products of a conflict, as well as its residues, may seem incomprehensible insofar as they differ from the original intentions of any of the combatants.","The results of a conflict, as well as its residues, may seem incomprehensible insofar as they differ from the original intentions of any of the combatants.","The wares of a conflict, as well as its residues, may seem incomprehensible insofar as they differ from the original intentions of any of the combatants.",products,results,wares,4,12,11,9,of,a,"conflict,"," of a conflict,","The products of a conflict,","The results of a conflict,","The wares of a conflict,"
munch-judgement-1476,1476,10371,cty-fragment03-516,ACPROSE,0.061,Dialectical reason encounters such products as undecidables:,Dialectical reason detects such products as undecidables:,Dialectical reason meets such products as undecidables:,encounters,detects,meets,19,29,26,24,such,products,as, such products as,Dialectical reason encounters such products as,Dialectical reason detects such products as,Dialectical reason meets such products as
munch-judgement-1477,1477,10376,cty-fragment03-517,ACPROSE,-0.086,aporias — because they seem to be at once the results of a communal enterprise while at the same time bearing witness to the fact that this enterprise never existed except as the inhuman reverse side of two opposed actions in which each aims to destroy the other.,aporias — because they seem to be at once the results of a communal enterprise while at the same time bearing witness to the fact that this enterprise never existed except as the inhuman reverse side of two opposed actions in which each tries to destroy the other.,aporias — because they seem to be at once the results of a communal enterprise while at the same time bearing witness to the fact that this enterprise never existed except as the inhuman reverse side of two opposed actions in which each trains to destroy the other.,aims,tries,trains,237,241,242,243,to,destroy,the, to destroy the,aporias — because they seem to be at once the results of a communal enterprise while at the same time bearing witness to the fact that this enterprise never existed except as the inhuman reverse side of two opposed actions in which each aims to destroy the,aporias — because they seem to be at once the results of a communal enterprise while at the same time bearing witness to the fact that this enterprise never existed except as the inhuman reverse side of two opposed actions in which each tries to destroy the,aporias — because they seem to be at once the results of a communal enterprise while at the same time bearing witness to the fact that this enterprise never existed except as the inhuman reverse side of two opposed actions in which each trains to destroy the
munch-judgement-1478,1478,10376,cty-fragment03-517,ACPROSE,-0.086,aporias — because they seem to be at once the results of a communal enterprise while at the same time bearing witness to the fact that this enterprise never existed except as the inhuman reverse side of two opposed actions in which each aims to destroy the other.,aporias — because they seem to be at once the results of a communal enterprise while at the same time bearing witness to the fact that this enterprise never existed except as the inhuman reverse side of two opposed actions in which each seeks to destroy the other.,aporias — because they seem to be at once the results of a communal enterprise while at the same time bearing witness to the fact that this enterprise never existed except as the inhuman reverse side of two opposed actions in which each trains to destroy the other.,aims,seeks,trains,237,241,242,243,to,destroy,the, to destroy the,aporias — because they seem to be at once the results of a communal enterprise while at the same time bearing witness to the fact that this enterprise never existed except as the inhuman reverse side of two opposed actions in which each aims to destroy the,aporias — because they seem to be at once the results of a communal enterprise while at the same time bearing witness to the fact that this enterprise never existed except as the inhuman reverse side of two opposed actions in which each seeks to destroy the,aporias — because they seem to be at once the results of a communal enterprise while at the same time bearing witness to the fact that this enterprise never existed except as the inhuman reverse side of two opposed actions in which each trains to destroy the
munch-judgement-1480,1480,10378,cty-fragment03-518,ACPROSE,0.355,"In the dialectical perspective, we encounter these objects as productions which are human and provided with a future … thus they seem by themselves to be totalizations in process.","In the dialectical view, we encounter these objects as productions which are human and provided with a future … thus they seem by themselves to be totalizations in process.","In the dialectical appearance, we encounter these objects as productions which are human and provided with a future … thus they seem by themselves to be totalizations in process.",perspective,view,appearance,19,30,23,29,we,encounter,these,", we encounter these","In the dialectical perspective, we encounter these","In the dialectical view, we encounter these","In the dialectical appearance, we encounter these"
munch-judgement-1481,1481,10379,cty-fragment03-518,ACPROSE,0.094,"In the dialectical perspective, we encounter these objects as productions which are human and provided with a future … thus they seem by themselves to be totalizations in process.","In the dialectical perspective, we experience these objects as productions which are human and provided with a future … thus they seem by themselves to be totalizations in process.","In the dialectical perspective, we meet these objects as productions which are human and provided with a future … thus they seem by themselves to be totalizations in process.",encounter,experience,meet,35,44,45,39,these,objects,as, these objects as,"In the dialectical perspective, we encounter these objects as","In the dialectical perspective, we experience these objects as","In the dialectical perspective, we meet these objects as"
munch-judgement-1482,1482,10379,cty-fragment03-518,ACPROSE,0.094,"In the dialectical perspective, we encounter these objects as productions which are human and provided with a future … thus they seem by themselves to be totalizations in process.","In the dialectical perspective, we experience these objects as productions which are human and provided with a future … thus they seem by themselves to be totalizations in process.","In the dialectical perspective, we see these objects as productions which are human and provided with a future … thus they seem by themselves to be totalizations in process.",encounter,experience,see,35,44,45,38,these,objects,as, these objects as,"In the dialectical perspective, we encounter these objects as","In the dialectical perspective, we experience these objects as","In the dialectical perspective, we see these objects as"
munch-judgement-1484,1484,10381,cty-fragment03-520,ACPROSE,-0.118,"This means that first, they lead to results, and second, that the internal structure of social objects contains ‘the double negation of themselves and of each constituent part by the other’ (II, 22).","This suggests that first, they lead to results, and second, that the internal structure of social objects contains ‘the double negation of themselves and of each constituent part by the other’ (II, 22).","This intends that first, they lead to results, and second, that the internal structure of social objects contains ‘the double negation of themselves and of each constituent part by the other’ (II, 22).",means,suggests,intends,5,10,13,12,that,"first,",they," that first, they","This means that first, they","This suggests that first, they","This intends that first, they"
munch-judgement-1485,1485,10403,cty-fragment03-523,ACPROSE,0.139,"In the context of the negativity of this formulation, Sartre is obliged to pose once again the problem of whether there can be a totalization, without any independent totalizer or totalizing force such as the dialectic, or whether the structure of negation that he has described means that, as for Adorno or Bakhtin, history does not develop positively but, rather, negatively, and is therefore instead detotalizing:","In the context of the negativity of this formulation, Sartre is obliged to pose once again the problem of whether there can be a totalization, without any independent totalizer or totalizing power such as the dialectic, or whether the structure of negation that he has described means that, as for Adorno or Bakhtin, history does not develop positively but, rather, negatively, and is therefore instead detotalizing:","In the context of the negativity of this formulation, Sartre is obliged to pose once again the problem of whether there can be a totalization, without any independent totalizer or totalizing strength such as the dialectic, or whether the structure of negation that he has described means that, as for Adorno or Bakhtin, history does not develop positively but, rather, negatively, and is therefore instead detotalizing:",force,power,strength,191,196,196,199,such,as,the, such as the,"In the context of the negativity of this formulation, Sartre is obliged to pose once again the problem of whether there can be a totalization, without any independent totalizer or totalizing force such as the","In the context of the negativity of this formulation, Sartre is obliged to pose once again the problem of whether there can be a totalization, without any independent totalizer or totalizing power such as the","In the context of the negativity of this formulation, Sartre is obliged to pose once again the problem of whether there can be a totalization, without any independent totalizer or totalizing strength such as the"
munch-judgement-1486,1486,10403,cty-fragment03-523,ACPROSE,0.139,"In the context of the negativity of this formulation, Sartre is obliged to pose once again the problem of whether there can be a totalization, without any independent totalizer or totalizing force such as the dialectic, or whether the structure of negation that he has described means that, as for Adorno or Bakhtin, history does not develop positively but, rather, negatively, and is therefore instead detotalizing:","In the context of the negativity of this formulation, Sartre is obliged to pose once again the problem of whether there can be a totalization, without any independent totalizer or totalizing influence such as the dialectic, or whether the structure of negation that he has described means that, as for Adorno or Bakhtin, history does not develop positively but, rather, negatively, and is therefore instead detotalizing:","In the context of the negativity of this formulation, Sartre is obliged to pose once again the problem of whether there can be a totalization, without any independent totalizer or totalizing strength such as the dialectic, or whether the structure of negation that he has described means that, as for Adorno or Bakhtin, history does not develop positively but, rather, negatively, and is therefore instead detotalizing:",force,influence,strength,191,196,200,199,such,as,the, such as the,"In the context of the negativity of this formulation, Sartre is obliged to pose once again the problem of whether there can be a totalization, without any independent totalizer or totalizing force such as the","In the context of the negativity of this formulation, Sartre is obliged to pose once again the problem of whether there can be a totalization, without any independent totalizer or totalizing influence such as the","In the context of the negativity of this formulation, Sartre is obliged to pose once again the problem of whether there can be a totalization, without any independent totalizer or totalizing strength such as the"
munch-judgement-1488,1488,10446,cty-fragment03-531,ACPROSE,0.625,"That means both that there is a dialectical meaning of the practical ensemble … and that each singular event totalizes in itself the practical ensemble in the infinite richness of its singularity’ (II, 26).","That means both that there is a dialectical meaning of the practical ensemble … and that each singular event totalizes in itself the practical ensemble in the infinite beauty of its singularity’ (II, 26).","That means both that there is a dialectical meaning of the practical ensemble … and that each singular event totalizes in itself the practical ensemble in the infinite fertility of its singularity’ (II, 26).",richness,beauty,fertility,168,176,174,177,of,its,singularity’, of its singularity’,That means both that there is a dialectical meaning of the practical ensemble … and that each singular event totalizes in itself the practical ensemble in the infinite richness of its singularity’,That means both that there is a dialectical meaning of the practical ensemble … and that each singular event totalizes in itself the practical ensemble in the infinite beauty of its singularity’,That means both that there is a dialectical meaning of the practical ensemble … and that each singular event totalizes in itself the practical ensemble in the infinite fertility of its singularity’
munch-judgement-1489,1489,10479,cty-fragment03-539,ACPROSE,-0.111,"Its totalization takes place through its incarnation, as part of the totality of boxing, in the overall framework within which each individual fight occurs.","Its totalization takes place through its incarnation, as piece of the totality of boxing, in the overall framework within which each individual fight occurs.","Its totalization takes place through its incarnation, as portion of the totality of boxing, in the overall framework within which each individual fight occurs.",part,piece,portion,57,61,62,64,of,the,totality, of the totality,"Its totalization takes place through its incarnation, as part of the totality","Its totalization takes place through its incarnation, as piece of the totality","Its totalization takes place through its incarnation, as portion of the totality"
munch-judgement-1491,1491,10490,cty-fragment03-542,ACPROSE,-0.061,"By totalization, therefore, Sartre does not here mean anything like a predetermined end or final closure of a totality but rather a process of mediation among the parts, where each is determined by the other.","By totalization, therefore, Sartre does not here mean anything like a predetermined end or final closure of a totality but rather a process of negotiation among the parts, where each is determined by the other.","By totalization, therefore, Sartre does not here mean anything like a predetermined end or final closure of a totality but rather a process of dialogue among the parts, where each is determined by the other.",mediation,negotiation,dialogue,143,152,154,151,among,the,"parts,"," among the parts,","By totalization, therefore, Sartre does not here mean anything like a predetermined end or final closure of a totality but rather a process of mediation among the parts,","By totalization, therefore, Sartre does not here mean anything like a predetermined end or final closure of a totality but rather a process of negotiation among the parts,","By totalization, therefore, Sartre does not here mean anything like a predetermined end or final closure of a totality but rather a process of dialogue among the parts,"
munch-judgement-1492,1492,10490,cty-fragment03-542,ACPROSE,-0.061,"By totalization, therefore, Sartre does not here mean anything like a predetermined end or final closure of a totality but rather a process of mediation among the parts, where each is determined by the other.","By totalization, therefore, Sartre does not here mean anything like a predetermined end or final closure of a totality but rather a process of negotiation among the parts, where each is determined by the other.","By totalization, therefore, Sartre does not here mean anything like a predetermined end or final closure of a totality but rather a process of talks among the parts, where each is determined by the other.",mediation,negotiation,talks,143,152,154,148,among,the,"parts,"," among the parts,","By totalization, therefore, Sartre does not here mean anything like a predetermined end or final closure of a totality but rather a process of mediation among the parts,","By totalization, therefore, Sartre does not here mean anything like a predetermined end or final closure of a totality but rather a process of negotiation among the parts,","By totalization, therefore, Sartre does not here mean anything like a predetermined end or final closure of a totality but rather a process of talks among the parts,"
munch-judgement-1494,1494,10491,cty-fragment03-542,ACPROSE,-0.1,"By totalization, therefore, Sartre does not here mean anything like a predetermined end or final closure of a totality but rather a process of mediation among the parts, where each is determined by the other.","By totalization, therefore, Sartre does not here mean anything like a predetermined end or final closure of a totality but rather a process of mediation among the constituents, where each is determined by the other.","By totalization, therefore, Sartre does not here mean anything like a predetermined end or final closure of a totality but rather a process of mediation among the portions, where each is determined by the other.",parts,constituents,portions,163,168,175,171,where,each,is,", where each is","By totalization, therefore, Sartre does not here mean anything like a predetermined end or final closure of a totality but rather a process of mediation among the parts, where each is","By totalization, therefore, Sartre does not here mean anything like a predetermined end or final closure of a totality but rather a process of mediation among the constituents, where each is","By totalization, therefore, Sartre does not here mean anything like a predetermined end or final closure of a totality but rather a process of mediation among the portions, where each is"
munch-judgement-1495,1495,10495,cty-fragment03-543,ACPROSE,0.0,"No one can predict the future of boxing, either at the level of particular victories or defeats, in effect a structure of repetition, nor at the more general level of possible modifications or developments of the sport.","No one can predict the future of boxing, either at the level of particular victories or defeats, in effect a system of repetition, nor at the more general level of possible modifications or developments of the sport.","No one can predict the future of boxing, either at the level of particular victories or defeats, in effect a construction of repetition, nor at the more general level of possible modifications or developments of the sport.",structure,system,construction,109,118,115,121,of,"repetition,",nor," of repetition, nor","No one can predict the future of boxing, either at the level of particular victories or defeats, in effect a structure of repetition, nor","No one can predict the future of boxing, either at the level of particular victories or defeats, in effect a system of repetition, nor","No one can predict the future of boxing, either at the level of particular victories or defeats, in effect a construction of repetition, nor"
